timestamp,cpu_usage
2024-01-01 00:00:00,32.67547901937023
2024-01-01 00:01:00,33.001360158016254
2024-01-01 00:02:00,33.45885123234993
2024-01-01 00:03:00,34.610937934284884
2024-01-01 00:04:00,32.96839094484058
2024-01-01 00:05:00,34.077031135131755
2024-01-01 00:06:00,36.26279698991414
2024-01-01 00:07:00,35.787982938878415
2024-01-01 00:08:00,38.99667048479538
2024-01-01 00:09:00,43.67580224094731
2024-01-01 00:10:00,42.31927570650231
2024-01-01 00:11:00,43.09448972640914
2024-01-01 00:12:00,42.292335798351594
2024-01-01 00:13:00,44.31667247812841
2024-01-01 00:14:00,44.55258561061161
2024-01-01 00:15:00,47.77414277489176
2024-01-01 00:16:00,46.658878242053305
2024-01-01 00:17:00,49.40379450078899
2024-01-01 00:18:00,48.657123964137746
2024-01-01 00:19:00,49.75053907644968
2024-01-01 00:20:00,52.05311058670348
2024-01-01 00:21:00,45.53283226121525
2024-01-01 00:22:00,50.433521665385086
2024-01-01 00:23:00,47.92654005825075
2024-01-01 00:24:00,46.52829218090251
2024-01-01 00:25:00,48.40683515180422
2024-01-01 00:26:00,50.54411884781194
2024-01-01 00:27:00,50.004062847121055
2024-01-01 00:28:00,47.202965292833696
2024-01-01 00:29:00,50.206109513111365
2024-01-01 00:30:00,44.75063025385022
2024-01-01 00:31:00,45.90789945384804
2024-01-01 00:32:00,48.981078933696544
2024-01-01 00:33:00,45.47806316566436
2024-01-01 00:34:00,48.439668736467375
2024-01-01 00:35:00,87.353488919146
2024-01-01 00:36:00,41.17359299838363
2024-01-01 00:37:00,45.554191647277264
2024-01-01 00:38:00,43.1521595834524
2024-01-01 00:39:00,43.23624376743638
2024-01-01 00:40:00,39.12383437177193
2024-01-01 00:41:00,39.28344625130096
2024-01-01 00:42:00,38.16477647254359
2024-01-01 00:43:00,38.849873386986005
2024-01-01 00:44:00,39.948831212192644
2024-01-01 00:45:00,34.81856154044829
2024-01-01 00:46:00,33.00514886801839
2024-01-01 00:47:00,34.371209160787245
2024-01-01 00:48:00,33.72665251254928
2024-01-01 00:49:00,29.663146457398426
2024-01-01 00:50:00,30.390505692680488
2024-01-01 00:51:00,28.966737136343042
2024-01-01 00:52:00,28.855641432546367
2024-01-01 00:53:00,27.39839567269545
2024-01-01 00:54:00,25.261301817877484
2024-01-01 00:55:00,23.40487358095475
2024-01-01 00:56:00,23.838075418224022
2024-01-01 00:57:00,19.67353763174408
2024-01-01 00:58:00,20.168022841530576
2024-01-01 00:59:00,17.428288225610935
2024-01-01 01:00:00,17.929725645603536
2024-01-01 01:01:00,16.45766160453884
2024-01-01 01:02:00,16.303295986944033
2024-01-01 01:03:00,13.959190705405032
2024-01-01 01:04:00,13.47661527192357
2024-01-01 01:05:00,15.704739801509776
2024-01-01 01:06:00,8.52210428043566
2024-01-01 01:07:00,13.489041453772323
2024-01-01 01:08:00,13.466403242617655
2024-01-01 01:09:00,9.979629863621057
2024-01-01 01:10:00,13.184275452194889
2024-01-01 01:11:00,14.406915787875315
2024-01-01 01:12:00,10.479287569874796
2024-01-01 01:13:00,11.573408465788805
2024-01-01 01:14:00,11.575156680030693
2024-01-01 01:15:00,10.542808512855668
2024-01-01 01:16:00,7.148841576286797
2024-01-01 01:17:00,11.837379932784579
2024-01-01 01:18:00,6.601241729252883
2024-01-01 01:19:00,9.194109576996706
2024-01-01 01:20:00,9.291107172264235
2024-01-01 01:21:00,11.622909426882698
2024-01-01 01:22:00,10.867912770373046
2024-01-01 01:23:00,12.00986439455382
2024-01-01 01:24:00,15.754942170064842
2024-01-01 01:25:00,16.868139914545235
2024-01-01 01:26:00,14.119002359472146
2024-01-01 01:27:00,16.76590445767083
2024-01-01 01:28:00,18.07158305357944
2024-01-01 01:29:00,17.066546367089025
2024-01-01 01:30:00,17.79718028780438
2024-01-01 01:31:00,17.442362349617493
2024-01-01 01:32:00,19.70558309431379
2024-01-01 01:33:00,22.317107109699847
2024-01-01 01:34:00,25.51755270656058
2024-01-01 01:35:00,21.873422671562622
2024-01-01 01:36:00,28.146060800470973
2024-01-01 01:37:00,28.73929625539755
2024-01-01 01:38:00,28.334573236135228
2024-01-01 01:39:00,27.9895273464139
2024-01-01 01:40:00,28.045591170972603
2024-01-01 01:41:00,29.473529390908507
2024-01-01 01:42:00,65.25543572752315
2024-01-01 01:43:00,35.19613609131321
2024-01-01 01:44:00,39.741396406064226
2024-01-01 01:45:00,34.347314475824255
2024-01-01 01:46:00,38.58206000351545
2024-01-01 01:47:00,39.95193326362943
2024-01-01 01:48:00,41.775411906453314
2024-01-01 01:49:00,36.89471819693243
2024-01-01 01:50:00,42.85599582525238
2024-01-01 01:51:00,41.048114131942185
2024-01-01 01:52:00,42.96108019777538
2024-01-01 01:53:00,41.263537208240685
2024-01-01 01:54:00,46.834873548041536
2024-01-01 01:55:00,46.014573714098944
2024-01-01 01:56:00,49.05080694997172
2024-01-01 01:57:00,44.19275313956231
2024-01-01 01:58:00,50.11816959243776
2024-01-01 01:59:00,46.294163504735856
2024-01-01 02:00:00,50.429424912381826
2024-01-01 02:01:00,47.7247656273492
2024-01-01 02:02:00,50.829794945992234
2024-01-01 02:03:00,46.83423753931115
2024-01-01 02:04:00,52.222525901342195
2024-01-01 02:05:00,48.335220408340554
2024-01-01 02:06:00,50.00233396705675
2024-01-01 02:07:00,97.7416135142433
2024-01-01 02:08:00,53.58878343151092
2024-01-01 02:09:00,50.49195570049401
2024-01-01 02:10:00,48.814513414453685
2024-01-01 02:11:00,47.15060856073946
2024-01-01 02:12:00,45.45656296996305
2024-01-01 02:13:00,46.796321041128735
2024-01-01 02:14:00,50.74066880203955
2024-01-01 02:15:00,41.751421772030284
2024-01-01 02:16:00,79.29038196805863
2024-01-01 02:17:00,45.12375658587518
2024-01-01 02:18:00,42.46548285961841
2024-01-01 02:19:00,85.41471798718392
2024-01-01 02:20:00,43.96613084604932
2024-01-01 02:21:00,44.26413381732071
2024-01-01 02:22:00,39.50517285067531
2024-01-01 02:23:00,38.72950610981456
2024-01-01 02:24:00,35.28804189544192
2024-01-01 02:25:00,33.50353238702924
2024-01-01 02:26:00,36.20749204744645
2024-01-01 02:27:00,29.26068214639096
2024-01-01 02:28:00,30.50701053959258
2024-01-01 02:29:00,61.12415656377131
2024-01-01 02:30:00,31.047759024256372
2024-01-01 02:31:00,29.44710208894294
2024-01-01 02:32:00,31.566993328767932
2024-01-01 02:33:00,20.859967598487792
2024-01-01 02:34:00,21.96447036675189
2024-01-01 02:35:00,64.16293514346572
2024-01-01 02:36:00,20.378024788198278
2024-01-01 02:37:00,18.420717222826973
2024-01-01 02:38:00,16.092266893747652
2024-01-01 02:39:00,19.96725518923841
2024-01-01 02:40:00,21.24281147605865
2024-01-01 02:41:00,13.763868592875983
2024-01-01 02:42:00,14.674462007016663
2024-01-01 02:43:00,17.746289360247896
2024-01-01 02:44:00,16.30701832367055
2024-01-01 02:45:00,14.653800956299596
2024-01-01 02:46:00,11.561694982924177
2024-01-01 02:47:00,13.593442325817717
2024-01-01 02:48:00,14.874061521464327
2024-01-01 02:49:00,14.32740333961393
2024-01-01 02:50:00,8.999106719933268
2024-01-01 02:51:00,11.597505210142836
2024-01-01 02:52:00,41.40909941728598
2024-01-01 02:53:00,46.039729187737684
2024-01-01 02:54:00,8.874816653050269
2024-01-01 02:55:00,8.552898596304109
2024-01-01 02:56:00,9.713138805416081
2024-01-01 02:57:00,8.899885999754272
2024-01-01 02:58:00,12.083797743910248
2024-01-01 02:59:00,7.900820239589332
2024-01-01 03:00:00,50.63278485747958
2024-01-01 03:01:00,12.097698599421914
2024-01-01 03:02:00,10.164556482332673
2024-01-01 03:03:00,15.284788686527857
2024-01-01 03:04:00,12.409055847877587
2024-01-01 03:05:00,9.994963107766676
2024-01-01 03:06:00,15.938899222075994
2024-01-01 03:07:00,16.90755857966349
2024-01-01 03:08:00,52.14751633056506
2024-01-01 03:09:00,16.3353048767051
2024-01-01 03:10:00,19.369975853881943
2024-01-01 03:11:00,19.43212677714002
2024-01-01 03:12:00,17.04470304437703
2024-01-01 03:13:00,21.827642555538652
2024-01-01 03:14:00,20.86386677063862
2024-01-01 03:15:00,24.439474728617242
2024-01-01 03:16:00,24.340572519453517
2024-01-01 03:17:00,66.31327909335124
2024-01-01 03:18:00,72.41702136066155
2024-01-01 03:19:00,28.097627657081713
2024-01-01 03:20:00,34.637129891997986
2024-01-01 03:21:00,35.47480580149975
2024-01-01 03:22:00,30.28401240990975
2024-01-01 03:23:00,37.50211111918708
2024-01-01 03:24:00,34.24067983472292
2024-01-01 03:25:00,32.86646810269337
2024-01-01 03:26:00,40.988243978670056
2024-01-01 03:27:00,37.33839253405199
2024-01-01 03:28:00,38.821069470522005
2024-01-01 03:29:00,42.35533463493009
2024-01-01 03:30:00,41.551331002457296
2024-01-01 03:31:00,44.701848139155594
2024-01-01 03:32:00,46.2467948805575
2024-01-01 03:33:00,44.12164437646277
2024-01-01 03:34:00,47.93273219956629
2024-01-01 03:35:00,45.7167510099216
2024-01-01 03:36:00,47.53204418634044
2024-01-01 03:37:00,46.459148821860715
2024-01-01 03:38:00,51.41226566925496
2024-01-01 03:39:00,47.98409673296142
2024-01-01 03:40:00,49.502906235694105
2024-01-01 03:41:00,49.641603823831275
2024-01-01 03:42:00,49.46057599674882
2024-01-01 03:43:00,48.42781631198071
2024-01-01 03:44:00,47.373589174257006
2024-01-01 03:45:00,51.702846878809844
2024-01-01 03:46:00,50.98321996154679
2024-01-01 03:47:00,51.175852578176766
2024-01-01 03:48:00,47.8770067760388
2024-01-01 03:49:00,46.45372160658865
2024-01-01 03:50:00,45.751297999475405
2024-01-01 03:51:00,96.72668688210429
2024-01-01 03:52:00,48.68127064928252
2024-01-01 03:53:00,48.8408908522662
2024-01-01 03:54:00,43.223776549559105
2024-01-01 03:55:00,44.9093395012434
2024-01-01 03:56:00,47.251862197696845
2024-01-01 03:57:00,44.20566665212261
2024-01-01 03:58:00,40.68998584329531
2024-01-01 03:59:00,42.643177706050466
2024-01-01 04:00:00,40.832457372069676
2024-01-01 04:01:00,41.745123142490016
2024-01-01 04:02:00,39.82639544813865
2024-01-01 04:03:00,40.45596626721811
2024-01-01 04:04:00,72.78135671324861
2024-01-01 04:05:00,34.648439212716546
2024-01-01 04:06:00,37.328686642941456
2024-01-01 04:07:00,35.2039119795961
2024-01-01 04:08:00,32.27688896533652
2024-01-01 04:09:00,31.068922337837698
2024-01-01 04:10:00,30.337105836965474
2024-01-01 04:11:00,33.176377790832646
2024-01-01 04:12:00,29.289467698273125
2024-01-01 04:13:00,24.824557479915725
2024-01-01 04:14:00,26.36284810360038
2024-01-01 04:15:00,21.585216516303028
2024-01-01 04:16:00,23.504962375965512
2024-01-01 04:17:00,21.319046630242653
2024-01-01 04:18:00,18.77152170398917
2024-01-01 04:19:00,18.616048419065912
2024-01-01 04:20:00,19.32195019819559
2024-01-01 04:21:00,17.169557556465815
2024-01-01 04:22:00,19.477237557828193
2024-01-01 04:23:00,50.1920039362838
2024-01-01 04:24:00,56.852939629067166
2024-01-01 04:25:00,17.015087108516905
2024-01-01 04:26:00,11.332713594142316
2024-01-01 04:27:00,8.965396638713433
2024-01-01 04:28:00,12.839601771505977
2024-01-01 04:29:00,8.875406342735422
2024-01-01 04:30:00,54.94646624093407
2024-01-01 04:31:00,9.236617548005633
2024-01-01 04:32:00,8.735857153905464
2024-01-01 04:33:00,9.63507217464893
2024-01-01 04:34:00,11.88298871476307
2024-01-01 04:35:00,10.459445624859924
2024-01-01 04:36:00,10.609697870635756
2024-01-01 04:37:00,12.072930632779249
2024-01-01 04:38:00,6.026459885250528
2024-01-01 04:39:00,7.1662172709469685
2024-01-01 04:40:00,43.41004690514868
2024-01-01 04:41:00,7.98407892077018
2024-01-01 04:42:00,13.414232726184853
2024-01-01 04:43:00,13.49233295111504
2024-01-01 04:44:00,12.037417190943358
2024-01-01 04:45:00,10.554970338773
2024-01-01 04:46:00,17.999995075490613
2024-01-01 04:47:00,62.54994870467761
2024-01-01 04:48:00,16.25519858620941
2024-01-01 04:49:00,17.66410429910905
2024-01-01 04:50:00,20.42723772720005
2024-01-01 04:51:00,20.294065286623688
2024-01-01 04:52:00,16.642680023074067
2024-01-01 04:53:00,24.099766026248666
2024-01-01 04:54:00,65.58466823935188
2024-01-01 04:55:00,26.062064599677825
2024-01-01 04:56:00,24.74877304410488
2024-01-01 04:57:00,31.129997329607743
2024-01-01 04:58:00,24.05882110005591
2024-01-01 04:59:00,32.24639721530751
2024-01-01 05:00:00,31.216933613542036
2024-01-01 05:01:00,30.10924883465965
2024-01-01 05:02:00,33.189797859096544
2024-01-01 05:03:00,32.554314170045934
2024-01-01 05:04:00,32.74045647593981
2024-01-01 05:05:00,37.028117152808974
2024-01-01 05:06:00,39.84717895867049
2024-01-01 05:07:00,37.72074106247491
2024-01-01 05:08:00,40.45637842337278
2024-01-01 05:09:00,36.20644658734114
2024-01-01 05:10:00,43.93045746369716
2024-01-01 05:11:00,39.98517013064016
2024-01-01 05:12:00,47.24033079654348
2024-01-01 05:13:00,45.99001824592544
2024-01-01 05:14:00,42.57569251699683
2024-01-01 05:15:00,44.55640935654142
2024-01-01 05:16:00,48.39626337741642
2024-01-01 05:17:00,46.204189499876314
2024-01-01 05:18:00,49.24293228106337
2024-01-01 05:19:00,47.530328317683825
2024-01-01 05:20:00,49.09285263536474
2024-01-01 05:21:00,48.29164931978191
2024-01-01 05:22:00,51.95800468415157
2024-01-01 05:23:00,53.60302599787776
2024-01-01 05:24:00,46.37942193645852
2024-01-01 05:25:00,53.30741115642567
2024-01-01 05:26:00,90.31611353345956
2024-01-01 05:27:00,51.55322235353741
2024-01-01 05:28:00,46.149904539352335
2024-01-01 05:29:00,50.12264363180885
2024-01-01 05:30:00,50.79101529578238
2024-01-01 05:31:00,48.44476850669853
2024-01-01 05:32:00,46.903675334296736
2024-01-01 05:33:00,43.88393979722423
2024-01-01 05:34:00,48.217194852370966
2024-01-01 05:35:00,44.053910075739
2024-01-01 05:36:00,48.80086372352768
2024-01-01 05:37:00,43.983973907718294
2024-01-01 05:38:00,43.25820526309088
2024-01-01 05:39:00,40.9243851481095
2024-01-01 05:40:00,38.18057621245377
2024-01-01 05:41:00,41.612693616421986
2024-01-01 05:42:00,39.47112041283595
2024-01-01 05:43:00,38.1155117667201
2024-01-01 05:44:00,36.939786386704995
2024-01-01 05:45:00,37.27538080831055
2024-01-01 05:46:00,33.569227827891694
2024-01-01 05:47:00,34.173163637681036
2024-01-01 05:48:00,35.599310571517
2024-01-01 05:49:00,29.359656164528943
2024-01-01 05:50:00,30.573436001815576
2024-01-01 05:51:00,28.871059569914934
2024-01-01 05:52:00,29.625556152838058
2024-01-01 05:53:00,23.222547796306362
2024-01-01 05:54:00,25.394382733787822
2024-01-01 05:55:00,24.376592719494724
2024-01-01 05:56:00,22.133188055186036
2024-01-01 05:57:00,18.43719678087116
2024-01-01 05:58:00,23.88579370808956
2024-01-01 05:59:00,20.321679022081447
2024-01-01 06:00:00,16.726231396433867
2024-01-01 06:01:00,17.83145973433215
2024-01-01 06:02:00,16.82801247976792
2024-01-01 06:03:00,13.117944656844388
2024-01-01 06:04:00,18.484840717711023
2024-01-01 06:05:00,10.635504763529775
2024-01-01 06:06:00,10.501322212617946
2024-01-01 06:07:00,10.580819974710217
2024-01-01 06:08:00,12.946010084644985
2024-01-01 06:09:00,15.11631749379562
2024-01-01 06:10:00,10.859089559463259
2024-01-01 06:11:00,9.120537830598526
2024-01-01 06:12:00,11.38027662834545
2024-01-01 06:13:00,10.242204704002013
2024-01-01 06:14:00,10.1607962083207
2024-01-01 06:15:00,9.0209660182049
2024-01-01 06:16:00,11.308939251684299
2024-01-01 06:17:00,8.050138740360117
2024-01-01 06:18:00,15.020502437239838
2024-01-01 06:19:00,12.828834252062205
2024-01-01 06:20:00,7.982353717127248
2024-01-01 06:21:00,13.65400854336724
2024-01-01 06:22:00,11.62811544329269
2024-01-01 06:23:00,9.618141438957666
2024-01-01 06:24:00,14.249664504906548
2024-01-01 06:25:00,16.52668637873131
2024-01-01 06:26:00,15.54899381231332
2024-01-01 06:27:00,13.971456885183219
2024-01-01 06:28:00,14.698809223681565
2024-01-01 06:29:00,14.674890329980236
2024-01-01 06:30:00,17.91930475414698
2024-01-01 06:31:00,17.47761779147028
2024-01-01 06:32:00,19.910182904428765
2024-01-01 06:33:00,20.90340014493375
2024-01-01 06:34:00,18.67943170833267
2024-01-01 06:35:00,24.533826125560505
2024-01-01 06:36:00,22.032328060066277
2024-01-01 06:37:00,24.89559000694638
2024-01-01 06:38:00,29.17175225160643
2024-01-01 06:39:00,28.474491347881663
2024-01-01 06:40:00,28.83112255534068
2024-01-01 06:41:00,34.638411330832156
2024-01-01 06:42:00,65.72751022476744
2024-01-01 06:43:00,33.120623934920964
2024-01-01 06:44:00,66.57681007529794
2024-01-01 06:45:00,37.84893736799783
2024-01-01 06:46:00,38.59638192612769
2024-01-01 06:47:00,39.69329036013706
2024-01-01 06:48:00,39.00990191082134
2024-01-01 06:49:00,41.118727299797406
2024-01-01 06:50:00,45.81639650412384
2024-01-01 06:51:00,37.33206881247943
2024-01-01 06:52:00,45.886580052537056
2024-01-01 06:53:00,46.422774475354665
2024-01-01 06:54:00,43.365014870075235
2024-01-01 06:55:00,46.27302216653871
2024-01-01 06:56:00,48.529307929560424
2024-01-01 06:57:00,47.2543751015551
2024-01-01 06:58:00,44.77687021289911
2024-01-01 06:59:00,47.31610123967771
2024-01-01 07:00:00,50.57476724634641
2024-01-01 07:01:00,47.71934227586836
2024-01-01 07:02:00,54.58196514104901
2024-01-01 07:03:00,48.57864862880366
2024-01-01 07:04:00,51.21976690123417
2024-01-01 07:05:00,89.88223964383232
2024-01-01 07:06:00,52.599890685772586
2024-01-01 07:07:00,51.98638054101009
2024-01-01 07:08:00,50.46996205325838
2024-01-01 07:09:00,48.90596584772888
2024-01-01 07:10:00,49.26138405970684
2024-01-01 07:11:00,48.2651431563116
2024-01-01 07:12:00,45.12212798169619
2024-01-01 07:13:00,48.890896719862745
2024-01-01 07:14:00,47.45337064374285
2024-01-01 07:15:00,47.40761061692474
2024-01-01 07:16:00,46.053571435561565
2024-01-01 07:17:00,44.64102658813472
2024-01-01 07:18:00,41.00449821845315
2024-01-01 07:19:00,41.768817024816094
2024-01-01 07:20:00,42.22209978683165
2024-01-01 07:21:00,38.90340503359001
2024-01-01 07:22:00,40.646860110804944
2024-01-01 07:23:00,40.474346857302336
2024-01-01 07:24:00,37.27031515487567
2024-01-01 07:25:00,34.192041947757325
2024-01-01 07:26:00,31.162147248665846
2024-01-01 07:27:00,32.628047366720196
2024-01-01 07:28:00,32.87805012026107
2024-01-01 07:29:00,28.679262181189852
2024-01-01 07:30:00,77.05870659142845
2024-01-01 07:31:00,28.74850429502738
2024-01-01 07:32:00,29.621536203732095
2024-01-01 07:33:00,24.081464932492462
2024-01-01 07:34:00,23.682838737080733
2024-01-01 07:35:00,22.781547597980772
2024-01-01 07:36:00,22.054968090328327
2024-01-01 07:37:00,26.781546913004618
2024-01-01 07:38:00,20.83073718163986
2024-01-01 07:39:00,20.227802081478448
2024-01-01 07:40:00,22.238555542220038
2024-01-01 07:41:00,17.9146958491258
2024-01-01 07:42:00,18.09831901396768
2024-01-01 07:43:00,12.630873467607897
2024-01-01 07:44:00,15.469151823747742
2024-01-01 07:45:00,17.01030687480804
2024-01-01 07:46:00,13.561466022781444
2024-01-01 07:47:00,14.752632324583656
2024-01-01 07:48:00,15.180774704418868
2024-01-01 07:49:00,12.588159002570524
2024-01-01 07:50:00,9.358561112563224
2024-01-01 07:51:00,10.482041961465852
2024-01-01 07:52:00,9.849950357275453
2024-01-01 07:53:00,7.266962004509508
2024-01-01 07:54:00,49.498586093115975
2024-01-01 07:55:00,11.780595009786087
2024-01-01 07:56:00,9.222318871853933
2024-01-01 07:57:00,14.258314951474745
2024-01-01 07:58:00,57.0697167165413
2024-01-01 07:59:00,9.157662383251278
2024-01-01 08:00:00,16.017500359212598
2024-01-01 08:01:00,10.942775556345108
2024-01-01 08:02:00,11.055718535401722
2024-01-01 08:03:00,12.832886411306779
2024-01-01 08:04:00,15.619749081399458
2024-01-01 08:05:00,13.427041744278611
2024-01-01 08:06:00,18.94302802225468
2024-01-01 08:07:00,14.022268787684762
2024-01-01 08:08:00,13.755464185153894
2024-01-01 08:09:00,17.684018349960564
2024-01-01 08:10:00,16.295448984843482
2024-01-01 08:11:00,17.430108691382934
2024-01-01 08:12:00,19.2490631991235
2024-01-01 08:13:00,21.348109255500443
2024-01-01 08:14:00,18.952778640127576
2024-01-01 08:15:00,21.886045503296433
2024-01-01 08:16:00,23.51410983309234
2024-01-01 08:17:00,27.212121331190307
2024-01-01 08:18:00,29.23009730410869
2024-01-01 08:19:00,28.392155232688676
2024-01-01 08:20:00,70.97650939682707
2024-01-01 08:21:00,35.678775798559045
2024-01-01 08:22:00,35.23781907940654
2024-01-01 08:23:00,30.896761106465803
2024-01-01 08:24:00,33.40425535349854
2024-01-01 08:25:00,36.241314117019996
2024-01-01 08:26:00,38.95343396021101
2024-01-01 08:27:00,38.205775563057855
2024-01-01 08:28:00,41.15193960040921
2024-01-01 08:29:00,38.36171793868489
2024-01-01 08:30:00,38.24412175586225
2024-01-01 08:31:00,40.42464232423469
2024-01-01 08:32:00,43.947548124587065
2024-01-01 08:33:00,45.475069483602155
2024-01-01 08:34:00,42.95250399160933
2024-01-01 08:35:00,46.59255548914235
2024-01-01 08:36:00,49.18698548379363
2024-01-01 08:37:00,46.011542062094314
2024-01-01 08:38:00,46.319524790540314
2024-01-01 08:39:00,46.566399218667016
2024-01-01 08:40:00,45.46435969858588
2024-01-01 08:41:00,47.94394542269012
2024-01-01 08:42:00,51.77840535912821
2024-01-01 08:43:00,54.33141385726113
2024-01-01 08:44:00,49.740437253171756
2024-01-01 08:45:00,49.81861775157895
2024-01-01 08:46:00,49.93769878464834
2024-01-01 08:47:00,49.830949486032424
2024-01-01 08:48:00,50.45977939331221
2024-01-01 08:49:00,50.532587872927074
2024-01-01 08:50:00,47.9992455286644
2024-01-01 08:51:00,53.53049922930731
2024-01-01 08:52:00,50.02476455954727
2024-01-01 08:53:00,47.23535668468325
2024-01-01 08:54:00,45.72272617923135
2024-01-01 08:55:00,45.1394122043657
2024-01-01 08:56:00,43.983759908713466
2024-01-01 08:57:00,45.67897730815061
2024-01-01 08:58:00,48.731606378807896
2024-01-01 08:59:00,41.091612390854685
2024-01-01 09:00:00,38.70612114780705
2024-01-01 09:01:00,41.83317039623376
2024-01-01 09:02:00,41.056243260969524
2024-01-01 09:03:00,36.82843019084375
2024-01-01 09:04:00,34.446206778015664
2024-01-01 09:05:00,36.4893778899872
2024-01-01 09:06:00,34.660724600731406
2024-01-01 09:07:00,35.00743537383203
2024-01-01 09:08:00,32.915310793542886
2024-01-01 09:09:00,29.55709372993122
2024-01-01 09:10:00,29.567396539151947
2024-01-01 09:11:00,29.11298666365948
2024-01-01 09:12:00,27.22343926153125
2024-01-01 09:13:00,27.698588842812313
2024-01-01 09:14:00,27.9707998678732
2024-01-01 09:15:00,23.88783640880138
2024-01-01 09:16:00,24.756411289614995
2024-01-01 09:17:00,21.259776794552568
2024-01-01 09:18:00,19.950179202410542
2024-01-01 09:19:00,18.32947015390501
2024-01-01 09:20:00,15.769780970401804
2024-01-01 09:21:00,19.280155650134702
2024-01-01 09:22:00,47.66856004234319
2024-01-01 09:23:00,17.367949545317583
2024-01-01 09:24:00,13.69729792729006
2024-01-01 09:25:00,13.487389909734969
2024-01-01 09:26:00,11.552865773567994
2024-01-01 09:27:00,15.862598215255023
2024-01-01 09:28:00,10.193775924637851
2024-01-01 09:29:00,10.05163634637584
2024-01-01 09:30:00,12.806042683927256
2024-01-01 09:31:00,9.177690748141362
2024-01-01 09:32:00,11.289083169014521
2024-01-01 09:33:00,9.007042802098256
2024-01-01 09:34:00,9.762442975669822
2024-01-01 09:35:00,13.274863803273544
2024-01-01 09:36:00,10.517015807486665
2024-01-01 09:37:00,11.183166548726629
2024-01-01 09:38:00,11.881741702180573
2024-01-01 09:39:00,9.24435932949055
2024-01-01 09:40:00,10.435597589718864
2024-01-01 09:41:00,10.862551264358862
2024-01-01 09:42:00,13.54089547816762
2024-01-01 09:43:00,8.92667180541585
2024-01-01 09:44:00,14.241679986589162
2024-01-01 09:45:00,12.206051227265053
2024-01-01 09:46:00,17.25224599023479
2024-01-01 09:47:00,13.25708509309488
2024-01-01 09:48:00,21.183826808595043
2024-01-01 09:49:00,17.586155425196207
2024-01-01 09:50:00,16.770769991340618
2024-01-01 09:51:00,22.00992501310266
2024-01-01 09:52:00,21.775221349626044
2024-01-01 09:53:00,20.518745223272994
2024-01-01 09:54:00,18.29995524914534
2024-01-01 09:55:00,23.29259533820498
2024-01-01 09:56:00,24.792461172251855
2024-01-01 09:57:00,25.52430888515649
2024-01-01 09:58:00,28.263240824582642
2024-01-01 09:59:00,28.152892688409892
2024-01-01 10:00:00,32.546513252853984
2024-01-01 10:01:00,30.642566423815666
2024-01-01 10:02:00,30.669149914730514
2024-01-01 10:03:00,36.17349725698914
2024-01-01 10:04:00,31.77442051549136
2024-01-01 10:05:00,36.23426012104578
2024-01-01 10:06:00,38.834271654089065
2024-01-01 10:07:00,36.12149962986918
2024-01-01 10:08:00,43.569576052410575
2024-01-01 10:09:00,41.135067751710196
2024-01-01 10:10:00,41.367167568497564
2024-01-01 10:11:00,44.07338546764411
2024-01-01 10:12:00,43.824164458074776
2024-01-01 10:13:00,44.01906170497618
2024-01-01 10:14:00,45.014152280508874
2024-01-01 10:15:00,48.066456950181596
2024-01-01 10:16:00,45.94739833682286
2024-01-01 10:17:00,44.69928892113875
2024-01-01 10:18:00,100.0
2024-01-01 10:19:00,49.266610888524355
2024-01-01 10:20:00,49.666162796801856
2024-01-01 10:21:00,51.26976522854495
2024-01-01 10:22:00,52.69614291176606
2024-01-01 10:23:00,52.07952630564051
2024-01-01 10:24:00,51.698147244313176
2024-01-01 10:25:00,50.36066593066119
2024-01-01 10:26:00,49.305452673157866
2024-01-01 10:27:00,52.89486203159465
2024-01-01 10:28:00,52.14118398880516
2024-01-01 10:29:00,48.92435470320631
2024-01-01 10:30:00,49.239385441992724
2024-01-01 10:31:00,45.15869385131457
2024-01-01 10:32:00,44.40834036059911
2024-01-01 10:33:00,45.102945129953866
2024-01-01 10:34:00,49.602735193853086
2024-01-01 10:35:00,44.216001152734464
2024-01-01 10:36:00,45.61828646916829
2024-01-01 10:37:00,45.129521878312175
2024-01-01 10:38:00,47.204721631935556
2024-01-01 10:39:00,46.25377763646729
2024-01-01 10:40:00,39.87362638247357
2024-01-01 10:41:00,39.85752650120797
2024-01-01 10:42:00,38.914218707450885
2024-01-01 10:43:00,38.55133029608661
2024-01-01 10:44:00,37.13440725371801
2024-01-01 10:45:00,38.21324263636653
2024-01-01 10:46:00,37.4516046468646
2024-01-01 10:47:00,32.56916538484402
2024-01-01 10:48:00,34.708073115124584
2024-01-01 10:49:00,33.78242127314635
2024-01-01 10:50:00,35.94101554860935
2024-01-01 10:51:00,28.033514226969988
2024-01-01 10:52:00,24.733978452451804
2024-01-01 10:53:00,22.492385652704428
2024-01-01 10:54:00,26.35683145220043
2024-01-01 10:55:00,22.878780058458766
2024-01-01 10:56:00,22.170112493246254
2024-01-01 10:57:00,22.301546087147997
2024-01-01 10:58:00,18.88658536568999
2024-01-01 10:59:00,20.066149494986504
2024-01-01 11:00:00,17.118696398082225
2024-01-01 11:01:00,18.094083141099865
2024-01-01 11:02:00,14.773962868316197
2024-01-01 11:03:00,16.09994321576056
2024-01-01 11:04:00,14.886821461692168
2024-01-01 11:05:00,13.986245737021989
2024-01-01 11:06:00,13.045978972701173
2024-01-01 11:07:00,10.484735759676479
2024-01-01 11:08:00,9.700999028261212
2024-01-01 11:09:00,11.314362513478576
2024-01-01 11:10:00,8.259498594117574
2024-01-01 11:11:00,8.332351205248615
2024-01-01 11:12:00,13.513313611375638
2024-01-01 11:13:00,8.508598748017214
2024-01-01 11:14:00,12.589894788265717
2024-01-01 11:15:00,11.383533499161867
2024-01-01 11:16:00,10.669399418301362
2024-01-01 11:17:00,12.350148604246762
2024-01-01 11:18:00,12.532329326637043
2024-01-01 11:19:00,56.498472256826254
2024-01-01 11:20:00,10.475105317430348
2024-01-01 11:21:00,8.991395183901083
2024-01-01 11:22:00,11.951692954224432
2024-01-01 11:23:00,8.751645791298948
2024-01-01 11:24:00,11.84343693397813
2024-01-01 11:25:00,11.991263341950098
2024-01-01 11:26:00,14.28188507254042
2024-01-01 11:27:00,15.573883930619793
2024-01-01 11:28:00,18.34799437169128
2024-01-01 11:29:00,19.11872093197773
2024-01-01 11:30:00,21.407334184601417
2024-01-01 11:31:00,19.389079459984224
2024-01-01 11:32:00,21.404935743814764
2024-01-01 11:33:00,22.251099674718184
2024-01-01 11:34:00,22.077724033363843
2024-01-01 11:35:00,26.411352175939502
2024-01-01 11:36:00,23.52056036263899
2024-01-01 11:37:00,27.042380342070373
2024-01-01 11:38:00,29.82235575015304
2024-01-01 11:39:00,26.921635938828096
2024-01-01 11:40:00,30.214250547835523
2024-01-01 11:41:00,30.664575565908276
2024-01-01 11:42:00,32.4839646670925
2024-01-01 11:43:00,33.597570245890765
2024-01-01 11:44:00,30.673694889920053
2024-01-01 11:45:00,33.623762410798
2024-01-01 11:46:00,38.82997421247555
2024-01-01 11:47:00,40.29797645336393
2024-01-01 11:48:00,37.20977469057814
2024-01-01 11:49:00,38.76058720344764
2024-01-01 11:50:00,38.75526194628742
2024-01-01 11:51:00,41.858712190924976
2024-01-01 11:52:00,47.41777847219551
2024-01-01 11:53:00,45.79062185924587
2024-01-01 11:54:00,47.14719918113432
2024-01-01 11:55:00,44.85221798143192
2024-01-01 11:56:00,45.61655323754345
2024-01-01 11:57:00,82.56649827428377
2024-01-01 11:58:00,49.04753844103719
2024-01-01 11:59:00,51.56474778067596
2024-01-01 12:00:00,52.38003015269234
2024-01-01 12:01:00,50.676057127274696
2024-01-01 12:02:00,49.51228989376669
2024-01-01 12:03:00,49.7267323932132
2024-01-01 12:04:00,83.46308064329136
2024-01-01 12:05:00,97.48885276802247
2024-01-01 12:06:00,51.429548337572506
2024-01-01 12:07:00,50.413274524949514
2024-01-01 12:08:00,50.650019090802786
2024-01-01 12:09:00,48.02280731629974
2024-01-01 12:10:00,50.32537401557506
2024-01-01 12:11:00,46.87056374230087
2024-01-01 12:12:00,47.4270143446643
2024-01-01 12:13:00,49.541008982192565
2024-01-01 12:14:00,46.239761746507405
2024-01-01 12:15:00,45.06363564634223
2024-01-01 12:16:00,42.677925235039304
2024-01-01 12:17:00,42.71841513955693
2024-01-01 12:18:00,44.90698577085225
2024-01-01 12:19:00,40.730777389265754
2024-01-01 12:20:00,44.578387611524434
2024-01-01 12:21:00,38.820524978624974
2024-01-01 12:22:00,38.22528468529782
2024-01-01 12:23:00,37.61120298350193
2024-01-01 12:24:00,38.3519524552276
2024-01-01 12:25:00,33.06280824426356
2024-01-01 12:26:00,33.917770889882085
2024-01-01 12:27:00,33.79208467939799
2024-01-01 12:28:00,32.761829048712386
2024-01-01 12:29:00,30.462546491485593
2024-01-01 12:30:00,24.435913351966633
2024-01-01 12:31:00,28.21823211059586
2024-01-01 12:32:00,26.673657697189693
2024-01-01 12:33:00,28.502155918484824
2024-01-01 12:34:00,23.319043897923397
2024-01-01 12:35:00,21.203866396388257
2024-01-01 12:36:00,19.42845869106004
2024-01-01 12:37:00,19.84537426769809
2024-01-01 12:38:00,20.742215391373424
2024-01-01 12:39:00,17.103316672147567
2024-01-01 12:40:00,19.80843687221211
2024-01-01 12:41:00,17.809539184808116
2024-01-01 12:42:00,17.566249408834064
2024-01-01 12:43:00,16.37766946110951
2024-01-01 12:44:00,16.044767831525437
2024-01-01 12:45:00,19.002108857333877
2024-01-01 12:46:00,16.206148694834557
2024-01-01 12:47:00,13.512349570107071
2024-01-01 12:48:00,12.612020471541243
2024-01-01 12:49:00,45.597861668934044
2024-01-01 12:50:00,11.49786349581737
2024-01-01 12:51:00,11.96683225927565
2024-01-01 12:52:00,7.575617142601864
2024-01-01 12:53:00,10.48379293450369
2024-01-01 12:54:00,12.714265317988765
2024-01-01 12:55:00,7.731649836777775
2024-01-01 12:56:00,14.158860159301799
2024-01-01 12:57:00,10.407639700199628
2024-01-01 12:58:00,11.412087267547419
2024-01-01 12:59:00,10.601315858390187
2024-01-01 13:00:00,13.267902133409311
2024-01-01 13:01:00,52.49647485365075
2024-01-01 13:02:00,10.430581176629008
2024-01-01 13:03:00,12.405204688236003
2024-01-01 13:04:00,11.913138613576226
2024-01-01 13:05:00,14.762215549473414
2024-01-01 13:06:00,16.032813926532622
2024-01-01 13:07:00,16.489347688065113
2024-01-01 13:08:00,18.19713359042709
2024-01-01 13:09:00,54.96864503847921
2024-01-01 13:10:00,19.844970089876476
2024-01-01 13:11:00,16.875451244890595
2024-01-01 13:12:00,63.570108507479105
2024-01-01 13:13:00,21.187958461877624
2024-01-01 13:14:00,22.813748993234164
2024-01-01 13:15:00,27.576111435186004
2024-01-01 13:16:00,29.784685555489865
2024-01-01 13:17:00,21.43134909998974
2024-01-01 13:18:00,26.949368242648873
2024-01-01 13:19:00,29.36611018142446
2024-01-01 13:20:00,31.929783787485327
2024-01-01 13:21:00,33.06826425198815
2024-01-01 13:22:00,33.08714746144171
2024-01-01 13:23:00,33.39248558239768
2024-01-01 13:24:00,33.48772673187304
2024-01-01 13:25:00,42.11913771628733
2024-01-01 13:26:00,38.73392267916059
2024-01-01 13:27:00,38.808657855447855
2024-01-01 13:28:00,37.69277061109439
2024-01-01 13:29:00,43.176804636691834
2024-01-01 13:30:00,41.411706948122934
2024-01-01 13:31:00,41.64634659529529
2024-01-01 13:32:00,42.89905927155447
2024-01-01 13:33:00,46.99442996270877
2024-01-01 13:34:00,42.04037177005217
2024-01-01 13:35:00,45.78955798922533
2024-01-01 13:36:00,47.82680092120126
2024-01-01 13:37:00,78.07380714880264
2024-01-01 13:38:00,48.45717823381987
2024-01-01 13:39:00,44.9158779661112
2024-01-01 13:40:00,80.10724150329312
2024-01-01 13:41:00,46.28387047727244
2024-01-01 13:42:00,49.63173927347798
2024-01-01 13:43:00,48.18592962940015
2024-01-01 13:44:00,51.614712366795644
2024-01-01 13:45:00,49.70142169401358
2024-01-01 13:46:00,52.17021910012254
2024-01-01 13:47:00,46.78663365253617
2024-01-01 13:48:00,49.30973061436208
2024-01-01 13:49:00,49.554587128578774
2024-01-01 13:50:00,48.449635478636395
2024-01-01 13:51:00,45.527756101646226
2024-01-01 13:52:00,49.602623090011086
2024-01-01 13:53:00,44.91338899377235
2024-01-01 13:54:00,49.025396352485885
2024-01-01 13:55:00,46.065629037683614
2024-01-01 13:56:00,45.05939137761515
2024-01-01 13:57:00,40.8487202617526
2024-01-01 13:58:00,42.33163633272129
2024-01-01 13:59:00,81.20246045848182
2024-01-01 14:00:00,43.8485982563424
2024-01-01 14:01:00,41.62705357297193
2024-01-01 14:02:00,71.00098778243621
2024-01-01 14:03:00,80.77737776912484
2024-01-01 14:04:00,37.40545580950463
2024-01-01 14:05:00,37.298044934620805
2024-01-01 14:06:00,36.30468797665345
2024-01-01 14:07:00,33.560800376717964
2024-01-01 14:08:00,31.479775297912347
2024-01-01 14:09:00,33.757642889223604
2024-01-01 14:10:00,28.378293476122785
2024-01-01 14:11:00,28.744836949294875
2024-01-01 14:12:00,26.41958262130541
2024-01-01 14:13:00,24.58924204359932
2024-01-01 14:14:00,22.379373412474724
2024-01-01 14:15:00,27.403708937593866
2024-01-01 14:16:00,21.393359630598802
2024-01-01 14:17:00,20.465492799639808
2024-01-01 14:18:00,18.464002295769696
2024-01-01 14:19:00,19.917001378083228
2024-01-01 14:20:00,16.75631908018974
2024-01-01 14:21:00,13.139249361015706
2024-01-01 14:22:00,16.54275119828587
2024-01-01 14:23:00,14.305374871857289
2024-01-01 14:24:00,18.697647509716546
2024-01-01 14:25:00,12.215869389237609
2024-01-01 14:26:00,10.90832194820845
2024-01-01 14:27:00,8.281277152632398
2024-01-01 14:28:00,10.584963394886223
2024-01-01 14:29:00,10.838418375108619
2024-01-01 14:30:00,12.235780358383405
2024-01-01 14:31:00,12.321820024326064
2024-01-01 14:32:00,7.614745514694698
2024-01-01 14:33:00,9.07084470890605
2024-01-01 14:34:00,11.963692442903472
2024-01-01 14:35:00,10.690787290819749
2024-01-01 14:36:00,8.048748594460262
2024-01-01 14:37:00,12.392851711149081
2024-01-01 14:38:00,10.095228506391793
2024-01-01 14:39:00,7.813768813080515
2024-01-01 14:40:00,12.32262558461482
2024-01-01 14:41:00,8.6985188822438
2024-01-01 14:42:00,9.73422670302444
2024-01-01 14:43:00,13.409426378158408
2024-01-01 14:44:00,15.881720627206407
2024-01-01 14:45:00,14.436763503759497
2024-01-01 14:46:00,14.992259547963927
2024-01-01 14:47:00,17.31096236562166
2024-01-01 14:48:00,16.206636082255784
2024-01-01 14:49:00,11.664044454856795
2024-01-01 14:50:00,17.352415354680616
2024-01-01 14:51:00,21.51328430895553
2024-01-01 14:52:00,16.164649330026844
2024-01-01 14:53:00,26.094785087078517
2024-01-01 14:54:00,21.112963295663743
2024-01-01 14:55:00,23.451650891124572
2024-01-01 14:56:00,22.338053138265355
2024-01-01 14:57:00,26.603963663189816
2024-01-01 14:58:00,25.296437869723373
2024-01-01 14:59:00,27.41785812218041
2024-01-01 15:00:00,30.213469626218405
2024-01-01 15:01:00,34.43628623600752
2024-01-01 15:02:00,31.53991086479583
2024-01-01 15:03:00,32.893309883319866
2024-01-01 15:04:00,36.59360345780108
2024-01-01 15:05:00,38.2549785993482
2024-01-01 15:06:00,78.61822952351685
2024-01-01 15:07:00,42.179960138230236
2024-01-01 15:08:00,41.07603138577653
2024-01-01 15:09:00,37.6893323332549
2024-01-01 15:10:00,42.320572310109284
2024-01-01 15:11:00,41.75132819608376
2024-01-01 15:12:00,42.162683526775844
2024-01-01 15:13:00,46.2122776731511
2024-01-01 15:14:00,47.055873783026115
2024-01-01 15:15:00,93.54420479837191
2024-01-01 15:16:00,45.195316511256785
2024-01-01 15:17:00,44.50744741619441
2024-01-01 15:18:00,46.832820883117506
2024-01-01 15:19:00,47.84572685714994
2024-01-01 15:20:00,85.21491170264946
2024-01-01 15:21:00,86.52734140196901
2024-01-01 15:22:00,48.92316236422217
2024-01-01 15:23:00,46.320658541578034
2024-01-01 15:24:00,50.34458325098469
2024-01-01 15:25:00,49.66150551416088
2024-01-01 15:26:00,49.27952500091029
2024-01-01 15:27:00,52.63194403199329
2024-01-01 15:28:00,51.319340872399685
2024-01-01 15:29:00,49.91072942159509
2024-01-01 15:30:00,49.985690914746854
2024-01-01 15:31:00,51.81167276850403
2024-01-01 15:32:00,48.0348158372407
2024-01-01 15:33:00,44.92815422483665
2024-01-01 15:34:00,45.18436971741309
2024-01-01 15:35:00,44.71581945795047
2024-01-01 15:36:00,44.50096482866792
2024-01-01 15:37:00,46.17166510029755
2024-01-01 15:38:00,41.716704765831985
2024-01-01 15:39:00,40.77797782424981
2024-01-01 15:40:00,41.35183757577469
2024-01-01 15:41:00,41.92713374196544
2024-01-01 15:42:00,86.78141477280346
2024-01-01 15:43:00,38.233334881249625
2024-01-01 15:44:00,36.805539099094474
2024-01-01 15:45:00,34.120184005512215
2024-01-01 15:46:00,31.86559762002316
2024-01-01 15:47:00,34.36554233829009
2024-01-01 15:48:00,30.38461424768936
2024-01-01 15:49:00,29.719947912849076
2024-01-01 15:50:00,29.7400395165866
2024-01-01 15:51:00,31.222614514732065
2024-01-01 15:52:00,28.522129650644693
2024-01-01 15:53:00,26.858439261768932
2024-01-01 15:54:00,24.539096271712623
2024-01-01 15:55:00,27.684866703411082
2024-01-01 15:56:00,19.330854891171654
2024-01-01 15:57:00,21.614644023463363
2024-01-01 15:58:00,16.191673848267932
2024-01-01 15:59:00,20.038618216188432
2024-01-01 16:00:00,16.014916371171505
2024-01-01 16:01:00,18.967867344662693
2024-01-01 16:02:00,16.856829062188815
2024-01-01 16:03:00,12.260686159892511
2024-01-01 16:04:00,15.080699321372428
2024-01-01 16:05:00,10.1108511971423
2024-01-01 16:06:00,11.903789646544782
2024-01-01 16:07:00,13.606925279761041
2024-01-01 16:08:00,12.665370222004006
2024-01-01 16:09:00,12.999412931255161
2024-01-01 16:10:00,9.857627624603213
2024-01-01 16:11:00,12.759781013237745
2024-01-01 16:12:00,10.11246892695121
2024-01-01 16:13:00,10.64748412839277
2024-01-01 16:14:00,8.594524556900025
2024-01-01 16:15:00,7.508530977896661
2024-01-01 16:16:00,11.241820995286325
2024-01-01 16:17:00,11.057649478729951
2024-01-01 16:18:00,8.744157472062696
2024-01-01 16:19:00,8.97511382652876
2024-01-01 16:20:00,10.746881232212168
2024-01-01 16:21:00,10.425467659861214
2024-01-01 16:22:00,11.591074177554795
2024-01-01 16:23:00,11.695376183382708
2024-01-01 16:24:00,15.527392795367186
2024-01-01 16:25:00,14.135944909944556
2024-01-01 16:26:00,15.208568048354932
2024-01-01 16:27:00,16.479570963408836
2024-01-01 16:28:00,15.265809185462272
2024-01-01 16:29:00,19.503337846847916
2024-01-01 16:30:00,18.655407148168795
2024-01-01 16:31:00,16.802562532791484
2024-01-01 16:32:00,22.51093340396914
2024-01-01 16:33:00,22.594177585793936
2024-01-01 16:34:00,54.027722078163954
2024-01-01 16:35:00,26.26417818070178
2024-01-01 16:36:00,27.060685109595553
2024-01-01 16:37:00,24.794462672111916
2024-01-01 16:38:00,29.615399636134196
2024-01-01 16:39:00,32.220769674701124
