power_kwh,timestamp
32.483570765056164,2026-01-14 03:17:14.894318
29.308678494144075,2026-01-14 03:17:44.894325
28.829233126383322,2026-01-14 03:18:14.894327
28.8293152152541,2026-01-14 03:18:44.894329
37.896064077536955,2026-01-14 03:19:14.894330
186.59541126403374,2026-01-14 03:19:44.894341
27.095609329882425,2026-01-14 03:20:14.894343
27.374150964109262,2026-01-14 03:20:44.894344
16.937254936531993,2026-01-14 03:21:14.894346
34.75184841198452,2026-01-14 03:21:44.894348
27.859769679118827,2026-01-14 03:22:14.894349
26.28796581440414,2026-01-14 03:22:44.894351
26.852625195378746,2026-01-14 03:23:14.894352
32.98860233456304,2026-01-14 03:23:44.894354
30.6110958261134,2026-01-14 03:24:14.894355
27.422821689537734,2026-01-14 03:24:44.894357
26.99873074947044,2026-01-14 03:25:14.894358
34.737199105233195,2026-01-14 03:25:44.894360
24.89223902662201,2026-01-14 03:26:14.894361
29.191223068012395,2026-01-14 03:26:44.894363
28.852747730840218,2026-01-14 03:27:14.894365
31.946744566280618,2026-01-14 03:27:44.894367
43.8915652077622,2026-01-14 03:28:14.894368
182.01062586888918,2026-01-14 03:28:44.894372
33.69233289997705,2026-01-14 03:29:14.894373
30.85684140594985,2026-01-14 03:29:44.894375
29.421758588058797,2026-01-14 03:30:14.894376
28.494481522053555,2026-01-14 03:30:44.894378
27.696806145201062,2026-01-14 03:31:14.894379
35.285611131094576,2026-01-14 03:31:44.894381
31.620419846973974,2026-01-14 03:32:14.894382
181.7795815437326,2026-01-14 03:32:44.894385
32.9106139735652,2026-01-14 03:33:14.894387
34.43874229796678,2026-01-14 03:33:44.894388
28.964170549477128,2026-01-14 03:34:14.894390
26.8826130250752,2026-01-14 03:34:44.894391
22.459233552262585,2026-01-14 03:35:14.894393
35.4982348789241,2026-01-14 03:35:44.894394
35.898581723503504,2026-01-14 03:36:14.894396
25.508960302721608,2026-01-14 03:36:44.894397
24.810850617422588,2026-01-14 03:37:14.894398
29.620981274859073,2026-01-14 03:37:44.894400
37.477171264417365,2026-01-14 03:38:14.894401
31.6909062599666,2026-01-14 03:38:44.894403
28.006808049923993,2026-01-14 03:39:14.894404
29.69567956262627,2026-01-14 03:39:44.894406
22.906247707042986,2026-01-14 03:40:14.894407
35.212458086697104,2026-01-14 03:40:44.894409
27.327917731632475,2026-01-14 03:41:14.894410
22.524730645928322,2026-01-14 03:41:44.894412
28.939192891441866,2026-01-14 03:42:14.894413
27.865656029801386,2026-01-14 03:42:44.894415
32.50724165762403,2026-01-14 03:43:14.894416
35.79093326466014,2026-01-14 03:43:44.894418
36.859310667748886,2026-01-14 03:44:14.894419
30.877766469774162,2026-01-14 03:44:44.894421
28.716849086537227,2026-01-14 03:45:14.894422
28.160871379336193,2026-01-14 03:45:44.894424
16.72411976218265,2026-01-14 03:46:14.894425
31.72758971944383,2026-01-14 03:46:44.894427
32.264681632667546,2026-01-14 03:47:14.894428
29.169695458244675,2026-01-14 03:47:44.894430
196.9957835953689,2026-01-14 03:48:14.894432
37.019793693296464,2026-01-14 03:48:44.894434
20.406143923504793,2026-01-14 03:49:14.894435
29.867430622753915,2026-01-14 03:49:44.894437
30.301151049705133,2026-01-14 03:50:14.894439
42.316210562426434,2026-01-14 03:50:44.894440
29.038195176094387,2026-01-14 03:51:14.894442
31.507736711668063,2026-01-14 03:51:44.894443
35.7141140725751,2026-01-14 03:52:14.894445
33.75966516343387,2026-01-14 03:52:44.894446
37.013971554680495,2026-01-14 03:53:14.894448
22.990744686038596,2026-01-14 03:53:44.894449
25.04731837434656,2026-01-14 03:54:14.894451
27.16851135198614,2026-01-14 03:54:44.894452
22.246682844669337,2026-01-14 03:55:14.894454
30.342814874030136,2026-01-14 03:55:44.894456
25.402878828830985,2026-01-14 03:56:14.894457
37.7496720250877,2026-01-14 03:56:44.894459
26.083733538318814,2026-01-14 03:57:14.894460
28.38969241897162,2026-01-14 03:57:44.894462
34.06758608684835,2026-01-14 03:58:14.894464
23.845678417830225,2026-01-14 03:58:44.894465
21.96258382719386,2026-01-14 03:59:14.894467
30.92316929266152,2026-01-14 03:59:44.894468
31.299413971242117,2026-01-14 04:00:14.894470
33.909114358886555,2026-01-14 04:00:44.894471
32.60970782808449,2026-01-14 04:01:14.894473
31.48492336616593,2026-01-14 04:01:44.894475
26.599876392107547,2026-01-14 04:02:14.894476
31.161268485805017,2026-01-14 04:02:44.894478
31.465362366493405,2026-01-14 04:03:14.894479
26.42824290986816,2026-01-14 04:03:44.894481
39.328872555723784,2026-01-14 04:04:14.894483
32.36916460455894,2026-01-14 04:04:44.894484
25.126591648863393,2026-01-14 04:05:14.894485
33.93542301871226,2026-01-14 04:05:44.894487
34.816880646221605,2026-01-14 04:06:14.894488
32.063904634682494,2026-01-14 04:06:44.894490
28.773059419985646,2026-01-14 04:07:14.894492
26.23131917821255,2026-01-14 04:07:44.894493
29.614491452929478,2026-01-14 04:08:14.894495
31.70575987408322,2026-01-14 04:08:44.894497
30.065009459389536,2026-01-14 04:09:14.894498
37.26767038578659,2026-01-14 04:09:44.894500
33.128336738825034,2026-01-14 04:10:14.894501
25.714212217918586,2026-01-14 04:10:44.894503
24.64553750969444,2026-01-14 04:11:14.894504
193.18915121763587,2026-01-14 04:11:44.894508
197.08959816714022,2026-01-14 04:12:14.894510
33.70170408973869,2026-01-14 04:12:44.894512
25.766031409657977,2026-01-14 04:13:14.894513
22.425763876570677,2026-01-14 04:13:44.894515
31.07046872065102,2026-01-14 04:14:14.894516
23.771306106440058,2026-01-14 04:14:44.894518
25.580712818994336,2026-01-14 04:15:14.894520
131.20672121892193,2026-01-14 04:15:44.894522
35.28711754431188,2026-01-14 04:16:14.894524
30.256804297398176,2026-01-14 04:16:44.894526
50.409919035732216,2026-01-14 04:17:14.894529
73.82004604171944,2026-01-14 04:17:44.894531
63.04449119870853,2026-01-14 04:18:14.894532
62.57207490980107,2026-01-14 04:18:44.894534
74.37356328333527,2026-01-14 04:19:14.894535
60.07306372740632,2026-01-14 04:19:44.894537
62.32296158176405,2026-01-14 04:20:14.894538
61.76180922052321,2026-01-14 04:20:44.894540
61.65022798109339,2026-01-14 04:21:14.894541
51.44071082170632,2026-01-14 04:21:44.894543
42.11503495019504,2026-01-14 04:22:14.894545
63.57304541936634,2026-01-14 04:22:44.894547
51.068797263707765,2026-01-14 04:23:14.894548
56.651827526052664,2026-01-14 04:23:44.894550
65.49576345062667,2026-01-14 04:24:14.894551
47.2912819312396,2026-01-14 04:24:44.894553
83.89035957392463,2026-01-14 04:25:14.894554
78.43413758320533,2026-01-14 04:25:44.894556
60.15143278259864,2026-01-14 04:26:14.894557
64.42074016866731,2026-01-14 04:26:44.894559
55.555012557808176,2026-01-14 04:27:14.894560
43.30867640909468,2026-01-14 04:27:44.894562
52.28180922243245,2026-01-14 04:28:14.894564
76.61301730608155,2026-01-14 04:28:44.894565
63.177670324371185,2026-01-14 04:29:14.894567
43.877726928254766,2026-01-14 04:29:44.894568
63.77296265460409,2026-01-14 04:30:14.894570
76.5135098647949,2026-01-14 04:30:44.894572
52.692585967703465,2026-01-14 04:31:14.894573
47.2008026673687,2026-01-14 04:31:44.894575
57.62608038793331,2026-01-14 04:32:14.894577
78.72005680472304,2026-01-14 04:32:44.894578
47.0505752552014,2026-01-14 04:33:14.894580
58.94881495253586,2026-01-14 04:33:44.894581
75.43067651859084,2026-01-14 04:34:14.894583
73.23263807151237,2026-01-14 04:34:44.894584
60.58508902306844,2026-01-14 04:35:14.894595
83.47996928450323,2026-01-14 04:35:44.894597
57.97542474168449,2026-01-14 04:36:14.894598
60.6089660711716,2026-01-14 04:36:44.894600
41.026230175113426,2026-01-14 04:37:14.894601
72.80540761677463,2026-01-14 04:37:44.894603
66.86848512765971,2026-01-14 04:38:14.894604
192.4280513564851,2026-01-14 04:38:44.894608
62.809918677350325,2026-01-14 04:39:14.894610
53.77300480179406,2026-01-14 04:39:44.894611
54.106352430557884,2026-01-14 04:40:14.894613
68.49602097021025,2026-01-14 04:40:44.894614
68.9959987543325,2026-01-14 04:41:14.894616
63.072995208766095,2026-01-14 04:41:44.894617
51.710049890779274,2026-01-14 04:42:14.894619
54.39818959803031,2026-01-14 04:42:44.894620
59.79098406035852,2026-01-14 04:43:14.894622
61.17327383308782,2026-01-14 04:43:44.894624
65.47097381170038,2026-01-14 04:44:14.894625
57.97807347566106,2026-01-14 04:44:44.894627
68.2541634898803,2026-01-14 04:45:14.894628
68.13509636000639,2026-01-14 04:45:44.894630
73.05478807154329,2026-01-14 04:46:14.894631
60.21003841632759,2026-01-14 04:46:44.894633
165.87503104986288,2026-01-14 04:47:14.894635
58.698569456323156,2026-01-14 04:47:44.894637
42.07954899864785,2026-01-14 04:48:14.894639
55.532264882100925,2026-01-14 04:48:44.894640
67.7067832952311,2026-01-14 04:49:14.894642
66.67056103469791,2026-01-14 04:49:44.894643
53.00853421908083,2026-01-14 04:50:14.894645
59.91182953754193,2026-01-14 04:50:44.894646
56.90907490803078,2026-01-14 04:51:14.894648
68.03813051376258,2026-01-14 04:51:44.894649
66.13841341475424,2026-01-14 04:52:14.894650
73.57880788099988,2026-01-14 04:52:44.894652
55.6669659309744,2026-01-14 04:53:14.894654
62.03822727527467,2026-01-14 04:53:44.894655
71.54354338408923,2026-01-14 04:54:14.894657
180.27025482071534,2026-01-14 04:54:44.894659
52.81555778747564,2026-01-14 04:55:14.894661
57.86552848288153,2026-01-14 04:55:44.894662
68.5765962320202,2026-01-14 04:56:14.894664
58.40061470036573,2026-01-14 04:56:44.894665
59.8148686400761,2026-01-14 04:57:14.894667
57.11341361079862,2026-01-14 04:57:44.894669
63.227185603380896,2026-01-14 04:58:14.894670
51.727690564476774,2026-01-14 04:58:44.894672
58.91239851543143,2026-01-14 04:59:14.894673
64.01711722098942,2026-01-14 04:59:44.894675
62.24092481810417,2026-01-14 05:00:14.894677
60.12592400781795,2026-01-14 05:00:44.894678
60.245101742589426,2026-01-14 05:01:14.894680
64.9799829124545,2026-01-14 05:01:44.894681
81.53182457511556,2026-01-14 05:02:14.894683
52.326524371119504,2026-01-14 05:02:44.894684
81.89802933217672,2026-01-14 05:03:14.894686
51.91701714644849,2026-01-14 05:03:44.894687
38.76104275690193,2026-01-14 05:04:14.894689
54.74244978319239,2026-01-14 05:04:44.894690
63.41755975777159,2026-01-14 05:05:14.894692
78.76170839215887,2026-01-14 05:05:44.894693
51.01585328651642,2026-01-14 05:06:14.894695
64.91919171506505,2026-01-14 05:06:44.894696
46.797667929793576,2026-01-14 05:07:14.894698
78.31458765854353,2026-01-14 05:07:44.894699
132.03335128828226,2026-01-14 05:08:14.894702
55.30824347895295,2026-01-14 05:08:44.894703
63.40922198558953,2026-01-14 05:09:14.894705
59.13586493168386,2026-01-14 05:09:44.894706
35.47735398684267,2026-01-14 05:10:14.894708
50.98706181335332,2026-01-14 05:10:44.894710
199.73094696591244,2026-01-14 05:11:14.894712
63.02348290331643,2026-01-14 05:11:44.894714
55.49934528520756,2026-01-14 05:12:14.894715
66.22849932347499,2026-01-14 05:12:44.894717
61.20295631711899,2026-01-14 05:13:14.894718
65.14438834058748,2026-01-14 05:13:44.894720
44.65885829264378,2026-01-14 05:14:14.894722
72.7767682189851,2026-01-14 05:14:44.894723
75.51151975522524,2026-01-14 05:15:14.894725
61.156746342928585,2026-01-14 05:15:44.894726
80.60747924881987,2026-01-14 05:16:14.894728
77.55340842443204,2026-01-14 05:16:44.894729
66.45375949585147,2026-01-14 05:17:14.894731
73.68631557532349,2026-01-14 05:17:44.894732
70.58424486849587,2026-01-14 05:18:14.894734
42.41260513576886,2026-01-14 05:18:44.894735
57.305931655554424,2026-01-14 05:19:14.894737
67.17542255795962,2026-01-14 05:19:44.894738
76.28615545571292,2026-01-14 05:20:14.894740
46.198985417851084,2026-01-14 05:20:44.894741
42.96617560644845,2026-01-14 05:21:14.894743
159.40944751942956,2026-01-14 05:21:44.894746
71.2267768479802,2026-01-14 05:22:14.894747
45.58804239504001,2026-01-14 05:22:44.894749
48.98748095152888,2026-01-14 05:23:14.894750
64.87673274923294,2026-01-14 05:23:44.894752
80.55092608621473,2026-01-14 05:24:14.894753
56.80639992466342,2026-01-14 05:24:44.894755
51.84500926711512,2026-01-14 05:25:14.894756
54.40974506766143,2026-01-14 05:25:44.894758
45.65911130767476,2026-01-14 05:26:14.894759
58.084671760867074,2026-01-14 05:26:44.894761
58.98050487520144,2026-01-14 05:27:14.894763
60.42134081741929,2026-01-14 05:27:44.894764
68.5135426460051,2026-01-14 05:28:14.894766
53.79636277464448,2026-01-14 05:28:44.894767
54.52720163662479,2026-01-14 05:29:14.894769
47.71945980876376,2026-01-14 05:29:44.894770
53.734758173114564,2026-01-14 05:30:14.894772
38.07869943758021,2026-01-14 05:30:44.894773
68.51402092378828,2026-01-14 05:31:14.894775
50.12064154203459,2026-01-14 05:31:44.894777
50.27731452275928,2026-01-14 05:32:14.894779
60.79482451817538,2026-01-14 05:32:44.894780
51.89494153020782,2026-01-14 05:33:14.894782
50.95458116212929,2026-01-14 05:33:44.894783
49.387373670534096,2026-01-14 05:34:14.894785
53.45626653886984,2026-01-14 05:34:44.894786
62.18222732531096,2026-01-14 05:35:14.894788
69.1056412237108,2026-01-14 05:35:44.894789
51.260258805149036,2026-01-14 05:36:14.894791
59.967040796726465,2026-01-14 05:36:44.894792
55.59495441126475,2026-01-14 05:37:14.894794
75.8203818296378,2026-01-14 05:37:44.894795
73.95731935928563,2026-01-14 05:38:14.894797
46.90350709988102,2026-01-14 05:38:44.894798
60.276909316162126,2026-01-14 05:39:14.894800
61.27365478537156,2026-01-14 05:39:44.894801
55.418900971686234,2026-01-14 05:40:14.894803
53.740070697456,2026-01-14 05:40:44.894804
51.71416228981265,2026-01-14 05:41:14.894806
54.54830800668156,2026-01-14 05:41:44.894807
128.9631121734442,2026-01-14 05:42:14.894810
66.84642201555168,2026-01-14 05:42:44.894812
54.23228669431667,2026-01-14 05:43:14.894813
67.55391225825755,2026-01-14 05:43:44.894815
60.99332305429226,2026-01-14 05:44:14.894816
67.5138712337179,2026-01-14 05:44:44.894818
53.37376241054153,2026-01-14 05:45:14.894819
65.70598668593159,2026-01-14 05:45:44.894821
43.72457562116837,2026-01-14 05:46:14.894822
60.48084946661382,2026-01-14 05:46:44.894824
66.38592458777374,2026-01-14 05:47:14.894825
43.3847993773104,2026-01-14 05:47:44.894827
53.48163892197841,2026-01-14 05:48:14.894828
60.47398671316414,2026-01-14 05:48:44.894830
70.0629280921444,2026-01-14 05:49:14.894832
54.23108130476851,2026-01-14 05:49:44.894833
65.29804177915283,2026-01-14 05:50:14.894835
74.41568620657901,2026-01-14 05:50:44.894836
65.7707212718054,2026-01-14 05:51:14.894838
129.94377787884358,2026-01-14 05:51:44.894841
61.69729284390374,2026-01-14 05:52:14.894843
60.8939391914565,2026-01-14 05:52:44.894844
64.8804407937875,2026-01-14 05:53:14.894846
75.80134095075202,2026-01-14 05:53:44.894847
54.05483947275751,2026-01-14 05:54:14.894849
65.88328518460642,2026-01-14 05:54:44.894851
65.43483152963778,2026-01-14 05:55:14.894852
70.34920927080599,2026-01-14 05:55:44.894854
57.29796681322462,2026-01-14 05:56:14.894855
69.4761693766141,2026-01-14 05:56:44.894857
53.235869795159616,2026-01-14 05:57:14.894858
37.69670092374111,2026-01-14 05:57:44.894860
44.197480632564734,2026-01-14 05:58:14.894861
60.16053418643931,2026-01-14 05:58:44.894863
68.92410819815211,2026-01-14 05:59:14.894864
60.95620445889392,2026-01-14 05:59:44.894866
61.65194380120577,2026-01-14 06:00:14.894867
65.68936674469641,2026-01-14 06:00:44.894869
65.09378116336106,2026-01-14 06:01:14.894870
72.47327055231725,2026-01-14 06:01:44.894872
55.126049760788526,2026-01-14 06:02:14.894873
64.03820558679305,2026-01-14 06:02:44.894875
75.09771312459624,2026-01-14 06:03:14.894876
64.02034480046922,2026-01-14 06:03:44.894878
72.86974963849593,2026-01-14 06:04:14.894880
55.553624417543595,2026-01-14 06:04:44.894881
69.63850318715362,2026-01-14 06:05:14.894883
69.73557447520125,2026-01-14 06:05:44.894885
43.67781920571481,2026-01-14 06:06:14.894886
62.80964320918199,2026-01-14 06:06:44.894888
61.70594203580863,2026-01-14 06:07:14.894889
68.35565398349904,2026-01-14 06:07:44.894891
61.80530841805432,2026-01-14 06:08:14.894892
86.43571583398551,2026-01-14 06:08:44.894894
77.82163618536079,2026-01-14 06:09:14.894895
65.90274619061788,2026-01-14 06:09:44.894896
62.50243932573648,2026-01-14 06:10:14.894898
48.602455718432935,2026-01-14 06:10:44.894899
61.838833519051576,2026-01-14 06:11:14.894901
61.000954425796984,2026-01-14 06:11:44.894903
85.38691101737487,2026-01-14 06:12:14.894904
65.23952667107794,2026-01-14 06:12:44.894906
70.70996467205255,2026-01-14 06:13:14.894907
54.171993985870024,2026-01-14 06:13:44.894909
68.52246489030269,2026-01-14 06:14:14.894911
36.7926262602187,2026-01-14 06:14:44.894912
72.70125546575716,2026-01-14 06:15:14.894914
51.81525782957609,2026-01-14 06:15:44.894915
48.74580992253111,2026-01-14 06:16:14.894917
58.5096333327047,2026-01-14 06:16:44.894918
68.04439110110866,2026-01-14 06:17:14.894920
58.42786106635549,2026-01-14 06:17:44.894921
131.89301822024905,2026-01-14 06:18:14.894924
65.16669308648123,2026-01-14 06:18:44.894926
85.7335980324986,2026-01-14 06:19:14.894927
60.59218434014488,2026-01-14 06:19:44.894929
61.98084760767855,2026-01-14 06:20:14.894930
58.556395880760576,2026-01-14 06:20:44.894932
59.672467297840015,2026-01-14 06:21:14.894934
54.56575228866235,2026-01-14 06:21:44.894935
57.450227825791444,2026-01-14 06:22:14.894936
75.0399298858269,2026-01-14 06:22:44.894938
72.4608519249763,2026-01-14 06:23:14.894940
39.2660976759185,2026-01-14 06:23:44.894941
45.924883052821784,2026-01-14 06:24:14.894943
52.22183312409125,2026-01-14 06:24:44.894944
69.35678393147461,2026-01-14 06:25:14.894946
72.71555094994159,2026-01-14 06:25:44.894947
67.21672064043236,2026-01-14 06:26:14.894949
48.70948228782771,2026-01-14 06:26:44.894950
54.75479733720226,2026-01-14 06:27:14.894951
64.89374561227918,2026-01-14 06:27:44.894953
57.59674601841865,2026-01-14 06:28:14.894954
56.251791924504026,2026-01-14 06:28:44.894956
56.3903383418092,2026-01-14 06:29:14.894957
71.59329803364248,2026-01-14 06:29:44.894959
65.93101257968384,2026-01-14 06:30:14.894960
56.904535606860094,2026-01-14 06:30:44.894962
63.26133022242118,2026-01-14 06:31:14.894964
47.488864236146966,2026-01-14 06:31:44.894965
54.772769794809605,2026-01-14 06:32:14.894967
70.49009225836889,2026-01-14 06:32:44.894968
44.433708264760966,2026-01-14 06:33:14.894970
66.0600995134564,2026-01-14 06:33:44.894971
39.18070592116278,2026-01-14 06:34:14.894973
76.96456368290038,2026-01-14 06:34:44.894974
54.550809131910505,2026-01-14 06:35:14.894976
63.991361143520706,2026-01-14 06:35:44.894977
61.142276486620396,2026-01-14 06:36:14.894979
61.50301761461878,2026-01-14 06:36:44.894980
63.07801768892059,2026-01-14 06:37:14.894982
42.89831607343375,2026-01-14 06:37:44.894984
162.05521458421487,2026-01-14 06:38:14.894987
58.16016663647321,2026-01-14 06:38:44.894989
43.70407014023672,2026-01-14 06:39:14.894991
65.518636553095,2026-01-14 06:39:44.894992
55.30852279805065,2026-01-14 06:40:14.894994
65.2693741263179,2026-01-14 06:40:44.894995
76.20533445165877,2026-01-14 06:41:14.894997
75.70494635261139,2026-01-14 06:41:44.894998
58.41898509929801,2026-01-14 06:42:14.895000
68.06593247913686,2026-01-14 06:42:44.895001
56.51986913703161,2026-01-14 06:43:14.895003
61.98558362896292,2026-01-14 06:43:44.895004
44.7598475827297,2026-01-14 06:44:14.895006
52.01560952582946,2026-01-14 06:44:44.895008
65.73966959201675,2026-01-14 06:45:14.895009
42.464262820913135,2026-01-14 06:45:44.895011
60.95320806947719,2026-01-14 06:46:14.895012
61.79036796548965,2026-01-14 06:46:44.895014
66.07566864331359,2026-01-14 06:47:14.895015
44.80820017013823,2026-01-14 06:47:44.895017
43.1044277392173,2026-01-14 06:48:14.895019
69.8712220012871,2026-01-14 06:48:44.895020
61.79845418728059,2026-01-14 06:49:14.895021
56.651477276238865,2026-01-14 06:49:44.895023
44.42047682323332,2026-01-14 06:50:14.895025
55.99618639816682,2026-01-14 06:50:44.895026
49.12219064738238,2026-01-14 06:51:14.895028
69.2948250734477,2026-01-14 06:51:44.895029
46.806521108625944,2026-01-14 06:52:14.895031
57.73754780991324,2026-01-14 06:52:44.895032
68.1669851771357,2026-01-14 06:53:14.895034
66.18661959709932,2026-01-14 06:53:44.895035
55.462556914635584,2026-01-14 06:54:14.895037
66.32941633793465,2026-01-14 06:54:44.895038
68.1848473463854,2026-01-14 06:55:14.895040
61.33847654246,2026-01-14 06:55:44.895041
195.5413191290747,2026-01-14 06:56:14.895044
57.867276240342086,2026-01-14 06:56:44.895046
60.28318376130461,2026-01-14 06:57:14.895047
60.297561394957455,2026-01-14 06:57:44.895049
60.96120776940983,2026-01-14 06:58:14.895050
55.377247112949576,2026-01-14 06:58:44.895052
62.22133771633713,2026-01-14 06:59:14.895053
55.212513783365225,2026-01-14 06:59:44.895055
58.13128355838641,2026-01-14 07:00:14.895056
55.60268941725825,2026-01-14 07:00:44.895058
70.31844539468635,2026-01-14 07:01:14.895059
45.14439626963028,2026-01-14 07:01:44.895061
60.82283989275424,2026-01-14 07:02:14.895062
70.65480375065351,2026-01-14 07:02:44.895064
54.82711549899628,2026-01-14 07:03:14.895065
74.0934744018558,2026-01-14 07:03:44.895067
55.54497478599228,2026-01-14 07:04:14.895069
74.533844771177,2026-01-14 07:04:44.895070
55.798131829041424,2026-01-14 07:05:14.895071
57.18215391139493,2026-01-14 07:05:44.895074
49.95859233247932,2026-01-14 07:06:14.895075
52.32202434895871,2026-01-14 07:06:44.895077
29.826575563066093,2026-01-14 07:07:14.895079
31.171073662682602,2026-01-14 07:07:44.895080
34.92161199238292,2026-01-14 07:08:14.895082
28.930055778872454,2026-01-14 07:08:44.895083
138.53373611067548,2026-01-14 07:09:14.895086
31.912048730920255,2026-01-14 07:09:44.895088
35.83551457191818,2026-01-14 07:10:14.895089
38.10554278893858,2026-01-14 07:10:44.895091
27.41233174545888,2026-01-14 07:11:14.895092
27.00537801720332,2026-01-14 07:11:44.895094
190.70287079707407,2026-01-14 07:12:14.895096
29.159425521873533,2026-01-14 07:12:44.895098
37.102521239949276,2026-01-14 07:13:14.895100
27.14626853125262,2026-01-14 07:13:44.895101
27.238884778595143,2026-01-14 07:14:14.895103
33.164659088777555,2026-01-14 07:14:44.895104
37.737526006650306,2026-01-14 07:15:14.895106
38.97938836547761,2026-01-14 07:15:44.895107
26.93605654757807,2026-01-14 07:16:14.895109
188.97020938123603,2026-01-14 07:16:44.895111
32.71749551394671,2026-01-14 07:17:14.895113
35.418048269527354,2026-01-14 07:17:44.895115
21.257265075212366,2026-01-14 07:18:14.895116
23.713298497855778,2026-01-14 07:18:44.895118
25.795456009760727,2026-01-14 07:19:14.895119
29.958609627249754,2026-01-14 07:19:44.895121
12.59595585619958,2026-01-14 07:20:14.895122
25.648883789282444,2026-01-14 07:20:44.895124
36.619374018936064,2026-01-14 07:21:14.895125
24.340919289336522,2026-01-14 07:21:44.895127
31.20011368842523,2026-01-14 07:22:14.895128
31.527771601886293,2026-01-14 07:22:44.895130
32.02808796570189,2026-01-14 07:23:14.895131
33.5750350690057,2026-01-14 07:23:44.895133
35.04260412389291,2026-01-14 07:24:14.895134
37.658444006204576,2026-01-14 07:24:44.895136
28.148383157013516,2026-01-14 07:25:14.895137
25.832205063603666,2026-01-14 07:25:44.895139
32.091262773930005,2026-01-14 07:26:14.895140
32.002060146192186,2026-01-14 07:26:44.895142
170.54508216133348,2026-01-14 07:27:14.895145
22.553034701753468,2026-01-14 07:27:44.895146
33.22742090570538,2026-01-14 07:28:14.895148
40.8162736165273,2026-01-14 07:28:44.895149
147.3497732830949,2026-01-14 07:29:14.895152
37.887266398817374,2026-01-14 07:29:44.895153
30.87772914945254,2026-01-14 07:30:14.895155
32.042561741887134,2026-01-14 07:30:44.895156
28.185213605156463,2026-01-14 07:31:14.895158
30.87319634683914,2026-01-14 07:31:44.895159
27.599340661520745,2026-01-14 07:32:14.895161
197.51022842285533,2026-01-14 07:32:44.895164
27.205390763642058,2026-01-14 07:33:14.895165
31.886059375322603,2026-01-14 07:33:44.895167
37.827620146171704,2026-01-14 07:34:14.895168
29.67124869463506,2026-01-14 07:34:44.895170
22.75993049791878,2026-01-14 07:35:14.895171
19.00597021689959,2026-01-14 07:35:44.895173
24.893835914346433,2026-01-14 07:36:14.895174
33.541782236496765,2026-01-14 07:36:44.895176
132.08463134247202,2026-01-14 07:37:14.895179
34.36228664140072,2026-01-14 07:37:44.895181
29.427048498460156,2026-01-14 07:38:14.895183
33.16633751151788,2026-01-14 07:38:44.895184
34.489442693801706,2026-01-14 07:39:14.895186
28.967164157843357,2026-01-14 07:39:44.895187
30.371031069000775,2026-01-14 07:40:14.895189
28.852986986348238,2026-01-14 07:40:44.895190
32.52750905305746,2026-01-14 07:41:14.895192
29.85537557912565,2026-01-14 07:41:44.895193
33.538577706248105,2026-01-14 07:42:14.895195
33.61270040145038,2026-01-14 07:42:44.895196
25.278156112284737,2026-01-14 07:43:14.895198
31.616228814544897,2026-01-14 07:43:44.895200
36.24600883743767,2026-01-14 07:44:14.895201
32.45702283509749,2026-01-14 07:44:44.895203
31.874889691698545,2026-01-14 07:45:14.895204
26.213002415508456,2026-01-14 07:45:44.895206
26.29583796016149,2026-01-14 07:46:14.895207
29.928554843050154,2026-01-14 07:46:44.895209
26.826974823533217,2026-01-14 07:47:14.895210
34.97876118340678,2026-01-14 07:47:44.895212
29.13482560651541,2026-01-14 07:48:14.895213
26.55920154949864,2026-01-14 07:48:44.895215
35.1176076123283,2026-01-14 07:49:14.895216
24.531855269683025,2026-01-14 07:49:44.895218
29.87911511450935,2026-01-14 07:50:14.895219
27.144976401802133,2026-01-14 07:50:44.895221
42.010131409177276,2026-01-14 07:51:14.895222
29.886984552775903,2026-01-14 07:51:44.895224
25.618406660129093,2026-01-14 07:52:14.895225
30.18830116583969,2026-01-14 07:52:44.895227
29.10494016441257,2026-01-14 07:53:14.895228
26.340614571848914,2026-01-14 07:53:44.895230
34.94441368654509,2026-01-14 07:54:14.895231
33.11654903327302,2026-01-14 07:54:44.895233
31.377552811741264,2026-01-14 07:55:14.895234
26.00727342196909,2026-01-14 07:55:44.895236
39.059900620674355,2026-01-14 07:56:14.895237
31.789628643458844,2026-01-14 07:56:44.895239
27.102683629649647,2026-01-14 07:57:14.895240
35.44504990892387,2026-01-14 07:57:44.895242
30.57266683107732,2026-01-14 07:58:14.895243
34.75072735499416,2026-01-14 07:58:44.895245
32.00671813512395,2026-01-14 07:59:14.895246
40.91253512088544,2026-01-14 07:59:44.895248
24.84211876564921,2026-01-14 08:00:14.895249
27.3535088122689,2026-01-14 08:00:44.895251
44.82505175860361,2026-01-14 08:01:14.895252
29.516855466883896,2026-01-14 08:01:44.895254
24.36086389749347,2026-01-14 08:02:14.895255
32.82138694013368,2026-01-14 08:02:44.895257
35.455230510823334,2026-01-14 08:03:14.895258
29.44633285459652,2026-01-14 08:03:44.895260
20.67834235845453,2026-01-14 08:04:14.895261
123.2087353129986,2026-01-14 08:04:44.895264
31.12225909279986,2026-01-14 08:05:14.895266
35.23549151306077,2026-01-14 08:05:44.895267
35.393404167156476,2026-01-14 08:06:14.895269
29.807457652496463,2026-01-14 08:06:44.895270
33.261614392067095,2026-01-14 08:07:14.895272
22.118039215078753,2026-01-14 08:07:44.895273
37.38270174862948,2026-01-14 08:08:14.895275
36.90045677073726,2026-01-14 08:08:44.895276
32.47015093141369,2026-01-14 08:09:14.895278
31.303368829119535,2026-01-14 08:09:44.895279
29.872229645042772,2026-01-14 08:10:14.895281
35.86364509629682,2026-01-14 08:10:44.895282
33.85849355324172,2026-01-14 08:11:14.895284
15.757286896849623,2026-01-14 08:11:44.895285
140.6506746160902,2026-01-14 08:12:14.895288
24.401650526869282,2026-01-14 08:12:44.895290
35.538602251408506,2026-01-14 08:13:14.895291
156.30316331069113,2026-01-14 08:13:44.895295
30.384109455301278,2026-01-14 08:14:14.895296
23.58503887905715,2026-01-14 08:14:44.895298
22.217090506701247,2026-01-14 08:15:14.895299
27.859424195170437,2026-01-14 08:15:44.895301
28.256739327960705,2026-01-14 08:16:14.895302
28.253711478407855,2026-01-14 08:16:44.895304
56.783649487826175,2026-01-14 08:17:14.895305
80.76747983560841,2026-01-14 08:17:44.895307
70.30283454031843,2026-01-14 08:18:14.895308
62.387891590265134,2026-01-14 08:18:44.895310
59.283987405859364,2026-01-14 08:19:14.895311
59.627777634901584,2026-01-14 08:19:44.895313
67.3264007721558,2026-01-14 08:20:14.895314
59.19283419891418,2026-01-14 08:20:44.895316
69.16327674702481,2026-01-14 08:21:14.895317
63.46488475897993,2026-01-14 08:21:44.895319
80.88374704780728,2026-01-14 08:22:14.895320
58.604103718448265,2026-01-14 08:22:44.895322
71.08182816737516,2026-01-14 08:23:14.895323
49.60094072874469,2026-01-14 08:23:44.895325
53.76231039304195,2026-01-14 08:24:14.895326
79.14031353866787,2026-01-14 08:24:44.895328
68.70067730688754,2026-01-14 08:25:14.895329
64.95681887972604,2026-01-14 08:25:44.895331
84.03415585238275,2026-01-14 08:26:14.895333
59.42381202966415,2026-01-14 08:26:44.895334
71.05525932957984,2026-01-14 08:27:14.895336
71.8703030556038,2026-01-14 08:27:44.895337
76.33431532301096,2026-01-14 08:28:14.895339
48.53654606981312,2026-01-14 08:28:44.895340
59.35861653407007,2026-01-14 08:29:14.895342
63.2876241030348,2026-01-14 08:29:44.895343
76.13711269058646,2026-01-14 08:30:14.895345
64.5353430151398,2026-01-14 08:30:44.895346
71.89470488924641,2026-01-14 08:31:14.895348
47.72392184863008,2026-01-14 08:31:44.895349
57.02436496640008,2026-01-14 08:32:14.895351
73.75706813311619,2026-01-14 08:32:44.895353
58.2692817571613,2026-01-14 08:33:14.895354
60.155790475814676,2026-01-14 08:33:44.895356
75.94505063224972,2026-01-14 08:34:14.895357
51.53038651681672,2026-01-14 08:34:44.895359
53.610382523104974,2026-01-14 08:35:14.895360
46.76910206592502,2026-01-14 08:35:44.895362
76.4201516013637,2026-01-14 08:36:14.895363
70.09817089342634,2026-01-14 08:36:44.895365
69.81765486991594,2026-01-14 08:37:14.895366
56.75168616491378,2026-01-14 08:37:44.895368
46.10427533236404,2026-01-14 08:38:14.895369
43.546012530431085,2026-01-14 08:38:44.895371
73.84272818510519,2026-01-14 08:39:14.895372
65.6390912005236,2026-01-14 08:39:44.895374
67.58928589786765,2026-01-14 08:40:14.895375
62.811914239693756,2026-01-14 08:40:44.895377
52.46035411133324,2026-01-14 08:41:14.895379
57.19324923133226,2026-01-14 08:41:44.895380
50.11408892849083,2026-01-14 08:42:14.895382
48.964106827842286,2026-01-14 08:42:44.895383
69.18316606002313,2026-01-14 08:43:14.895385
44.29499396376823,2026-01-14 08:43:44.895386
50.175126064616904,2026-01-14 08:44:14.895388
57.753668500029754,2026-01-14 08:44:44.895389
61.0537550614596,2026-01-14 08:45:14.895391
46.65974505081795,2026-01-14 08:45:44.895392
158.68365173759398,2026-01-14 08:46:14.895395
64.40474737960399,2026-01-14 08:46:44.895397
54.21036744805829,2026-01-14 08:47:14.895398
168.1289456117065,2026-01-14 08:47:44.895401
60.48860070325704,2026-01-14 08:48:14.895402
60.405916912038826,2026-01-14 08:48:44.895404
45.97394728200307,2026-01-14 08:49:14.895406
77.4957674318694,2026-01-14 08:49:44.895407
47.56136764608715,2026-01-14 08:50:14.895409
53.07094802204092,2026-01-14 08:50:44.895410
57.05050321707972,2026-01-14 08:51:14.895412
72.47742072673734,2026-01-14 08:51:44.895413
51.64652946740243,2026-01-14 08:52:14.895415
81.45149127773388,2026-01-14 08:52:44.895416
66.33776880932099,2026-01-14 08:53:14.895418
64.13799097451498,2026-01-14 08:53:44.895420
60.438114719791095,2026-01-14 08:54:14.895422
58.529979983715116,2026-01-14 08:54:44.895424
54.425082149921664,2026-01-14 08:55:14.895425
46.301970204209226,2026-01-14 08:55:44.895427
51.963254320302696,2026-01-14 08:56:14.895429
76.39116805444067,2026-01-14 08:56:44.895430
65.68983079185276,2026-01-14 08:57:14.895432
76.28396623128538,2026-01-14 08:57:44.895433
54.18319086051356,2026-01-14 08:58:14.895435
49.852432693071336,2026-01-14 08:58:44.895436
60.34083468259226,2026-01-14 08:59:14.895438
52.30026768941358,2026-01-14 08:59:44.895439
62.33785911790748,2026-01-14 09:00:14.895441
44.44104353796373,2026-01-14 09:00:44.895442
40.062643574285445,2026-01-14 09:01:14.895444
63.74056569847572,2026-01-14 09:01:44.895445
76.72572386837703,2026-01-14 09:02:14.895447
64.19019009366045,2026-01-14 09:02:44.895448
65.58326912521723,2026-01-14 09:03:14.895450
60.760053914124114,2026-01-14 09:03:44.895451
61.69360824036078,2026-01-14 09:04:14.895453
45.8628550309502,2026-01-14 09:04:44.895454
52.64470057410233,2026-01-14 09:05:14.895456
72.36093175210438,2026-01-14 09:05:44.895457
194.16007743394363,2026-01-14 09:06:14.895460
56.83591550305198,2026-01-14 09:06:44.895462
60.75187087606186,2026-01-14 09:07:14.895464
72.27050059970152,2026-01-14 09:07:44.895465
54.72530676386144,2026-01-14 09:08:14.895467
63.61676585423655,2026-01-14 09:08:44.895468
49.29405661764398,2026-01-14 09:09:14.895470
51.10253898213431,2026-01-14 09:09:44.895471
60.8718640420643,2026-01-14 09:10:14.895473
67.08089121856676,2026-01-14 09:10:44.895474
81.5574316320679,2026-01-14 09:11:14.895476
48.685469793475704,2026-01-14 09:11:44.895477
62.513056408063804,2026-01-14 09:12:14.895479
59.984494941640975,2026-01-14 09:12:44.895480
55.61412793742704,2026-01-14 09:13:14.895482
71.6630274723679,2026-01-14 09:13:44.895483
65.68441006256154,2026-01-14 09:14:14.895485
65.99594113281493,2026-01-14 09:14:44.895486
48.12087191357935,2026-01-14 09:15:14.895488
56.46983943274438,2026-01-14 09:15:44.895489
60.50535815594006,2026-01-14 09:16:14.895491
61.704972350404304,2026-01-14 09:16:44.895492
84.64877635857684,2026-01-14 09:17:14.895494
56.998597156075085,2026-01-14 09:17:44.895495
34.74281366397512,2026-01-14 09:18:14.895497
60.63956786910933,2026-01-14 09:18:44.895499
65.077576703115,2026-01-14 09:19:14.895500
60.53988418445793,2026-01-14 09:19:44.895502
31.117287948072754,2026-01-14 09:20:14.895503
62.93269314133503,2026-01-14 09:20:44.895505
65.40112711683126,2026-01-14 09:21:14.895506
47.175013788784774,2026-01-14 09:21:44.895508
124.62244487970933,2026-01-14 09:22:14.895511
59.37343043797556,2026-01-14 09:22:44.895512
53.8659733645906,2026-01-14 09:23:14.895514
56.975303135118715,2026-01-14 09:23:44.895515
61.60573981049865,2026-01-14 09:24:14.895517
60.03046020153415,2026-01-14 09:24:44.895518
69.49554135441323,2026-01-14 09:25:14.895520
45.151020315500965,2026-01-14 09:25:44.895521
46.33121301584579,2026-01-14 09:26:14.895523
57.75234598107316,2026-01-14 09:26:44.895524
65.41462728204787,2026-01-14 09:27:14.895526
67.59155160302647,2026-01-14 09:27:44.895527
54.2348959927328,2026-01-14 09:28:14.895529
34.0895770785509,2026-01-14 09:28:44.895530
54.53755551747517,2026-01-14 09:29:14.895532
63.91804005402547,2026-01-14 09:29:44.895534
59.846901508270044,2026-01-14 09:30:14.895535
65.79291499601088,2026-01-14 09:30:44.895537
71.96571501664491,2026-01-14 09:31:14.895538
58.4147042697303,2026-01-14 09:31:44.895540
55.567177488084894,2026-01-14 09:32:14.895541
51.15197285973099,2026-01-14 09:32:44.895543
46.28098857068643,2026-01-14 09:33:14.895544
43.86438602123259,2026-01-14 09:33:44.895546
53.309272613400836,2026-01-14 09:34:14.895547
70.39904687396077,2026-01-14 09:34:44.895549
66.7792587133927,2026-01-14 09:35:14.895550
55.120885918542974,2026-01-14 09:35:44.895552
81.57308213265503,2026-01-14 09:36:14.895553
53.94285076996662,2026-01-14 09:36:44.895555
73.01741289398798,2026-01-14 09:37:14.895556
75.61511196726853,2026-01-14 09:37:44.895559
64.59972142939117,2026-01-14 09:38:14.895560
53.22284630247894,2026-01-14 09:38:44.895562
56.34678448687891,2026-01-14 09:39:14.895563
61.84680305864909,2026-01-14 09:39:44.895565
46.52873710470303,2026-01-14 09:40:14.895567
50.28385961489349,2026-01-14 09:40:44.895568
49.5308901731806,2026-01-14 09:41:14.895569
65.36652752527286,2026-01-14 09:41:44.895571
71.85704154662997,2026-01-14 09:42:14.895573
67.18953310665067,2026-01-14 09:42:44.895574
69.96047685805816,2026-01-14 09:43:14.895576
52.43204911430539,2026-01-14 09:43:44.895577
56.77320161157864,2026-01-14 09:44:14.895579
57.49166983544953,2026-01-14 09:44:44.895580
64.55887772081607,2026-01-14 09:45:14.895582
183.89713533236596,2026-01-14 09:45:44.895585
74.55618690081117,2026-01-14 09:46:14.895586
77.99271575019,2026-01-14 09:46:44.895588
51.462634653150886,2026-01-14 09:47:14.895589
63.592094004578406,2026-01-14 09:47:44.895597
54.05223745444338,2026-01-14 09:48:14.895600
47.18702326523145,2026-01-14 09:48:44.895602
65.79442572867262,2026-01-14 09:49:14.895603
61.47699325226777,2026-01-14 09:49:44.895605
62.10470541530485,2026-01-14 09:50:14.895606
58.35436928991406,2026-01-14 09:50:44.895608
63.041261706698094,2026-01-14 09:51:14.895609
62.65898479813848,2026-01-14 09:51:44.895611
68.37562703358373,2026-01-14 09:52:14.895612
51.86354643940325,2026-01-14 09:52:44.895614
68.88598880330875,2026-01-14 09:53:14.895615
67.34449033487655,2026-01-14 09:53:44.895617
63.26274670846686,2026-01-14 09:54:14.895618
60.303116574943424,2026-01-14 09:54:44.895620
59.05628249964619,2026-01-14 09:55:14.895622
59.14106750282208,2026-01-14 09:55:44.895623
60.30478850265665,2026-01-14 09:56:14.895625
45.080638535286255,2026-01-14 09:56:44.895626
83.0041008544697,2026-01-14 09:57:14.895628
70.75433063105038,2026-01-14 09:57:44.895629
78.11375028664982,2026-01-14 09:58:14.895631
66.23548856901637,2026-01-14 09:58:44.895632
53.77621805009197,2026-01-14 09:59:14.895634
64.78089996627456,2026-01-14 09:59:44.895636
127.93424796697727,2026-01-14 10:00:14.895639
50.73286897507818,2026-01-14 10:00:44.895640
54.19476550195277,2026-01-14 10:01:14.895642
65.88578404420609,2026-01-14 10:01:44.895643
48.04116937964815,2026-01-14 10:02:14.895645
64.4460266822014,2026-01-14 10:02:44.895647
58.65982833327082,2026-01-14 10:03:14.895648
60.14688194729197,2026-01-14 10:03:44.895650
149.43526010416676,2026-01-14 10:04:14.895653
66.4828043384386,2026-01-14 10:04:44.895654
55.458104416884844,2026-01-14 10:05:14.895656
149.46476244054787,2026-01-14 10:05:44.895658
77.26963851233405,2026-01-14 10:06:14.895660
56.003638143853976,2026-01-14 10:06:44.895662
45.816342670669684,2026-01-14 10:07:14.895663
42.39191188019224,2026-01-14 10:07:44.895665
44.74343685429905,2026-01-14 10:08:14.895666
72.62584103427182,2026-01-14 10:08:44.895668
54.481418541075534,2026-01-14 10:09:14.895670
85.58199285668252,2026-01-14 10:09:44.895671
75.42109952567876,2026-01-14 10:10:14.895673
80.06092888159122,2026-01-14 10:10:44.895674
70.24062525811462,2026-01-14 10:11:14.895676
65.92526949201184,2026-01-14 10:11:44.895677
51.81801116577693,2026-01-14 10:12:14.895679
59.96625542589048,2026-01-14 10:12:44.895680
66.96387447456715,2026-01-14 10:13:14.895682
69.5530520857051,2026-01-14 10:13:44.895683
48.58310885866495,2026-01-14 10:14:14.895685
58.06340540720282,2026-01-14 10:14:44.895686
59.17319314157301,2026-01-14 10:15:14.895688
58.78252491616716,2026-01-14 10:15:44.895689
49.758131756707954,2026-01-14 10:16:14.895691
78.54092566334188,2026-01-14 10:16:44.895692
57.73515901150168,2026-01-14 10:17:14.895694
50.405607632765204,2026-01-14 10:17:44.895695
78.84586305934609,2026-01-14 10:18:14.895697
75.43243528272188,2026-01-14 10:18:44.895698
61.40886246911204,2026-01-14 10:19:14.895700
42.31560634437149,2026-01-14 10:19:44.895701
55.33963498131758,2026-01-14 10:20:14.895703
44.05296932733204,2026-01-14 10:20:44.895704
65.13600106569717,2026-01-14 10:21:14.895706
54.672991603380886,2026-01-14 10:21:44.895707
59.724850949493636,2026-01-14 10:22:14.895709
77.72251596669744,2026-01-14 10:22:44.895711
53.97787939638219,2026-01-14 10:23:14.895712
64.68774256075024,2026-01-14 10:23:44.895713
125.5166413085137,2026-01-14 10:24:14.895716
72.26933223884308,2026-01-14 10:24:44.895718
50.236247287166286,2026-01-14 10:25:14.895719
51.075441606430964,2026-01-14 10:25:44.895721
51.59718569342871,2026-01-14 10:26:14.895722
50.77169810273167,2026-01-14 10:26:44.895724
54.73921967788041,2026-01-14 10:27:14.895726
59.85980461742411,2026-01-14 10:27:44.895728
61.0164428768951,2026-01-14 10:28:14.895730
48.68973608508057,2026-01-14 10:28:44.895731
62.470773778063034,2026-01-14 10:29:14.895733
60.873310579154094,2026-01-14 10:29:44.895735
58.90450708530796,2026-01-14 10:30:14.895736
53.95987725074873,2026-01-14 10:30:44.895738
48.89600482703979,2026-01-14 10:31:14.895739
65.67055517388103,2026-01-14 10:31:44.895741
60.79993380559144,2026-01-14 10:32:14.895742
63.47906116324886,2026-01-14 10:32:44.895744
55.73242883117646,2026-01-14 10:33:14.895745
54.58165012331358,2026-01-14 10:33:44.895747
70.1750122908418,2026-01-14 10:34:14.895748
86.63182350119824,2026-01-14 10:34:44.895750
57.044587598534505,2026-01-14 10:35:14.895751
61.523155135766245,2026-01-14 10:35:44.895753
59.17352214961811,2026-01-14 10:36:14.895754
51.709830803416374,2026-01-14 10:36:44.895756
55.516197809461175,2026-01-14 10:37:14.895757
80.10009289300001,2026-01-14 10:37:44.895759
52.89239896450822,2026-01-14 10:38:14.895760
60.73770107886886,2026-01-14 10:38:44.895762
53.52759362011953,2026-01-14 10:39:14.895763
59.41118190097275,2026-01-14 10:39:44.895765
52.90966288335295,2026-01-14 10:40:14.895766
54.89563947573033,2026-01-14 10:40:44.895768
45.53871967439838,2026-01-14 10:41:14.895769
60.94993751356304,2026-01-14 10:41:44.895771
56.39526595795404,2026-01-14 10:42:14.895772
181.76099810479923,2026-01-14 10:42:44.895775
68.83109777147159,2026-01-14 10:43:14.895777
59.22162802987198,2026-01-14 10:43:44.895778
62.98752908365686,2026-01-14 10:44:14.895780
52.48208949904816,2026-01-14 10:44:44.895781
61.13270410537764,2026-01-14 10:45:14.895783
45.61722021682633,2026-01-14 10:45:44.895784
78.73297776217545,2026-01-14 10:46:14.895786
70.80048065714648,2026-01-14 10:46:44.895787
60.678555105274036,2026-01-14 10:47:14.895789
68.52773675122219,2026-01-14 10:47:44.895790
53.56450167682538,2026-01-14 10:48:14.895792
70.29960817581161,2026-01-14 10:48:44.895793
56.65224667893459,2026-01-14 10:49:14.895795
55.96351536758003,2026-01-14 10:49:44.895797
50.44877420650647,2026-01-14 10:50:14.895798
64.23599065593461,2026-01-14 10:50:44.895800
153.42087834200797,2026-01-14 10:51:14.895802
173.43359990429016,2026-01-14 10:51:44.895805
49.376064718531204,2026-01-14 10:52:14.895807
64.28307097207649,2026-01-14 10:52:44.895808
71.87386051564751,2026-01-14 10:53:14.895810
85.89563642018614,2026-01-14 10:53:44.895812
61.94384301577336,2026-01-14 10:54:14.895813
56.46833707189312,2026-01-14 10:54:44.895815
61.68460976269614,2026-01-14 10:55:14.895816
73.17597535607959,2026-01-14 10:55:44.895818
73.17115067339866,2026-01-14 10:56:14.895819
58.81931473008921,2026-01-14 10:56:44.895821
72.96994546561109,2026-01-14 10:57:14.895822
59.77131937701118,2026-01-14 10:57:44.895824
68.40620026504553,2026-01-14 10:58:14.895825
65.4673356820138,2026-01-14 10:58:44.895827
56.08241850956178,2026-01-14 10:59:14.895828
50.77589815501497,2026-01-14 10:59:44.895830
72.17158520825497,2026-01-14 11:00:14.895831
75.21316051922452,2026-01-14 11:00:44.895833
64.03730090336609,2026-01-14 11:01:14.895834
59.758043936090836,2026-01-14 11:01:44.895836
48.20960208840198,2026-01-14 11:02:14.895837
71.87679388461564,2026-01-14 11:02:44.895839
62.83287871546142,2026-01-14 11:03:14.895840
57.410950262959226,2026-01-14 11:03:44.895842
68.71297297457244,2026-01-14 11:04:14.895843
46.54020319753251,2026-01-14 11:04:44.895845
49.99668675394425,2026-01-14 11:05:14.895846
53.222550294751485,2026-01-14 11:05:44.895848
65.13907849658915,2026-01-14 11:06:14.895849
61.79581781939598,2026-01-14 11:06:44.895851
33.17360734280885,2026-01-14 11:07:14.895852
35.54849920978111,2026-01-14 11:07:44.895854
33.362868506013655,2026-01-14 11:08:14.895856
39.49940967447608,2026-01-14 11:08:44.895857
35.53540334643486,2026-01-14 11:09:14.895858
29.398094180232007,2026-01-14 11:09:44.895860
27.323359070230385,2026-01-14 11:10:14.895862
29.547333588479198,2026-01-14 11:10:44.895863
33.547259085695195,2026-01-14 11:11:14.895865
27.822568147150783,2026-01-14 11:11:44.895866
33.694052404437514,2026-01-14 11:12:14.895868
178.13367936562585,2026-01-14 11:12:44.895870
34.4433137677548,2026-01-14 11:13:14.895872
27.366222836725047,2026-01-14 11:13:44.895874
31.6975724190942,2026-01-14 11:14:14.895875
26.771143246817157,2026-01-14 11:14:44.895877
20.573999739894415,2026-01-14 11:15:14.895878
28.518662782455593,2026-01-14 11:15:44.895880
35.25055298054457,2026-01-14 11:16:14.895881
25.68024389289597,2026-01-14 11:16:44.895883
32.141564812367484,2026-01-14 11:17:14.895884
34.49567856843746,2026-01-14 11:17:44.895886
33.67152337780748,2026-01-14 11:18:14.895887
26.75334344039803,2026-01-14 11:18:44.895889
26.33106013107318,2026-01-14 11:19:14.895890
30.180316957348136,2026-01-14 11:19:44.895892
31.325777636494436,2026-01-14 11:20:14.895894
33.20965267480776,2026-01-14 11:20:44.895895
33.26641586624769,2026-01-14 11:21:14.895897
43.4376718284848,2026-01-14 11:21:44.895898
37.3702802624404,2026-01-14 11:22:14.895900
28.23993462573263,2026-01-14 11:22:44.895901
40.526012006040055,2026-01-14 11:23:14.895903
24.43472786468144,2026-01-14 11:23:44.895906
24.927905614160004,2026-01-14 11:24:14.895907
33.914351217906734,2026-01-14 11:24:44.895909
28.71706034908913,2026-01-14 11:25:14.895910
168.05208532386848,2026-01-14 11:25:44.895913
30.218012231862268,2026-01-14 11:26:14.895914
38.47525520215376,2026-01-14 11:26:44.895916
26.28764707150976,2026-01-14 11:27:14.895918
23.39988744389647,2026-01-14 11:27:44.895919
146.50776056824407,2026-01-14 11:28:14.895922
26.53789510063072,2026-01-14 11:28:44.895923
32.260166722928844,2026-01-14 11:29:14.895925
23.799698537647078,2026-01-14 11:29:44.895926
28.975324810933774,2026-01-14 11:30:14.895928
30.034341274695183,2026-01-14 11:30:44.895929
35.42239791536535,2026-01-14 11:31:14.895931
27.112349532462233,2026-01-14 11:31:44.895932
31.88675351381615,2026-01-14 11:32:14.895934
29.09755105534183,2026-01-14 11:32:44.895935
25.568898281952972,2026-01-14 11:33:14.895937
31.34330713341886,2026-01-14 11:33:44.895939
29.907209971169664,2026-01-14 11:34:14.895940
130.51912959183852,2026-01-14 11:34:44.895943
26.457966165447687,2026-01-14 11:35:14.895944
22.431428036935863,2026-01-14 11:35:44.895946
31.335633255057417,2026-01-14 11:36:14.895947
32.54362511614967,2026-01-14 11:36:44.895949
