humidity_percent,air_quality_index,temperature_celsius,timestamp
41.10495905562463,54.78353277034075,23.837123876600412,2026-01-14 09:23:54.924885
58.08412227845221,42.95788421097572,24.627680130757895,2026-01-14 09:24:02.924894
45.42895867396687,36.13875743379343,15.162352961919197,2026-01-14 09:24:10.924897
57.60295745917522,34.80753319498364,23.94274199778582,2026-01-14 09:24:18.924900
44.37324958634074,17.90569015885641,21.111575117227247,2026-01-14 09:24:26.924903
54.78176373530086,41.834259132122256,23.3327677691296,2026-01-14 09:24:34.924906
45.19796919915271,64.21159731569958,23.873102003786546,2026-01-14 09:24:42.924909
44.91552207780288,49.79754162893099,19.8268672131323,2026-01-14 09:24:50.924912
48.164396369344345,55.84023369884185,19.204642658232075,2026-01-14 09:24:58.924915
58.73593811486137,30.077209266523543,23.590583707607372,2026-01-14 09:25:06.924917
99.39498941564189,288.99882986906914,43.26540768805835,2026-01-14 09:25:14.924974
49.07481374089408,45.48344456616067,18.56443402889772,2026-01-14 09:25:22.924977
44.24124633284233,29.799828539579806,20.35822620185868,2026-01-14 09:25:30.924980
52.592671755158364,44.22376579375525,20.969233999082125,2026-01-14 09:25:38.924983
54.89341031072694,58.73184192069559,25.663245378780072,2026-01-14 09:25:46.924986
43.286259814218894,45.36181436223178,23.99379029421069,2026-01-14 09:25:54.924988
57.80436101697887,47.33401818094017,21.7688500739411,2026-01-14 09:26:02.924991
56.500206579153584,70.34360042856234,22.783969635258998,2026-01-14 09:26:10.924994
58.02826318313619,64.5944530063368,25.386786391687824,2026-01-14 09:26:18.924996
49.713391687120385,73.4696548372101,15.140764687730767,2026-01-14 09:26:26.924999
56.57522003500179,28.71874312112896,26.127474852018263,2026-01-14 09:26:34.925003
48.242624897299905,55.3566885726762,27.433682134224547,2026-01-14 09:26:42.925006
45.85383825381082,46.8175786743256,21.719393617880833,2026-01-14 09:26:50.925008
57.32321694161659,54.93126664489527,21.410719388698883,2026-01-14 09:26:58.925011
54.106139464906846,70.57793200324664,23.526659881864497,2026-01-14 09:27:06.925014
44.38357524898118,45.085067801033475,21.823675540603528,2026-01-14 09:27:14.925017
38.29188041494305,10.172359286547952,24.0365538316663,2026-01-14 09:27:22.925019
47.25828386778584,37.96584096167572,22.516142865001974,2026-01-14 09:27:30.925022
53.232406854516306,35.854147872991064,27.21187621597788,2026-01-14 09:27:38.925025
92.51782295825365,256.8405884886663,-7.7786960506990015,2026-01-14 09:27:46.925042
44.726541580508176,50.05905956647104,24.43326229830058,2026-01-14 09:27:54.925045
47.927770842088876,49.47932345442135,19.493965887141403,2026-01-14 09:28:02.925048
2.4205527151150044,205.44816840921067,-6.367600925838612,2026-01-14 09:28:10.925064
54.69485675040216,82.85683438714968,20.028391024607934,2026-01-14 09:28:18.925067
45.46961816317783,75.59907430517693,25.620768246906138,2026-01-14 09:28:26.925070
37.59469255147094,51.02844462209041,19.813088858821686,2026-01-14 09:28:34.925073
53.788739445081454,59.30822323942603,22.51718786941081,2026-01-14 09:28:42.925075
43.7339736613101,45.16907725691487,25.440551652109008,2026-01-14 09:28:50.925078
40.15308546852836,70.45829786625657,30.617488148807997,2026-01-14 09:28:58.925081
52.07906235398739,61.72734307665966,19.289147867365756,2026-01-14 09:29:06.925083
39.436347095325786,59.26461268266718,26.65121239094033,2026-01-14 09:29:14.925086
52.34457978638945,39.28472872960448,28.59732353343427,2026-01-14 09:29:22.925089
53.7906633672943,61.01751597320069,20.13650821411574,2026-01-14 09:29:30.925092
59.26876463205923,37.68976522472434,25.890128387732965,2026-01-14 09:29:38.925094
53.30224741549198,36.98538365030938,23.43758555728493,2026-01-14 09:29:46.925097
42.88388456299582,37.762845725518424,22.76869487175769,2026-01-14 09:29:54.925100
52.729215798533154,68.1407295602995,24.613880011075988,2026-01-14 09:30:02.925102
47.88274533409635,90.80253749884429,24.87700204329502,2026-01-14 09:30:10.925105
43.14273954866974,50.62970096705035,22.58818454870655,2026-01-14 09:30:18.925108
48.21229771739319,60.71000741138138,24.419712873720634,2026-01-14 09:30:26.925110
8.530094554673601,178.6366546725519,44.852798742763156,2026-01-14 09:30:34.925127
49.417368698745015,52.59771388776773,24.15595213918651,2026-01-14 09:30:42.925130
51.84762978356106,37.86594662914458,26.172270526587127,2026-01-14 09:30:50.925132
50.410886875837086,66.24576864762915,26.16140615610471,2026-01-14 09:30:58.925135
57.24097567965247,40.94143441273207,23.91334735961256,2026-01-14 09:31:06.925138
5.113423988609378,179.14109302680635,43.967838272138884,2026-01-14 09:31:14.925154
52.05765992784085,32.71151942509977,18.497694820378477,2026-01-14 09:31:22.925157
46.11709161736717,51.22811209079484,29.943975700020527,2026-01-14 09:31:30.925160
35.06187845926601,43.78202291915163,23.240596137622443,2026-01-14 09:31:38.925162
46.22454507368453,66.33425895451049,23.19284005728639,2026-01-14 09:31:46.925165
41.37804177656555,58.24364517594001,19.18738457937188,2026-01-14 09:31:54.925168
50.36457471923051,40.22599478591275,29.431832267975977,2026-01-14 09:32:02.925170
55.07135217854409,50.22714917389796,24.326222050600194,2026-01-14 09:32:10.925173
44.70570828185289,62.78650002194336,20.622437784701898,2026-01-14 09:32:18.925176
49.082108468264806,38.42271383364867,27.983905191824462,2026-01-14 09:32:26.925179
46.20043751071235,40.200061511394324,28.29636272084329,2026-01-14 09:32:34.925182
53.23985368768764,55.659443981906136,27.95405295943847,2026-01-14 09:32:42.925185
37.845040272367896,42.73648890700623,26.800733447559868,2026-01-14 09:32:50.925187
44.33864427504975,46.439120581899964,28.616017041416914,2026-01-14 09:32:58.925190
24.06986127944742,34.63418537998565,22.242295545820518,2026-01-14 09:33:06.925193
40.017734544281204,73.14601477788625,26.96979142145371,2026-01-14 09:33:14.925195
61.530186312528926,28.46206773230841,26.48949125646488,2026-01-14 09:33:22.925198
50.0818644881567,46.96313711252673,23.18268982135148,2026-01-14 09:33:30.925200
50.90813876200998,59.9319601178157,27.758050448436055,2026-01-14 09:33:38.925203
40.097476009385204,60.302727691489565,23.21291724691924,2026-01-14 09:33:46.925206
52.24793494188026,40.659507202691096,22.375633248928175,2026-01-14 09:33:54.925208
46.05599252272934,40.66644252640582,21.933534077250922,2026-01-14 09:34:02.925211
57.196799003466005,54.60949281314914,25.43858635651688,2026-01-14 09:34:10.925215
55.037030735388896,58.27605515697611,20.869616126217547,2026-01-14 09:34:18.925217
49.83278724828681,51.75991074963173,26.832994687365275,2026-01-14 09:34:26.925220
45.26742888931336,73.29289663758988,21.681446373577167,2026-01-14 09:34:34.925223
60.44383045723463,50.31505762449139,25.045858913884892,2026-01-14 09:34:42.925225
47.51786594725235,45.93439306567186,21.160715951274867,2026-01-14 09:34:50.925228
9.506071469375561,162.49266167928894,46.02440925901119,2026-01-14 09:34:58.925246
56.16542663618489,60.005841552046874,20.902560265724247,2026-01-14 09:35:06.925249
49.92946363003354,64.62679600126627,22.558827855493583,2026-01-14 09:35:14.925252
54.9107307318034,70.36821182149983,21.70008977929232,2026-01-14 09:35:22.925255
51.63058182021974,42.93442541572516,23.69614981207291,2026-01-14 09:35:30.925257
59.23483470727139,42.83927404137019,21.00731767008673,2026-01-14 09:35:38.925260
60.88089092998537,54.66361348397007,27.426068650848656,2026-01-14 09:35:46.925263
47.58140606338954,49.93155756514555,20.95297219663954,2026-01-14 09:35:54.925266
49.614436115713495,54.84077840507134,20.518307169343032,2026-01-14 09:36:02.925269
53.94149187040324,51.333095091976155,18.663170082583754,2026-01-14 09:36:10.925271
43.246904691858084,53.36138722715625,23.037777202345385,2026-01-14 09:36:18.925275
53.789019101820514,50.81525866907857,29.827283892701608,2026-01-14 09:36:26.925278
53.249813480399425,82.29773686267335,20.697957311335852,2026-01-14 09:36:34.925281
49.11254451496392,64.64463689721654,18.641451622782917,2026-01-14 09:36:42.925283
56.272051287313346,18.141564135352898,21.422734934957717,2026-01-14 09:36:50.925286
34.69834786348625,55.43714688207953,24.714042530980365,2026-01-14 09:36:58.925289
57.76419056010569,30.196501894690368,28.49437629756306,2026-01-14 09:37:06.925292
8.660638895004084,211.68826748780538,1.6640342560283834,2026-01-14 09:37:14.925308
36.29492376727298,70.3080856124812,22.656380464242147,2026-01-14 09:37:22.925311
59.902530495787694,48.37057003866717,22.83354512510698,2026-01-14 09:37:30.925314
50.041949597745464,50.70470890647113,21.649803585562267,2026-01-14 09:37:38.925316
54.98279945877999,29.47114826687214,24.606475429925613,2026-01-14 09:37:46.925319
37.727086634115025,69.16515232847763,23.996942035938776,2026-01-14 09:37:54.925322
44.01210770754757,51.72292202320843,27.653788564198912,2026-01-14 09:38:02.925325
66.4859833990559,76.33011263664807,22.253107554562778,2026-01-14 09:38:10.925327
57.77256760763484,72.33567760826719,25.63347550544034,2026-01-14 09:38:18.925330
58.4673958947967,23.618907703653285,19.450224462002673,2026-01-14 09:38:26.925334
95.1398948915981,286.57069176049094,-5.530608226870743,2026-01-14 09:38:34.925350
99.26587625161494,265.3376611973096,40.45861266404633,2026-01-14 09:38:42.925366
33.6861425779192,66.84016527197032,18.676412718512005,2026-01-14 09:38:50.925369
52.93278596877479,35.90180320508967,21.45839924798992,2026-01-14 09:38:58.925371
41.52629182488839,80.82638912932208,22.041919977399026,2026-01-14 09:39:06.925374
45.75793905302047,38.10690751606484,22.678908920136326,2026-01-14 09:39:14.925377
41.71806142064501,50.86211004536445,16.151592529877604,2026-01-14 09:39:22.925380
44.402195936059314,53.20969866101333,22.66301585092751,2026-01-14 09:39:30.925382
48.232243203734214,38.95381741613531,24.73851320464956,2026-01-14 09:39:38.925385
47.799586422786845,15.471182528966224,18.454426813404343,2026-01-14 09:39:46.925388
60.934994139556196,62.771031385682434,20.036192462610376,2026-01-14 09:39:54.925391
74.63104646764191,66.79362367151865,22.6162472255577,2026-01-14 09:40:02.925394
42.355676475196596,37.84241229531172,20.286374348638788,2026-01-14 09:40:10.925396
44.82741692605979,33.77677994578407,28.061424905217695,2026-01-14 09:40:18.925399
57.053118055595604,36.89038820772355,22.99011223901794,2026-01-14 09:40:26.925402
62.18499261815726,58.08365065526988,19.888261537020632,2026-01-14 09:40:34.925404
48.47729057533113,70.93597903892847,19.071052129964304,2026-01-14 09:40:42.925407
38.81145940944687,58.444538550358565,21.04807229263452,2026-01-14 09:40:50.925410
46.10299692988243,37.571243434718966,21.36449240200447,2026-01-14 09:40:58.925412
50.388173023558615,37.535748253834434,23.811370477339516,2026-01-14 09:41:06.925416
49.5980951244069,55.853799034747134,22.745273502512504,2026-01-14 09:41:14.925418
45.38582935545334,61.33086838738634,24.502751562873144,2026-01-14 09:41:22.925421
5.567628930139298,275.7873838053937,49.679940665042345,2026-01-14 09:41:30.925437
42.17955804161159,25.586863431752562,23.144254839984146,2026-01-14 09:41:38.925440
37.80567573464006,61.96604471867952,19.58257481423035,2026-01-14 09:41:46.925443
52.14194132562609,40.222458382967616,23.142196013949242,2026-01-14 09:41:54.925445
45.18425056882892,61.403766419530406,26.318987314485327,2026-01-14 09:42:02.925448
56.17310519441069,12.925332498090661,20.60931423358857,2026-01-14 09:42:10.925451
51.35783427512299,51.340908787184745,24.464132238136248,2026-01-14 09:42:18.925454
62.64107276060162,55.064039931128036,21.764369101632596,2026-01-14 09:42:26.925456
47.45217191479728,45.21414468400486,24.630449458891334,2026-01-14 09:42:34.925459
58.27936741664479,63.06687055147539,22.021929403496475,2026-01-14 09:42:42.925462
47.99901919140391,69.51578649743449,20.970760938547883,2026-01-14 09:42:50.925465
32.15736073899289,50.276275687843274,28.02931193682585,2026-01-14 09:42:58.925467
48.08657067175865,62.346574636175106,25.677232459445634,2026-01-14 09:43:06.925470
50.76496356711514,27.821206313302376,26.431262129620787,2026-01-14 09:43:14.925473
54.07502493068885,68.70990582847587,25.89776602387877,2026-01-14 09:43:22.925475
50.65643896922238,43.109586506896335,20.450466891605625,2026-01-14 09:43:30.925478
62.078170499676986,56.030517200703834,21.957419798681133,2026-01-14 09:43:38.925481
56.63310947668215,45.95187597059943,20.06370885265308,2026-01-14 09:43:46.925484
46.5807364604042,41.71031339979491,25.891550956146084,2026-01-14 09:43:54.925487
57.78845958016099,56.20152354835551,28.630387437674198,2026-01-14 09:44:02.925490
41.53291677722358,42.30628437542877,23.51178261074259,2026-01-14 09:44:10.925492
56.68452318679923,59.81548484531086,22.833245987268636,2026-01-14 09:44:18.925495
51.44424673444345,89.65357375097825,22.391461340989544,2026-01-14 09:44:26.925498
50.375323479602066,51.64092191907339,25.177299871696075,2026-01-14 09:44:34.925500
51.734888295863506,56.63174997970209,23.750731797720945,2026-01-14 09:44:42.925503
40.88196457474635,73.89779939959095,21.466352970706446,2026-01-14 09:44:50.925506
94.50839371404132,185.3859051892622,-7.517192344490653,2026-01-14 09:44:58.925522
95.18838057126072,241.1841590691388,47.44249651843289,2026-01-14 09:45:06.925538
56.81797191224214,15.188939390328045,22.31036128566084,2026-01-14 09:45:14.925540
55.02512010784535,44.96322951064808,28.007064575868178,2026-01-14 09:45:22.925543
40.99664793802489,47.76444999905705,22.980039636106287,2026-01-14 09:45:30.925546
39.44683963838444,46.53598204686983,25.088619094440254,2026-01-14 09:45:38.925549
41.862462635636874,57.75003962972184,20.602668287524203,2026-01-14 09:45:46.925551
5.021950103312426,209.5977173186397,47.997820220742696,2026-01-14 09:45:54.925567
48.68371473560243,88.548902595355,19.678686636199934,2026-01-14 09:46:02.925570
47.96018226063316,72.55989482874033,15.047090574820963,2026-01-14 09:46:10.925573
58.7320548153797,32.33707452087596,23.611105394416548,2026-01-14 09:46:18.925576
38.73990644225743,38.33274968613687,19.668272463602513,2026-01-14 09:46:26.925579
64.01816354738898,57.2797399484068,20.681998573179587,2026-01-14 09:46:34.925581
55.773376512345884,33.06422343174156,21.42643920116068,2026-01-14 09:46:42.925584
53.914996489823345,44.73977708181819,22.312351845339222,2026-01-14 09:46:50.925587
55.68767974562793,56.6639496722906,21.91710150254276,2026-01-14 09:46:58.925590
59.27463842691398,40.14150022823759,20.187932953330037,2026-01-14 09:47:06.925593
52.60906417793694,31.233296354220457,25.772081057620703,2026-01-14 09:47:14.925596
48.520782908456084,31.377481535763163,20.55108377283546,2026-01-14 09:47:22.925598
37.54696661180877,59.0901492701846,19.15871194251115,2026-01-14 09:47:30.925601
64.03835345587491,23.69795875624006,21.365233295123275,2026-01-14 09:47:38.925603
91.40113175766453,234.86649299498407,44.71065452693814,2026-01-14 09:47:46.925620
67.24191630746458,60.08385926620658,21.13143649069615,2026-01-14 09:47:54.925622
46.65485572792583,50.2765089959809,24.042745116085012,2026-01-14 09:48:02.925625
36.963256112189384,58.27795482964251,29.01672213691986,2026-01-14 09:48:10.925628
55.7407326383444,53.840446014708135,25.948072951836544,2026-01-14 09:48:18.925631
41.96993686749303,57.65444584373485,22.525695529789402,2026-01-14 09:48:26.925634
56.45274598330949,40.62772133456482,23.0782731506325,2026-01-14 09:48:34.925636
47.21589530962529,52.97837544344438,18.696905098523462,2026-01-14 09:48:42.925639
54.64817607892788,36.151501308336435,18.944946183151,2026-01-14 09:48:50.925642
54.59173567361341,23.696394231369695,29.243943970295426,2026-01-14 09:48:58.925644
92.14940378590757,230.97641683622902,-7.569791831626231,2026-01-14 09:49:06.925660
47.56357089210194,24.65664160882595,25.961366600386132,2026-01-14 09:49:14.925663
49.72009207602431,76.56200953453265,21.119098826636698,2026-01-14 09:49:22.925666
64.49958846397543,57.496064301681656,24.59778532811165,2026-01-14 09:49:30.925669
54.97447969773757,26.446629201643155,20.818588472525395,2026-01-14 09:49:38.925671
1.368186309189614,228.1951001120354,-8.699421822067245,2026-01-14 09:49:46.925687
48.01985091558796,58.396856718965594,26.242342176663865,2026-01-14 09:49:54.925690
46.37004553170846,59.494124506901976,18.42034441490676,2026-01-14 09:50:02.925693
90.39426811368506,238.23956354548966,45.558065814371794,2026-01-14 09:50:10.925709
0.3394597858579884,178.88985416784456,-8.270769681290734,2026-01-14 09:50:18.925725
49.53676074129772,50.42477564195692,23.089268418487237,2026-01-14 09:50:26.925728
38.75872062108432,57.515500152760175,19.872545377318584,2026-01-14 09:50:34.925730
60.22341463390532,47.196925337579614,21.680806825177477,2026-01-14 09:50:42.925734
44.79532126754515,65.6531886392983,25.603295072512665,2026-01-14 09:50:50.925736
52.26425764316173,51.23425983913136,26.196441125196053,2026-01-14 09:50:58.925739
99.97934110533338,157.9025753965843,40.375967732062605,2026-01-14 09:51:06.925755
46.435979828793826,71.80076715676552,27.73871643719214,2026-01-14 09:51:14.925758
45.81711978277385,45.49459267867057,20.585639250019025,2026-01-14 09:51:22.925761
41.96687386598346,38.483036523438074,22.895945337839656,2026-01-14 09:51:30.925764
51.87371786029217,33.94132880484249,25.04786970937144,2026-01-14 09:51:38.925766
90.8941100231226,297.34957726201225,46.00798446442198,2026-01-14 09:51:46.925782
59.33682331506909,74.31662836681573,18.29011898702797,2026-01-14 09:51:54.925785
50.59170371258855,40.65289210362853,21.333568642519236,2026-01-14 09:52:02.925788
46.03224762938824,47.4782765656206,21.87980219487029,2026-01-14 09:52:10.925791
40.611438343903,37.51466640343657,24.414246669159212,2026-01-14 09:52:18.925794
44.35831410936175,39.44569905610331,30.072129095098127,2026-01-14 09:52:26.925796
57.50270641253315,40.80816964273421,21.83689532019205,2026-01-14 09:52:34.925799
54.34799282231474,66.25414480858207,20.448330624013412,2026-01-14 09:52:42.925802
50.83788238910505,29.31021157978209,20.80720988017424,2026-01-14 09:52:50.925805
43.27272961561716,49.87582888174926,25.084283092539618,2026-01-14 09:52:58.925807
41.51338563332723,49.753656558908716,26.56517982034425,2026-01-14 09:53:06.925810
59.645024623622696,55.147025765253105,26.97162441136164,2026-01-14 09:53:14.925813
40.945470862938436,58.75892277988946,21.922123727638823,2026-01-14 09:53:22.925815
57.46397314120455,56.3252738586839,24.216852779421135,2026-01-14 09:53:30.925818
55.720056110409125,66.00012034383731,26.50788677133702,2026-01-14 09:53:38.925821
44.80646940077057,57.20843161116121,21.88902989420811,2026-01-14 09:53:46.925823
43.33152810176587,55.53009963309352,21.819983563017917,2026-01-14 09:53:54.925826
48.194290819445335,50.051221267676155,25.45325808762815,2026-01-14 09:54:02.925829
92.59803581064159,151.36086069790875,2.280191307497626,2026-01-14 09:54:10.925845
38.084855522805555,58.070335321952655,23.143862150849316,2026-01-14 09:54:18.925848
54.863172077732315,52.79913684734537,21.660699156348414,2026-01-14 09:54:26.925851
51.55271994318646,44.55564081546939,23.523917808103484,2026-01-14 09:54:34.925854
59.56037303139874,27.15219642824338,21.323234458185233,2026-01-14 09:54:42.925856
53.01769500051617,48.03442389501506,16.894279278123488,2026-01-14 09:54:50.925859
45.55840378645441,78.21735604160885,18.65595829875127,2026-01-14 09:54:58.925862
32.409552347039345,59.72954502081441,25.961926697769876,2026-01-14 09:55:06.925865
51.95040571016959,41.538820538949075,19.159086803987318,2026-01-14 09:55:14.925868
1.5105789178090023,286.4286766421727,2.8604013813874793,2026-01-14 09:55:22.925884
56.97965862624116,49.31620975466753,23.730018347968077,2026-01-14 09:55:30.925886
44.31302455671007,39.963183783310356,23.222618641400466,2026-01-14 09:55:38.925889
48.16477917815718,48.76773232411147,26.351887494764384,2026-01-14 09:55:46.925892
1.8552551570312115,173.0487057241669,-3.1945954809207597,2026-01-14 09:55:54.925908
51.57216935761176,60.63505636382769,22.73079291713832,2026-01-14 09:56:02.925911
61.52093772359578,55.62466907509563,20.727801449305073,2026-01-14 09:56:10.925914
49.67873639484525,28.538373468229278,23.38431324473237,2026-01-14 09:56:18.925917
44.55158674020095,40.480924470599646,25.98725671004407,2026-01-14 09:56:26.925919
46.381549446007384,13.64181010056565,18.24829152954283,2026-01-14 09:56:34.925922
56.083317249154376,55.58197086639741,24.436616491795508,2026-01-14 09:56:42.925925
42.264190854966294,49.2843296578703,22.989192382728294,2026-01-14 09:56:50.925927
40.73308248645966,57.87333167995926,28.344875271276102,2026-01-14 09:56:58.925930
51.66706246358042,19.373976973635642,22.25846785243821,2026-01-14 09:57:06.925933
44.544126016017614,47.31482049323772,20.80436874310935,2026-01-14 09:57:14.925935
64.38149221479618,59.61264291900515,21.28646303065161,2026-01-14 09:57:22.925938
54.58066225084927,54.132658435223796,20.604364053181452,2026-01-14 09:57:30.925940
50.47704295936139,40.295948334416394,25.09466994084077,2026-01-14 09:57:38.925943
53.147883083374,41.30805088894895,26.26702994535432,2026-01-14 09:57:46.925946
60.539152525074606,52.96399407038599,29.225782617875797,2026-01-14 09:57:54.925948
44.486497455283455,44.457175747666554,23.613648188272236,2026-01-14 09:58:02.925951
44.78865597108441,42.741712489185176,22.03895807541704,2026-01-14 09:58:10.925954
3.3689579177110685,215.04830009345835,41.61672544146803,2026-01-14 09:58:18.925970
53.39332757121533,50.570052172523006,23.360093980154783,2026-01-14 09:58:26.925973
45.98195427044701,53.1739245557059,26.273138306494,2026-01-14 09:58:34.925976
49.11413256735443,42.75220306550939,27.721960289870097,2026-01-14 09:58:42.925978
37.50554510883623,80.02605653795203,22.68382422368802,2026-01-14 09:58:50.925981
64.24663370373314,47.41059050088771,25.650979812460015,2026-01-14 09:58:58.925984
56.40398593412778,52.68911906640026,24.598579678440377,2026-01-14 09:59:06.925986
39.969534129653944,40.61655947735706,24.187410600312226,2026-01-14 09:59:14.925989
52.590401020847565,45.62765031509765,18.048526369886716,2026-01-14 09:59:22.925992
49.5966171862281,61.57548065972517,14.454372138109774,2026-01-14 09:59:30.925995
40.75545561515426,54.788350132933196,24.12284016673192,2026-01-14 09:59:38.925997
49.30524178295847,30.579777864186415,26.482480362135558,2026-01-14 09:59:46.926001
37.552810796080834,45.914060442502866,16.714527431960043,2026-01-14 09:59:54.926003
52.033391137969616,26.651271520103734,21.715654517102262,2026-01-14 10:00:02.926006
43.29290007105692,57.80996630801314,25.541237029955102,2026-01-14 10:00:10.926009
59.78000731909504,55.7290317834733,24.290124941573207,2026-01-14 10:00:18.926011
47.57353230451241,55.69589280410185,22.019357660961045,2026-01-14 10:00:26.926014
45.59241508427658,60.9144431545547,23.1558376574219,2026-01-14 10:00:34.926017
48.95267221784201,34.47567703201801,22.43001683845286,2026-01-14 10:00:42.926019
53.58712234892689,63.74491512053722,24.03946542769398,2026-01-14 10:00:50.926022
33.19264910838466,94.0662927075166,20.38659870788745,2026-01-14 10:00:58.926025
53.22712018683262,66.62274225106275,19.880282218623407,2026-01-14 10:01:06.926027
52.212553220759425,40.23929693982366,26.21926203623094,2026-01-14 10:01:14.926030
48.68831296318463,63.05101596033131,24.487045663917815,2026-01-14 10:01:22.926033
6.832480282896459,274.6315787012558,2.9691325393255497,2026-01-14 10:01:30.926049
6.895267510315612,291.13130345070977,2.4025832556781612,2026-01-14 10:01:38.926065
58.041140586224145,46.21429934803326,24.021800057299576,2026-01-14 10:01:46.926068
61.481452393520414,46.33765047064027,25.892261504865072,2026-01-14 10:01:54.926071
58.37536102120009,58.54925458012073,25.164398821355224,2026-01-14 10:02:02.926073
55.08317545771918,47.7491661945121,23.376729360414625,2026-01-14 10:02:10.926076
39.77581933250899,25.343889266179136,20.344509503000456,2026-01-14 10:02:18.926079
62.420494523917135,40.41557378465747,19.030730619777504,2026-01-14 10:02:26.926081
51.357550338816154,39.49826190192488,26.268994595049385,2026-01-14 10:02:34.926084
62.27182496679654,64.72648230487391,22.025505849474133,2026-01-14 10:02:42.926087
46.366045798773904,49.70096907131285,19.529767324844155,2026-01-14 10:02:50.926089
37.73763318190124,65.3385564801446,30.319257219017818,2026-01-14 10:02:58.926092
55.43978460413405,58.63203001241645,22.24194293599711,2026-01-14 10:03:06.926095
99.34436026805514,179.18374847779515,-7.505025883852868,2026-01-14 10:03:14.926111
53.136676237606956,64.56351097901464,21.147660162622707,2026-01-14 10:03:22.926114
57.346532848018505,26.442490945652345,20.031115590288987,2026-01-14 10:03:30.926116
57.52616950390573,47.985978449637344,22.52232836570987,2026-01-14 10:03:38.926119
50.84300404916768,29.989617576226934,21.19589706814636,2026-01-14 10:03:46.926122
52.55825547314029,70.96122054590558,22.77456749956995,2026-01-14 10:03:54.926124
51.00179602118326,43.558916883121206,23.36689250909685,2026-01-14 10:04:02.926127
54.3463842322911,45.74087283676198,24.203576648980672,2026-01-14 10:04:10.926130
38.779157825602454,76.24365114780409,19.268410293826143,2026-01-14 10:04:18.926133
44.45675841763274,62.043524272185294,21.318655545531428,2026-01-14 10:04:26.926136
44.612075006049054,54.18491243335703,20.493958840220728,2026-01-14 10:04:34.926139
67.1611930221871,57.865441208793655,20.7952687565666,2026-01-14 10:04:42.926141
48.51769872897833,48.05268950399861,23.131434415937328,2026-01-14 10:04:50.926144
48.82398398697209,26.945780599605193,23.803253673093387,2026-01-14 10:04:58.926147
49.29374361318996,88.69564006481477,20.588976296090806,2026-01-14 10:05:06.926151
63.11293444355254,64.64575930193155,26.312147409450063,2026-01-14 10:05:14.926154
91.04109649384166,200.58406991331304,47.72622727449382,2026-01-14 10:05:22.926170
41.19376573730652,39.330520628591934,21.240307761311843,2026-01-14 10:05:30.926173
48.419718194424256,53.50678867686121,18.33231306138912,2026-01-14 10:05:38.926176
53.70101068304882,81.76783924438834,19.48219022941605,2026-01-14 10:05:46.926179
40.13225518975916,75.08858580256555,24.257057028098135,2026-01-14 10:05:54.926181
50.77146975034792,39.786690769413774,20.02792283408689,2026-01-14 10:06:02.926184
55.0353086790943,48.33160907976949,20.28827707560563,2026-01-14 10:06:10.926187
60.5120757971512,31.7818476541039,21.3982726960496,2026-01-14 10:06:18.926189
38.74284779028067,68.19646549968775,23.425150740919715,2026-01-14 10:06:26.926192
44.00656607496696,53.38014130533601,21.41759202915843,2026-01-14 10:06:34.926195
52.89341268338924,60.621630150328855,25.87010695038375,2026-01-14 10:06:42.926197
41.435245294115184,36.653808473201465,20.887136875426435,2026-01-14 10:06:50.926200
93.05524310658024,191.95553077072188,48.733366617238474,2026-01-14 10:06:58.926216
4.969634829058302,208.65641445872615,43.97178777429211,2026-01-14 10:07:06.926232
48.08895401706722,63.786147244816526,22.129176367434045,2026-01-14 10:07:14.926235
54.54752805004924,58.99391169922241,21.47863081983023,2026-01-14 10:07:22.926238
48.109162103288035,58.047647653556055,20.304596054626888,2026-01-14 10:07:30.926241
50.404286524752045,52.557458525606464,22.324560417949936,2026-01-14 10:07:38.926244
51.58063137641126,49.624595618822845,25.45329889760086,2026-01-14 10:07:46.926246
44.79669572232005,57.94539699358164,15.422844099192535,2026-01-14 10:07:54.926249
50.511654295287464,40.85731696761076,22.439086091043663,2026-01-14 10:08:02.926252
54.062061362492,50.80982627668689,17.59277327751735,2026-01-14 10:08:10.926254
44.8277638304605,35.90996909271868,22.567737332835154,2026-01-14 10:08:18.926257
54.32090169346501,30.762520683177165,20.10044892219502,2026-01-14 10:08:26.926260
53.33752371506051,46.79835693604688,27.472178410549855,2026-01-14 10:08:34.926263
45.49080778058926,43.83603265551224,21.89832735213502,2026-01-14 10:08:42.926266
44.34594594225458,44.17734772188157,23.511248667126463,2026-01-14 10:08:50.926268
37.72561098892433,63.686528738887496,24.498580955286226,2026-01-14 10:08:58.926271
68.30945655038138,29.496819523768682,22.32570379432195,2026-01-14 10:09:06.926274
59.662474467688014,45.25024956108158,25.63593052917813,2026-01-14 10:09:14.926276
56.09758720633769,41.35234398909921,15.22687312356527,2026-01-14 10:09:22.926279
56.90480180936505,38.05339728410631,23.32653689062736,2026-01-14 10:09:30.926282
41.05094857440954,49.77035226240507,24.737874498803265,2026-01-14 10:09:38.926284
34.31873593364934,80.90837924924078,19.42082013526929,2026-01-14 10:09:46.926287
49.67929189874757,47.405809101148655,28.135125440427032,2026-01-14 10:09:54.926290
43.00143695939105,15.854397371119965,23.854669677716597,2026-01-14 10:10:02.926292
7.869033862552951,271.3325192454492,42.79367713934717,2026-01-14 10:10:10.926309
51.65675089786361,48.67486011486358,25.764048808959487,2026-01-14 10:10:18.926312
55.936762976074455,54.48938870609738,26.905223868196394,2026-01-14 10:10:26.926324
62.49208957381482,32.13064791068291,23.18805619066062,2026-01-14 10:10:34.926327
66.10709798021298,52.04802996624106,21.904035346063672,2026-01-14 10:10:42.926330
51.47744244691927,37.96260900182529,26.896433974541157,2026-01-14 10:10:50.926333
59.603311263555405,40.14658581542906,19.85926705195418,2026-01-14 10:10:58.926336
54.29322202021829,54.2381528916019,20.87644196977045,2026-01-14 10:11:06.926339
57.96838148644653,38.64807367145809,18.73456799977447,2026-01-14 10:11:14.926341
62.010669215643894,54.21769343404179,20.2231374506769,2026-01-14 10:11:22.926344
53.64710217665286,82.47503517351626,21.06944530885957,2026-01-14 10:11:30.926347
6.018815896363221,228.1152212751319,41.56638436973808,2026-01-14 10:11:38.926366
57.422721024649896,34.327862089684494,17.100930231871995,2026-01-14 10:11:46.926368
54.63554058293809,52.215489878401655,21.54856660537671,2026-01-14 10:11:54.926372
47.34834961820289,54.61110046713651,25.44721163761789,2026-01-14 10:12:02.926374
52.43300936535847,53.98847719720772,25.512688110075118,2026-01-14 10:12:10.926377
43.490837151522605,57.36462427457377,25.20463335814945,2026-01-14 10:12:18.926380
41.689585375979554,57.54350607371204,23.978824012540056,2026-01-14 10:12:26.926383
0.4317373579701167,252.79470241738102,-8.621936684349329,2026-01-14 10:12:34.926399
50.242493259954735,57.416651211254276,25.17084085753334,2026-01-14 10:12:42.926402
51.92602543590855,89.02524671270592,24.696528936894634,2026-01-14 10:12:50.926405
35.91389792675346,54.92978240559813,25.700685976745707,2026-01-14 10:12:58.926408
48.89235212812981,31.635526455659512,22.372930228141925,2026-01-14 10:13:06.926411
43.1958363663256,53.90994249725611,18.79847611917517,2026-01-14 10:13:14.926414
40.432935503718525,56.66904002330211,26.589894459936954,2026-01-14 10:13:22.926416
45.12173676544494,28.252151517786412,19.681075456314975,2026-01-14 10:13:30.926419
55.77905086262217,44.4075027186235,28.180891553700214,2026-01-14 10:13:38.926422
46.802910515083184,24.51726200294532,27.37158727986874,2026-01-14 10:13:46.926425
37.79474948343924,68.93876155140774,21.34442556232266,2026-01-14 10:13:54.926427
70.46559428534601,51.89673534235193,20.936187837608518,2026-01-14 10:14:02.926430
66.49202861309118,68.12549345889714,26.072187577434388,2026-01-14 10:14:10.926433
54.74021559360946,49.89435801612897,26.937225865227894,2026-01-14 10:14:18.926435
48.63852301980057,43.201579260090874,25.089162342370145,2026-01-14 10:14:26.926438
57.64244166856409,8.396557056298278,25.402809918888387,2026-01-14 10:14:34.926441
44.26542143517756,22.0019507439041,22.7519579424719,2026-01-14 10:14:42.926443
49.02601993293373,52.84771754318697,24.730274198579217,2026-01-14 10:14:50.926446
59.768269564202825,58.731465552029235,22.320547703450504,2026-01-14 10:14:58.926449
42.32448610621216,67.97962057986577,17.18791305057062,2026-01-14 10:15:06.926451
46.089204625709804,33.205738500664836,23.422658740733613,2026-01-14 10:15:14.926454
35.852485075497185,65.49445920729208,22.415164374713125,2026-01-14 10:15:22.926457
54.108800852557735,42.009487405071326,19.490249492869136,2026-01-14 10:15:30.926460
27.021902293746805,53.085295624410264,21.86463784446062,2026-01-14 10:15:38.926462
63.29007371638296,43.14355615120592,21.19336381891466,2026-01-14 10:15:46.926465
53.75019404860019,55.92964193687725,21.279686535373287,2026-01-14 10:15:54.926468
49.19876738816038,46.94489374734551,20.366052239730315,2026-01-14 10:16:02.926471
92.7194972612863,214.3330318291558,2.671841544290322,2026-01-14 10:16:10.926487
43.38495716768112,13.636396095905873,25.652136189083148,2026-01-14 10:16:18.926490
51.97661902245043,51.30996586873114,25.107219707453197,2026-01-14 10:16:26.926492
50.77399915967293,26.56181214670186,21.412841967961114,2026-01-14 10:16:34.926495
41.11680386163184,58.50583276082155,19.000528068039035,2026-01-14 10:16:42.926498
6.085272726964666,153.30527404462563,0.8001205949466961,2026-01-14 10:16:50.926514
69.31832798926905,65.26251843626272,30.98954705035947,2026-01-14 10:16:58.926517
53.43053200264458,60.39658410894716,23.529324665831677,2026-01-14 10:17:06.926520
47.06377728733342,48.76028322442717,20.512949241024913,2026-01-14 10:17:14.926523
53.49247843326134,63.55902261629293,15.911202693374484,2026-01-14 10:17:22.926526
41.9221543623205,39.33859844676232,23.22131032366066,2026-01-14 10:17:30.926529
48.53682847116128,70.62314628722277,21.062107462626393,2026-01-14 10:17:38.926532
43.60646394679797,67.42900720184144,20.694905158057782,2026-01-14 10:17:46.926535
52.584634184928234,46.21469746810568,22.12456619325337,2026-01-14 10:17:54.926538
7.7201247630999035,164.1227865188547,42.82430898686512,2026-01-14 10:18:02.926554
37.494473530426745,54.48129362548529,20.744626849714447,2026-01-14 10:18:10.926557
60.475783170805705,41.47786505248498,17.507694654815403,2026-01-14 10:18:18.926560
51.60521443164549,78.09946664326318,26.240144197143945,2026-01-14 10:18:26.926563
56.12312171336347,47.12267812690041,19.34265616604235,2026-01-14 10:18:34.926566
50.94176973904728,40.346752515238066,26.089882452743485,2026-01-14 10:18:42.926568
47.87562529585261,57.25138232171905,21.360477816473736,2026-01-14 10:18:50.926571
45.874263440535984,35.673161309759706,24.270797196780382,2026-01-14 10:18:58.926574
44.11356867965736,53.055081273396475,23.574562891597893,2026-01-14 10:19:06.926576
51.92990510124278,48.805379131314275,24.3571153887492,2026-01-14 10:19:14.926579
96.34671273253942,299.56172356224926,46.561340180205804,2026-01-14 10:19:22.926595
59.499088412518006,88.84345463027921,24.738899519640725,2026-01-14 10:19:30.926598
52.60637053265733,37.91942259424484,24.789327018682012,2026-01-14 10:19:38.926601
51.34768781015691,69.7639630341194,19.980372304161076,2026-01-14 10:19:46.926604
59.11902848903236,47.51901472784732,26.91790975198157,2026-01-14 10:19:54.926607
60.37595637248887,49.656979065516765,20.002093303115267,2026-01-14 10:20:02.926609
45.96180063017426,41.52072835401377,21.767874022692748,2026-01-14 10:20:10.926612
62.923005515755534,45.1651929618299,26.651475562476488,2026-01-14 10:20:18.926615
62.17052841537961,48.45465197904176,26.675397044503622,2026-01-14 10:20:26.926618
91.26264741564503,165.9515589383662,-5.2762061708054855,2026-01-14 10:20:34.926634
46.78346604386663,57.86397016464753,21.47241427854361,2026-01-14 10:20:42.926637
56.22024992651955,51.89569369319618,28.816786997174855,2026-01-14 10:20:50.926640
58.229460885571136,30.248767297669147,25.170831761686625,2026-01-14 10:20:58.926643
55.33968625311449,56.147279853927685,22.276227036144373,2026-01-14 10:21:06.926645
42.26950091387894,52.25204174557077,17.88536433760303,2026-01-14 10:21:14.926648
31.784070339735592,17.409956809789456,25.542265031451265,2026-01-14 10:21:22.926651
1.1072059332631567,213.21660623688712,49.66243410706798,2026-01-14 10:21:30.926667
54.10484638540866,46.106799836241244,25.216431442662508,2026-01-14 10:21:38.926670
54.92293987210443,63.329941303264405,21.41973370203503,2026-01-14 10:21:46.926673
52.938298507210725,77.57275515192684,22.329602052884443,2026-01-14 10:21:54.926675
47.20546563105442,21.72199921968324,22.111197669473356,2026-01-14 10:22:02.926678
41.570540646829166,33.9829561763121,25.85092277592073,2026-01-14 10:22:10.926681
63.6849069806554,61.01457013342245,21.052006064238817,2026-01-14 10:22:18.926684
50.56041730490545,67.42817453912286,20.217940597428278,2026-01-14 10:22:26.926686
51.906951861878284,53.97733290948331,24.925791604884655,2026-01-14 10:22:34.926689
51.516652932789945,65.01569138850712,14.890303121002288,2026-01-14 10:22:42.926692
55.42300255624726,72.1108407873212,21.943960775439578,2026-01-14 10:22:50.926694
48.90041188297847,64.29311820804408,27.836834773965936,2026-01-14 10:22:58.926697
60.51931562867238,34.783716842480004,25.34861073074404,2026-01-14 10:23:06.926700
48.031500094960414,37.35130107025712,29.51282815249344,2026-01-14 10:23:14.926703
6.0065106654835585,190.34384187397066,48.91480015623507,2026-01-14 10:23:22.926719
48.59291350054131,40.82346363642072,22.888889608854765,2026-01-14 10:23:30.926722
48.23844298393634,18.982179103460115,24.356100033757308,2026-01-14 10:23:38.926725
40.079517660235325,51.23659629401755,18.62734550160521,2026-01-14 10:23:46.926727
58.675836664584565,41.33704859738669,24.44043840866711,2026-01-14 10:23:54.926730
71.84693786578853,47.59800806650039,25.014020229351395,2026-01-14 10:24:02.926733
42.910237251124755,54.02992140025659,23.310632415918178,2026-01-14 10:24:10.926736
32.70224623265766,78.5178602862951,22.81801755855614,2026-01-14 10:24:18.926738
1.3148911989798162,208.4808529412316,0.9479046327271767,2026-01-14 10:24:26.926755
37.350474383742934,63.425574711141735,21.550816844949683,2026-01-14 10:24:34.926758
51.17434409588439,52.17301496986333,21.155681404529247,2026-01-14 10:24:42.926760
47.85175481675334,36.63211661877069,16.544553796012085,2026-01-14 10:24:50.926764
44.24677344606064,72.82097746747883,21.527187650385905,2026-01-14 10:24:58.926767
48.201152145535374,40.249961287648105,23.505964015900183,2026-01-14 10:25:06.926769
53.53552519655527,67.6426265785988,17.798049411747943,2026-01-14 10:25:14.926772
55.665715386052455,53.49824196895253,25.859409901739735,2026-01-14 10:25:22.926775
52.29699332161459,50.87526506428216,20.765647379820418,2026-01-14 10:25:30.926778
49.73416007484431,46.8782471409119,22.61438746568321,2026-01-14 10:25:38.926780
34.945207636018885,20.60914660863884,25.19794808218725,2026-01-14 10:25:46.926783
57.755657604213894,56.40791542807527,21.06131807046859,2026-01-14 10:25:54.926786
64.2024871408761,35.84223941864424,19.716240381341215,2026-01-14 10:26:02.926788
61.13972240051463,46.24930228101571,23.866080887839573,2026-01-14 10:26:10.926791
93.18866818321139,151.84645545241133,40.27420309972658,2026-01-14 10:26:18.926807
52.082574710169766,33.63550354677203,21.767557136136247,2026-01-14 10:26:26.926810
42.28476596310646,43.54765046612245,23.14873556145412,2026-01-14 10:26:34.926813
48.70924630678565,41.567479601325466,22.372334378766418,2026-01-14 10:26:42.926816
58.882418895862116,32.248907176002035,18.113329449276456,2026-01-14 10:26:50.926819
60.179899572789914,49.603913645616096,23.84048347645882,2026-01-14 10:26:58.926821
49.63223993666284,32.80002928218644,23.01647765073018,2026-01-14 10:27:06.926824
90.38996012574911,288.8455995038004,43.95434267992914,2026-01-14 10:27:14.926840
46.19435789015043,22.943278673327328,21.935038147660137,2026-01-14 10:27:22.926843
1.161389602005256,221.1009642724734,-3.3380843025137255,2026-01-14 10:27:30.926859
99.61135485407593,154.6406467097013,4.561132305158722,2026-01-14 10:27:38.926875
63.86011999588074,83.46950219288948,24.914153304322273,2026-01-14 10:27:46.926877
54.006755799555656,34.04896990143574,20.379771097736576,2026-01-14 10:27:54.926880
48.65484945132168,42.91864133454309,17.062100568872637,2026-01-14 10:28:02.926883
55.98328204894027,47.422055203050625,19.675506406427594,2026-01-14 10:28:10.926886
29.757699818029362,45.70993667179834,26.302878904995712,2026-01-14 10:28:18.926888
65.66677963376475,43.28128280469523,19.172503740290185,2026-01-14 10:28:26.926891
71.15474677613628,27.455445074072703,23.76121898448372,2026-01-14 10:28:34.926894
53.74154537412347,44.57355396744779,23.840364166908348,2026-01-14 10:28:42.926897
54.972575118848404,44.45584495934549,24.131301181706558,2026-01-14 10:28:50.926899
49.765897490520175,53.829100811203446,26.137690146487607,2026-01-14 10:28:58.926902
42.75414159309905,40.1935049202677,21.213016117869522,2026-01-14 10:29:06.926905
60.99550474536654,90.73919858469324,22.19084440532799,2026-01-14 10:29:14.926908
49.56084799506971,54.28331112286485,24.563367285138014,2026-01-14 10:29:22.926911
55.161724687600454,67.48709028812578,22.386635060944325,2026-01-14 10:29:30.926913
54.7484537782469,5.894170480035797,24.967702329589283,2026-01-14 10:29:38.926916
51.5578895577502,79.35595460812462,22.27575676873938,2026-01-14 10:29:46.926919
43.81697865741113,56.105784306868024,20.08502979637614,2026-01-14 10:29:54.926921
38.963054681688554,36.584751309868956,20.94812149460271,2026-01-14 10:30:02.926924
99.97820855681978,299.1972962339997,-8.65281768575839,2026-01-14 10:30:10.926940
54.1203413862095,60.73487367136836,24.264139433294247,2026-01-14 10:30:18.926943
45.24927870202689,67.83370057211964,25.12491154160319,2026-01-14 10:30:26.926946
43.863563947434585,53.17725618461717,20.539276011653897,2026-01-14 10:30:34.926949
49.80777713535517,39.87232587538428,22.566443987853447,2026-01-14 10:30:42.926951
50.85429754779339,47.97847131327322,23.090572361630464,2026-01-14 10:30:50.926954
54.868859538853926,50.01808213043336,20.54873410679543,2026-01-14 10:30:58.926957
48.56631620299689,51.23769048984784,22.515906880971407,2026-01-14 10:31:06.926959
44.3234216563742,38.46286475319053,20.180290696673406,2026-01-14 10:31:14.926962
48.76060318530979,60.51104427699346,22.164826487567066,2026-01-14 10:31:22.926965
55.06689051874922,59.5312704531384,19.282224815439584,2026-01-14 10:31:30.926968
6.034930960433787,263.9417143049695,47.197914533546864,2026-01-14 10:31:38.926984
64.40408945208682,68.58419529409156,23.628978245823877,2026-01-14 10:31:46.926986
46.06691051494362,62.65058933235588,24.67834722798511,2026-01-14 10:31:54.926989
58.48167925999104,91.39490058366616,24.1772479015363,2026-01-14 10:32:02.926992
45.92829099434001,22.499882532403507,22.91574840322106,2026-01-14 10:32:10.926995
45.80729281652326,52.28532308050583,20.532740202853397,2026-01-14 10:32:18.926997
58.96824533859577,40.6071495166765,23.046136944116316,2026-01-14 10:32:26.927000
47.376842267896656,52.32786025788469,25.475294794002906,2026-01-14 10:32:34.927003
43.0629582743128,45.90536900120247,20.667382880465066,2026-01-14 10:32:42.927005
46.190233011642725,63.11583771069091,23.787683987005774,2026-01-14 10:32:50.927008
51.548719290940355,46.60608693239373,25.268159966235938,2026-01-14 10:32:58.927011
96.87019266503243,234.69435764958945,3.9525644815763687,2026-01-14 10:33:06.927027
54.17794944998408,37.75394020848437,23.574520816378193,2026-01-14 10:33:14.927030
50.546965034482085,51.32986386442156,23.591947122216787,2026-01-14 10:33:22.927034
51.6264235485526,45.729754464911245,21.685670527269217,2026-01-14 10:33:30.927036
51.118215758129885,50.00791938284896,24.803620246787343,2026-01-14 10:33:38.927039
38.46814350712178,46.85821151526387,18.786307228791074,2026-01-14 10:33:46.927042
38.66801891936426,43.2012738646548,27.357402603412236,2026-01-14 10:33:54.927045
46.82670272142466,57.23786073242887,21.888228430782643,2026-01-14 10:34:02.927047
66.83044873701928,60.05720925861819,19.784428300879533,2026-01-14 10:34:10.927050
44.06395091473888,43.73054744242033,26.823775625880543,2026-01-14 10:34:18.927053
56.48049843242153,32.15882160699008,27.92801885976789,2026-01-14 10:34:26.927055
51.538343825135165,47.77665683612344,20.36455149035579,2026-01-14 10:34:34.927058
38.699713892631976,50.61378763093582,19.99343763265558,2026-01-14 10:34:42.927061
37.79744727813235,32.99276607369676,22.34589236540534,2026-01-14 10:34:50.927064
28.889531997920802,86.18923132419374,25.35381286369407,2026-01-14 10:34:58.927066
54.304493761454474,49.374787964151594,29.053723891499715,2026-01-14 10:35:06.927069
51.73053505254801,60.73071973161866,25.154557177123802,2026-01-14 10:35:14.927072
48.09843900248287,52.883521462928464,25.942560347412424,2026-01-14 10:35:22.927074
44.06216383846692,31.413393865191487,18.59742420274268,2026-01-14 10:35:30.927077
57.909353354864024,29.72831352662043,25.010659691832018,2026-01-14 10:35:38.927080
55.4157310987163,25.986440322852268,20.51450892565926,2026-01-14 10:35:46.927082
44.05492588185613,38.044957946267274,28.014448673546276,2026-01-14 10:35:54.927085
49.139526945128736,50.313297324439425,23.69210271715605,2026-01-14 10:36:02.927088
0.7560504061675077,258.8440800411624,-0.7039814285036616,2026-01-14 10:36:10.927158
41.10833634450374,53.697571676480074,24.494665245490356,2026-01-14 10:36:18.927163
59.12119230817013,32.44973524101631,25.545686103427244,2026-01-14 10:36:26.927166
48.12784112714415,56.995375616695014,25.962003549767307,2026-01-14 10:36:34.927169
49.39239181085982,33.66379825778293,22.53253557701269,2026-01-14 10:36:42.927172
5.296597239456199,292.36067944722663,46.20908590217708,2026-01-14 10:36:50.927192
67.50119899640015,21.58290396744553,21.308899474826298,2026-01-14 10:36:58.927195
49.33573117205781,28.640642713247825,22.200043012296756,2026-01-14 10:37:06.927198
53.58289398201435,55.56641076970883,23.14388433794464,2026-01-14 10:37:14.927201
52.654750906068124,80.36464434930278,18.91047798622157,2026-01-14 10:37:22.927204
51.30195531877117,50.62068578878772,24.646124803955097,2026-01-14 10:37:30.927207
9.437015928202207,292.9345193996741,43.927937758093435,2026-01-14 10:37:38.927223
45.35083163639987,35.577674455166935,25.492556972838102,2026-01-14 10:37:46.927226
42.34850898545593,57.08609416820566,27.452348085607895,2026-01-14 10:37:54.927229
52.84490679028528,59.27732570684713,22.377567431948382,2026-01-14 10:38:02.927232
39.99673812824226,59.0677298953305,25.646999186970227,2026-01-14 10:38:10.927234
46.38327733733536,47.6926095920245,20.3812109697813,2026-01-14 10:38:18.927237
66.79777431333213,46.29461448881005,21.924979543936335,2026-01-14 10:38:26.927240
44.81966555491873,29.838282944552198,18.190218599552153,2026-01-14 10:38:34.927242
35.06768038911507,65.11270534755383,20.946110522719987,2026-01-14 10:38:42.927245
56.32500479330215,70.68064619395025,19.26550628534553,2026-01-14 10:38:50.927248
50.114184542691476,35.690908709050326,21.77889106121966,2026-01-14 10:38:58.927251
5.816222929891936,214.12527469921676,-5.104923536020191,2026-01-14 10:39:06.927267
55.49054765565361,47.163194138344494,25.764950335773378,2026-01-14 10:39:14.927270
47.11286864460314,0.0,24.22708416122791,2026-01-14 10:39:22.927273
39.39592070654075,63.30331085145951,21.73771461895684,2026-01-14 10:39:30.927276
50.08913250439006,60.6446193575871,26.796888606756895,2026-01-14 10:39:38.927278
47.04963250657732,68.53673287733231,19.786838961052855,2026-01-14 10:39:46.927281
42.38256954608521,56.339825982524054,23.328411812141866,2026-01-14 10:39:54.927284
58.42023153079731,42.43730253488493,22.75543198069506,2026-01-14 10:40:02.927286
55.52189440304218,11.624474251143468,20.805459788311012,2026-01-14 10:40:10.927289
41.81443590945364,60.19059924434755,19.55361789452403,2026-01-14 10:40:18.927292
47.98615454405996,67.00435207788574,19.813108534500877,2026-01-14 10:40:26.927295
40.41373291402273,43.033936065359185,24.386182679755688,2026-01-14 10:40:34.927297
61.67785500030352,24.198461735782725,21.204722193969317,2026-01-14 10:40:42.927300
51.82861222014318,37.54333390165152,24.567542315797272,2026-01-14 10:40:50.927303
54.547841802196785,51.579639813186304,18.234606378747326,2026-01-14 10:40:58.927305
56.34347882794486,44.24043092071473,23.750600618755083,2026-01-14 10:41:06.927308
31.526530149721076,52.35580408102176,26.245826179222547,2026-01-14 10:41:14.927311
57.964259752664645,53.45106138787103,24.49322926727418,2026-01-14 10:41:22.927313
46.61893151422753,60.148970249237706,21.392122563772126,2026-01-14 10:41:30.927316
54.320193852935375,56.59251845930339,25.33680951053634,2026-01-14 10:41:38.927319
55.06889232460665,51.31953231579246,15.826176706927555,2026-01-14 10:41:46.927321
49.40099249434808,60.43306636348666,25.547306332229432,2026-01-14 10:41:54.927324
49.51768806886711,56.821927544635706,25.322394384858097,2026-01-14 10:42:02.927327
41.988503387959376,57.50998582071814,23.14932106154288,2026-01-14 10:42:10.927329
64.55378546639777,50.59904595822036,22.286169357958777,2026-01-14 10:42:18.927332
52.15219254510026,17.699856201931333,26.291458135261088,2026-01-14 10:42:26.927335
41.06286938498792,34.81857671303634,24.129722045417374,2026-01-14 10:42:34.927338
56.478862733096214,60.253539848007165,18.902132866398397,2026-01-14 10:42:42.927340
50.557974790728395,40.403532088338004,19.992584205182315,2026-01-14 10:42:50.927343
41.18565441664085,27.164612206731633,26.338065124969777,2026-01-14 10:42:58.927347
44.51835041712475,47.7266681748503,20.889036351300465,2026-01-14 10:43:06.927349
57.4558380396766,33.25213340077011,26.707434860020815,2026-01-14 10:43:14.927352
54.3284541079411,47.697735815662156,27.161772233157787,2026-01-14 10:43:22.927355
59.17299133249542,44.60347031316371,19.021856941753885,2026-01-14 10:43:30.927357
47.64588102565155,42.07944503220567,21.478773153429483,2026-01-14 10:43:38.927360
0.6750254668382194,165.46820436121138,-1.7832295842502077,2026-01-14 10:43:46.927376
36.65238758471162,40.35864045577163,28.104563211262203,2026-01-14 10:43:54.927379
38.027765959279364,40.249640983896526,22.749686090628916,2026-01-14 10:44:02.927382
38.40283824241176,64.22669524792303,19.14213567885552,2026-01-14 10:44:10.927385
6.036372005593751,288.82833117778216,44.30374749690793,2026-01-14 10:44:18.927401
61.988660576094944,68.71635251114323,26.569734191723505,2026-01-14 10:44:26.927404
58.10940592435091,33.16182790633379,20.24749153695721,2026-01-14 10:44:34.927407
48.280717158799376,54.15190173987932,27.992951294373906,2026-01-14 10:44:42.927409
55.79779086315407,46.559138838979585,22.869569150558412,2026-01-14 10:44:50.927412
47.3830544272895,25.646671429653,22.670691488551572,2026-01-14 10:44:58.927415
53.97988205844526,58.469088888404,19.941006983923653,2026-01-14 10:45:06.927417
90.08319942227192,199.05669662277268,3.350855381978789,2026-01-14 10:45:14.927433
46.50588610209426,25.90134348891981,28.24875171261626,2026-01-14 10:45:22.927436
61.051632629523894,62.11296499728214,20.080273059882398,2026-01-14 10:45:30.927439
52.35379303210795,46.48388299525517,20.64870300324081,2026-01-14 10:45:38.927442
44.475671581469925,75.57521220810546,22.097590063349212,2026-01-14 10:45:46.927445
45.35957406903965,53.591067508030655,24.499055330908803,2026-01-14 10:45:54.927448
92.00282017867626,227.04165698164869,49.876595923412516,2026-01-14 10:46:02.927465
53.776018167354195,60.24993489216604,22.372058541261914,2026-01-14 10:46:10.927468
36.257647233533916,54.27302965235626,25.43103504660893,2026-01-14 10:46:18.927470
47.842866997625116,46.53700439232846,27.359781989963103,2026-01-14 10:46:26.927473
56.645678803968714,34.74014138303893,18.153900646169824,2026-01-14 10:46:34.927476
33.71575325745702,41.7566429613713,25.578763660939405,2026-01-14 10:46:42.927478
44.47690699089059,50.061395115131845,25.379508100379294,2026-01-14 10:46:50.927481
49.86771399801899,42.60315766400342,27.33089601040644,2026-01-14 10:46:58.927484
44.40609426171898,42.61462889009731,24.628113193930172,2026-01-14 10:47:06.927487
41.689121681704954,58.55919495829296,25.904553981598582,2026-01-14 10:47:14.927489
41.93748881010055,33.24388786307381,23.29881726956432,2026-01-14 10:47:22.927492
36.721955316175496,29.73388450687968,19.03262612976929,2026-01-14 10:47:30.927495
44.655434783217835,65.08302838961839,19.56338534600324,2026-01-14 10:47:38.927497
39.09301900223073,46.553005541372094,20.44578069721906,2026-01-14 10:47:46.927500
38.7946080710515,50.21498089766235,24.25302109545136,2026-01-14 10:47:54.927503
56.77597670151567,56.30141735677762,24.820551779647012,2026-01-14 10:48:02.927505
41.175812356236015,55.38530228833908,20.036573496235942,2026-01-14 10:48:10.927508
54.278228366440075,43.73949779592373,22.114730257286283,2026-01-14 10:48:18.927511
50.896839574596136,76.16958759888021,22.156941058185243,2026-01-14 10:48:26.927513
53.39972892998036,46.74474424363444,22.07455163463254,2026-01-14 10:48:34.927516
38.65900852652182,58.99788949753468,22.56173953540496,2026-01-14 10:48:42.927519
45.256587735615824,65.32074943144097,29.265328318609775,2026-01-14 10:48:50.927521
60.73360610353594,15.040178546796511,26.257780088968392,2026-01-14 10:48:58.927524
58.441750810648344,10.463783914746834,23.010126519791484,2026-01-14 10:49:06.927527
54.39103075055165,83.28801907942668,23.755510251870856,2026-01-14 10:49:14.927529
42.664922466251504,36.56980516455464,21.775697482519337,2026-01-14 10:49:22.927532
46.21718862120285,30.733544383886002,22.603738983442568,2026-01-14 10:49:30.927535
51.4140383464164,45.50485027989819,22.849386148874764,2026-01-14 10:49:38.927537
49.63439815122577,38.52512076865809,29.08588677280962,2026-01-14 10:49:46.927540
57.66781222083804,54.20954606735204,28.2758614525854,2026-01-14 10:49:54.927543
52.891536295578604,55.075200003823866,16.742552423230133,2026-01-14 10:50:02.927545
48.50504322519681,30.211292081018488,22.39105808781303,2026-01-14 10:50:10.927548
49.27900207207191,65.35078372441102,22.446246010264055,2026-01-14 10:50:18.927551
44.414435735267126,49.35764928032638,23.174068204425186,2026-01-14 10:50:26.927554
47.794382456633066,64.11044215734023,24.48849471679381,2026-01-14 10:50:34.927556
50.35414378679291,40.89949557852055,23.63385107683842,2026-01-14 10:50:42.927559
47.64176572560205,70.19267395439937,19.76638456586843,2026-01-14 10:50:50.927562
44.49025866861668,40.63481915430164,22.446423927032452,2026-01-14 10:50:58.927564
64.09351144633754,45.7573018073331,26.868190590290073,2026-01-14 10:51:06.927567
57.74405179952507,59.772829870092586,19.58694298872555,2026-01-14 10:51:14.927569
52.14827189171847,72.69513899005983,27.18979067474379,2026-01-14 10:51:22.927572
53.317183880838265,51.257399418940416,27.23137743561051,2026-01-14 10:51:30.927575
58.593977871557286,72.89279476042492,20.838080984504153,2026-01-14 10:51:38.927577
54.23065041450416,54.448633177111425,24.389554385802754,2026-01-14 10:51:46.927580
95.97155305990302,266.14540244168927,45.4164641821676,2026-01-14 10:51:54.927597
64.47445079786488,46.729311569114394,20.457098214142746,2026-01-14 10:52:02.927600
44.783288891255516,38.628720099692,20.9378470637279,2026-01-14 10:52:10.927603
50.124946671596824,63.53415760679971,20.27673145955924,2026-01-14 10:52:18.927605
62.15427138913415,66.62506529955726,24.79034833902493,2026-01-14 10:52:26.927608
41.264528796837496,63.35371251254763,23.515518019380593,2026-01-14 10:52:34.927611
54.42600975987827,37.738986546389754,21.171296513492052,2026-01-14 10:52:42.927613
53.705650336792985,29.492932903096314,25.544522638000004,2026-01-14 10:52:50.927616
40.13981348185193,60.68942725769644,25.27863940873413,2026-01-14 10:52:58.927619
52.08353810666845,41.91737215710893,19.974335947771376,2026-01-14 10:53:06.927621
34.29899446661937,45.01044022473562,24.474626362631927,2026-01-14 10:53:14.927624
50.76275359553046,46.048276758766264,25.037428326314586,2026-01-14 10:53:22.927627
47.583636004081086,60.06111418925305,22.123220714294693,2026-01-14 10:53:30.927629
8.254156641239481,271.9070429839593,0.6025678367081166,2026-01-14 10:53:38.927647
97.48183912048846,251.13882630097487,-9.91422127958816,2026-01-14 10:53:46.927663
41.86653497138802,46.33879289488698,22.882078137117105,2026-01-14 10:53:54.927666
48.92402572478614,22.819416483055697,24.9216007748931,2026-01-14 10:54:02.927669
54.97655992244839,69.93399979303115,24.16042556206761,2026-01-14 10:54:10.927672
58.72784340148773,64.5014069391342,23.991720177876307,2026-01-14 10:54:18.927674
51.159102664775126,50.35854564927433,21.9457572928588,2026-01-14 10:54:26.927677
62.50730687065686,29.68972462252394,21.34042344969534,2026-01-14 10:54:34.927680
52.94119434393137,18.49960238522564,24.876524050493106,2026-01-14 10:54:42.927683
57.08185186391193,49.00785072689499,21.04072501594899,2026-01-14 10:54:50.927686
41.5287393035472,72.22495103693899,28.887761571592385,2026-01-14 10:54:58.927688
50.02956537478278,30.32475874299824,25.60289625171841,2026-01-14 10:55:06.927691
59.84699610523788,75.27521418062764,24.688642580523066,2026-01-14 10:55:14.927693
42.96148517198357,64.28897591973359,24.421079410196683,2026-01-14 10:55:22.927696
62.4332833657182,62.80963964828335,24.24459650108573,2026-01-14 10:55:30.927699
94.88495632659905,282.24234598169966,48.337919509188275,2026-01-14 10:55:38.927715
95.92840180508111,239.11241708545685,40.665276082108555,2026-01-14 10:55:46.927731
53.70630824094485,63.97356903021597,23.783800052395698,2026-01-14 10:55:54.927734
40.95507732049979,59.34066835850403,24.888588752665434,2026-01-14 10:56:02.927737
43.56547392272006,54.32980896211226,23.224328803765907,2026-01-14 10:56:10.927739
45.86856284889943,47.05300124857854,22.38242170735898,2026-01-14 10:56:18.927742
44.02737322767809,40.10596597221151,20.885394638553528,2026-01-14 10:56:26.927745
46.070770022863165,45.726867599454934,22.23146074251386,2026-01-14 10:56:34.927748
99.67761465269562,151.30592205938154,42.072729790676675,2026-01-14 10:56:42.927764
48.068020433033766,42.69195618207609,21.944236046550472,2026-01-14 10:56:50.927766
60.95403837937501,32.92148940425571,21.861786503042474,2026-01-14 10:56:58.927769
52.65652199331525,49.528412444378354,20.454714097427555,2026-01-14 10:57:06.927772
60.81622780944572,54.23281111145641,23.709253587079797,2026-01-14 10:57:14.927775
41.495856067384025,55.24700036851861,19.98783620947397,2026-01-14 10:57:22.927777
43.226830009069104,49.63014078902759,17.342699243737272,2026-01-14 10:57:30.927780
46.84958505245195,48.2485112630713,21.09332647578679,2026-01-14 10:57:38.927783
54.334736714690536,74.6173930863736,26.38842076803184,2026-01-14 10:57:46.927785
55.45352551923044,55.906959473243774,17.21698226196317,2026-01-14 10:57:54.927788
40.52511862150382,42.50923552112943,28.10808946504381,2026-01-14 10:58:02.927791
49.40204665479867,68.70337573302079,22.813987971901906,2026-01-14 10:58:10.927793
47.81502118074471,65.8164748245989,21.421512939357534,2026-01-14 10:58:18.927796
34.28565982211509,46.34924030937473,22.10048541117536,2026-01-14 10:58:26.927799
1.7549162738135737,226.9345583278214,44.027758332329,2026-01-14 10:58:34.927815
61.8154754089462,32.48330673098097,23.650326691287887,2026-01-14 10:58:42.927818
41.22157977893725,36.37024556387843,20.854855451100125,2026-01-14 10:58:50.927821
45.61384964059938,62.50000867670461,19.685411620812438,2026-01-14 10:58:58.927823
51.764331416110934,42.01531601105315,26.58541753950031,2026-01-14 10:59:06.927826
59.43780166688568,52.911614464300364,21.406357116177205,2026-01-14 10:59:14.927829
53.87101320950432,39.76413508571157,20.969512350838965,2026-01-14 10:59:22.927831
43.29131361242215,36.69978616574814,24.60445200903773,2026-01-14 10:59:30.927834
59.831844019912495,47.872975625058686,19.448344471842503,2026-01-14 10:59:38.927837
49.75152853703278,36.354748745272495,20.190480875631213,2026-01-14 10:59:46.927839
44.65776354824891,48.956326866181605,25.6699626866513,2026-01-14 10:59:54.927842
45.1450785771426,56.86529879080328,14.757485471824296,2026-01-14 11:00:02.927845
46.002158590786955,67.57493467670825,21.903992140962586,2026-01-14 11:00:10.927847
51.1300571206997,18.04150280289199,25.30462164989521,2026-01-14 11:00:18.927850
51.7231720436503,40.23750911555055,23.005537865693018,2026-01-14 11:00:26.927853
33.32709648401129,75.87044974641663,22.137657441798932,2026-01-14 11:00:34.927856
52.29863123522407,26.70301919946756,22.09550790943738,2026-01-14 11:00:42.927858
45.44133657408993,54.942631033595134,18.448478909984964,2026-01-14 11:00:50.927861
56.004633340174124,68.31853490100441,21.538525932062882,2026-01-14 11:00:58.927864
45.71731930387021,55.3768042731443,20.80713117285358,2026-01-14 11:01:06.927866
56.06337479938895,61.14289219365847,23.341608200929052,2026-01-14 11:01:14.927869
50.784540316311556,69.43807672794522,20.84350283717381,2026-01-14 11:01:22.927872
55.96004250301825,57.58106410146496,23.587535741032056,2026-01-14 11:01:30.927874
62.624944460497474,64.78174528422828,25.60746377749069,2026-01-14 11:01:38.927877
97.39066975939373,286.93965071620346,44.55619156437252,2026-01-14 11:01:46.927893
46.355683791809035,63.14070188794692,27.418012027252946,2026-01-14 11:01:54.927896
93.39971863793248,196.97448027446657,40.88989714856346,2026-01-14 11:02:02.927912
55.12383836160659,47.14245341003283,23.97217108466468,2026-01-14 11:02:10.927914
40.81846888147466,49.17202648568935,24.454636044596395,2026-01-14 11:02:18.927917
48.50483073470412,25.5429013442729,26.61798354964045,2026-01-14 11:02:26.927920
56.21925882211609,62.977979120019135,23.49998506117197,2026-01-14 11:02:34.927923
42.4086678334013,76.21044796873338,25.796574692781153,2026-01-14 11:02:42.927926
48.10755770224843,45.94760011426004,24.78178020326793,2026-01-14 11:02:50.927929
43.40388670777861,40.8711541514045,21.413066875807953,2026-01-14 11:02:58.927931
41.54753885791798,53.439711926519706,28.138003138515707,2026-01-14 11:03:06.927934
34.701960196641785,48.97048930871797,18.89505488350157,2026-01-14 11:03:14.927937
65.89820799384647,51.842651578102966,19.974007996499516,2026-01-14 11:03:22.927940
97.33000107222624,237.2125658373031,48.73019394029716,2026-01-14 11:03:30.927956
48.26610788476608,62.88970686684459,24.400148702015546,2026-01-14 11:03:38.927959
54.050935820210036,33.046944129891145,30.235030026735263,2026-01-14 11:03:46.927962
51.191280606770974,39.808386156024305,24.270025845825725,2026-01-14 11:03:54.927964
66.64612723231352,53.86628810214126,19.274718273555127,2026-01-14 11:04:02.927967
49.472203032873516,56.75983333001982,21.707855898619126,2026-01-14 11:04:10.927970
48.83152091962266,43.79591699867534,28.66306297202057,2026-01-14 11:04:18.927972
38.668530974430446,59.797896658704644,17.403364696765635,2026-01-14 11:04:26.927975
58.22923503564712,48.59545716891244,26.97738994262657,2026-01-14 11:04:34.927978
59.22850742927888,42.22088031454558,19.76581355010886,2026-01-14 11:04:42.927980
44.9066392399543,27.209808867847364,14.503533205668294,2026-01-14 11:04:50.927983
45.55544521641657,30.479847097466312,24.453339815836813,2026-01-14 11:04:58.927986
53.693330357690904,21.95387450456869,21.83443767445097,2026-01-14 11:05:06.927988
1.186437657415803,213.1141802648889,49.371089449196774,2026-01-14 11:05:14.928004
53.62806970043574,35.265589486179806,23.17695266476879,2026-01-14 11:05:22.928008
53.57498000642158,47.977986927391854,20.880318263499582,2026-01-14 11:05:30.928011
54.88172935671378,52.35459441452652,21.240406191308193,2026-01-14 11:05:38.928014
51.793731234326344,17.22054728997641,26.431510179261174,2026-01-14 11:05:46.928017
53.403919465921845,67.95870385467842,18.884978908308604,2026-01-14 11:05:54.928019
44.32447198057963,33.960697168717616,17.639162805980455,2026-01-14 11:06:02.928022
45.555625764105066,53.065835474044654,19.393551421771733,2026-01-14 11:06:10.928024
46.83455430594989,32.00210416730603,22.12323435366848,2026-01-14 11:06:18.928027
37.88423752655386,54.823898170088576,28.264799214941725,2026-01-14 11:06:26.928030
98.86181772129345,219.69197532134564,43.16586759908651,2026-01-14 11:06:34.928046
50.1472130462675,53.03493194634203,27.895570697267328,2026-01-14 11:06:42.928049
63.011043245349065,42.460705792523605,22.104209787171122,2026-01-14 11:06:50.928051
52.192218821376684,68.0079748771081,23.42107960954414,2026-01-14 11:06:58.928054
55.857876057061226,46.79911672089277,24.96402985244694,2026-01-14 11:07:06.928057
46.21387962533561,20.733472039420626,23.43076380951548,2026-01-14 11:07:14.928059
48.19474637425545,48.715878657931306,27.522900676741052,2026-01-14 11:07:22.928062
44.46278230338488,65.62586996088277,24.750632909035662,2026-01-14 11:07:30.928065
4.00212275849672,218.16047317199292,49.97622822251385,2026-01-14 11:07:38.928081
44.16318024154072,55.42125975909654,19.120575368724058,2026-01-14 11:07:46.928084
54.57912248940541,16.277856698117553,26.78395430555014,2026-01-14 11:07:54.928087
47.59312202287339,31.85784596871792,24.16693618805655,2026-01-14 11:08:02.928089
52.0117888715241,37.392935964711036,22.325763138455045,2026-01-14 11:08:10.928092
58.38965701133251,74.83110669632443,21.549315548460388,2026-01-14 11:08:18.928095
45.102664662761434,44.395068826037445,21.478185768218562,2026-01-14 11:08:26.928097
48.884822394694126,61.09479727587007,17.27193173747812,2026-01-14 11:08:34.928100
60.546418598821354,47.26372796690692,23.093227900625042,2026-01-14 11:08:42.928103
49.286126766228406,49.43644032530778,17.806396089665224,2026-01-14 11:08:50.928106
5.441986625037022,234.91074696722478,1.271794166890155,2026-01-14 11:08:58.928122
61.95950581962589,48.51358549638096,21.191538032648115,2026-01-14 11:09:06.928125
45.27346321011356,59.82560920672684,24.90698479025288,2026-01-14 11:09:14.928128
0.9536092127300355,243.96855295153907,42.79745967769071,2026-01-14 11:09:22.928144
45.61000693268145,49.83593244475707,21.02754518610097,2026-01-14 11:09:30.928147
41.69164943324822,25.530862768085818,19.287720085332282,2026-01-14 11:09:38.928150
50.87526777466376,59.126631042112884,25.14295680762096,2026-01-14 11:09:46.928152
46.32727751824807,39.58099446255283,19.536911995301047,2026-01-14 11:09:54.928155
35.985369545986245,73.51694196794708,20.42149988059947,2026-01-14 11:10:02.928158
39.462944640427324,61.64041870765213,19.993348943219825,2026-01-14 11:10:10.928160
43.98051810117572,61.41958345114179,19.562298230053017,2026-01-14 11:10:18.928163
57.82737689622428,57.83213818900904,19.688990514408893,2026-01-14 11:10:26.928166
47.35368620537954,71.02143503399112,19.57498453478183,2026-01-14 11:10:34.928168
57.143630960870155,77.4443030257413,21.77094022211151,2026-01-14 11:10:42.928171
55.698577276641295,30.287812183171752,28.299966467874306,2026-01-14 11:10:50.928174
55.70169623089065,21.752746879121243,21.88304284118623,2026-01-14 11:10:58.928176
6.8908765374822964,164.93197692131628,45.23600547152612,2026-01-14 11:11:06.928193
53.49850549631169,35.71525428891805,20.969014584624407,2026-01-14 11:11:14.928196
54.690663804625096,44.05810853016157,21.640682396057862,2026-01-14 11:11:22.928199
57.1577881171771,75.00836167326706,27.569715865136775,2026-01-14 11:11:30.928201
36.2364351181063,77.41521474424545,25.753903011999085,2026-01-14 11:11:38.928204
43.87311927930958,34.24788890596781,25.272485448012457,2026-01-14 11:11:46.928207
43.53425272970691,60.6489369380079,26.21866022897868,2026-01-14 11:11:54.928210
52.60349487547048,37.29723550811953,26.74885671589,2026-01-14 11:12:02.928212
48.32783120278912,58.00227615236791,22.04970468219306,2026-01-14 11:12:10.928215
49.81937647124465,33.93721371973342,28.73425726141917,2026-01-14 11:12:18.928218
45.63325931223138,36.94615664724162,23.65733180010323,2026-01-14 11:12:26.928220
50.61715828706501,52.77065712171625,25.813746612531965,2026-01-14 11:12:34.928223
43.81533235543615,50.00750097550444,23.588913250773068,2026-01-14 11:12:42.928226
43.617490013301314,47.407973939053036,25.315760464510024,2026-01-14 11:12:50.928228
42.01860341807481,65.54970244128883,28.70467776534101,2026-01-14 11:12:58.928231
96.76361067872725,242.17286662674468,-1.2820686441856513,2026-01-14 11:13:06.928247
51.95855499115632,59.78969610765618,19.586937630347798,2026-01-14 11:13:14.928250
48.09511650950357,50.69004120879911,20.2861568750187,2026-01-14 11:13:22.928253
59.38205476213956,20.449993168716887,25.126156020553793,2026-01-14 11:13:30.928256
51.85156738020458,59.69734306588656,22.352997087357103,2026-01-14 11:13:38.928258
43.016311276370395,44.3366801538656,23.830168917764947,2026-01-14 11:13:46.928261
42.6698071954902,70.33164201658244,26.51059612758981,2026-01-14 11:13:54.928264
95.14461327739895,271.83871814855127,-4.239360424133494,2026-01-14 11:14:02.928279
51.074371977982345,45.04819859050325,22.364999054206468,2026-01-14 11:14:10.928282
49.74790140461582,54.121128541195176,26.206878605825413,2026-01-14 11:14:18.928285
98.12473821044172,221.46919068590992,44.8903577530762,2026-01-14 11:14:26.928301
50.72950619075026,38.11552411693841,21.802703438537222,2026-01-14 11:14:34.928304
51.73299980323695,34.61370974539584,26.302464195267817,2026-01-14 11:14:42.928307
58.49096771898507,49.998212771613595,26.250021313733946,2026-01-14 11:14:50.928310
40.54500699663359,56.74210869248461,29.25814114861134,2026-01-14 11:14:58.928312
41.881924054513185,45.559308495181455,22.279541563077526,2026-01-14 11:15:06.928315
1.0804455937640711,191.67677448098482,46.5190086556246,2026-01-14 11:15:14.928342
59.44392702378369,84.17602979793841,24.972094890168712,2026-01-14 11:15:22.928345
39.83673004816456,49.96394238621719,21.232185044632082,2026-01-14 11:15:30.928348
43.29832454484024,33.80911314350969,25.50898615800637,2026-01-14 11:15:38.928350
51.91063508949131,73.84758467271025,24.722213662682005,2026-01-14 11:15:46.928353
45.84674141765048,82.46011060868534,24.79621704797942,2026-01-14 11:15:54.928356
42.638091761788985,60.591183707226975,22.2719561695639,2026-01-14 11:16:02.928358
47.00655779207853,47.66651458217247,25.29858802752232,2026-01-14 11:16:10.928361
58.08331061000524,35.52941861373928,27.885405664316963,2026-01-14 11:16:18.928364
31.950000522014186,32.32339479709931,23.654075276397695,2026-01-14 11:16:26.928366
3.7783921372718665,161.5084240279328,40.611046676196324,2026-01-14 11:16:34.928383
4.517394759814438,280.8982608264083,49.85805320850206,2026-01-14 11:16:42.928399
42.169486031350885,39.36468563554264,28.859777412579703,2026-01-14 11:16:50.928402
51.380214263384715,57.662944837224764,30.33374825774752,2026-01-14 11:16:58.928405
45.661741297898686,24.760119588159714,19.92791422734086,2026-01-14 11:17:06.928407
41.0580027685906,44.619443404266214,20.478825391383676,2026-01-14 11:17:14.928410
55.41153453195817,82.47584101709904,26.57164578303079,2026-01-14 11:17:22.928413
35.23161399644756,63.79554971126453,23.554603651557905,2026-01-14 11:17:30.928415
61.12585990073234,62.92454186746916,23.417181195960254,2026-01-14 11:17:38.928418
43.8341035223931,43.395548193386624,22.334934260002797,2026-01-14 11:17:46.928421
40.80502711827302,57.58383862753812,27.46733932498487,2026-01-14 11:17:54.928424
49.633109925047826,37.530938390715335,26.285481235160695,2026-01-14 11:18:02.928426
53.46804399957474,52.93222597329936,22.703464396282083,2026-01-14 11:18:10.928429
54.476616492083735,37.79704475950646,22.6958652312074,2026-01-14 11:18:18.928432
46.05781817405651,60.23104235093947,23.378533710985902,2026-01-14 11:18:26.928434
61.03330070557998,48.749297833423014,21.23027210640273,2026-01-14 11:18:34.928437
56.75426582477934,79.873299533071,20.50381608545043,2026-01-14 11:18:42.928441
51.053156535354276,41.156489240113984,22.29699526687381,2026-01-14 11:18:50.928444
56.459557744066814,40.88968350181683,22.768336864330863,2026-01-14 11:18:58.928447
52.6067268171834,68.12521726360345,26.42439295391675,2026-01-14 11:19:06.928449
45.52536049490204,56.66297490936008,26.303968873207285,2026-01-14 11:19:14.928453
37.82722525893864,76.2010840626252,23.15535155359686,2026-01-14 11:19:22.928456
54.61435059131054,58.6061663150662,19.171086750384994,2026-01-14 11:19:30.928458
61.20319835836226,58.313370559190595,18.36686793995484,2026-01-14 11:19:38.928461
51.05818232397937,48.32736759285584,20.585100557442317,2026-01-14 11:19:46.928464
45.86253532955145,41.777504660461304,21.38529144202654,2026-01-14 11:19:54.928467
48.91316226889404,6.058269649965979,29.15891607350499,2026-01-14 11:20:02.928469
48.417847642355085,52.83666824905911,20.816982935431326,2026-01-14 11:20:10.928472
50.075721552181456,75.43584316716297,28.691866084319336,2026-01-14 11:20:18.928475
54.37568876370632,51.03268596925779,29.311019309185163,2026-01-14 11:20:26.928477
54.77117655294123,43.181784218848335,22.344040167694892,2026-01-14 11:20:34.928480
36.899160660346624,51.79400394000656,23.957480870275973,2026-01-14 11:20:42.928483
51.048166096629586,64.667233245293,16.683059174479027,2026-01-14 11:20:50.928485
41.09184614057606,76.5525142347091,15.077306961968882,2026-01-14 11:20:58.928488
47.41249705964317,34.8410267010663,21.454344818575272,2026-01-14 11:21:06.928490
50.88311711286158,57.61131391749933,20.252225818212718,2026-01-14 11:21:14.928493
59.0743583511057,45.094740235853436,22.359629661948684,2026-01-14 11:21:22.928496
54.96598044223539,65.60282847189129,18.787996110856707,2026-01-14 11:21:30.928498
0.727349477786684,247.11869111183188,43.24922794406641,2026-01-14 11:21:38.928514
71.16029432332127,42.559215311903834,24.786932172709157,2026-01-14 11:21:46.928517
52.58379602894134,49.08494042216925,24.50072140830971,2026-01-14 11:21:54.928519
45.73119754848666,41.689170598808246,27.797470053585844,2026-01-14 11:22:02.928522
53.47816051645513,57.131460237899354,20.613328796177353,2026-01-14 11:22:10.928525
53.3951515028881,16.8493581606473,26.31221182784615,2026-01-14 11:22:18.928527
42.274681571814334,74.43749547351418,21.254653899823836,2026-01-14 11:22:26.928530
40.60896028472822,10.59401964787751,21.435796724543742,2026-01-14 11:22:34.928532
61.97945346543701,77.86553515306599,22.689706327129148,2026-01-14 11:22:42.928535
40.08757837978686,29.045988627980613,24.016095106517554,2026-01-14 11:22:50.928538
49.607765273295705,47.59459878432754,23.992553913846734,2026-01-14 11:22:58.928540
61.60801150505069,59.2226209595446,28.335965379614745,2026-01-14 11:23:06.928543
55.49652636687133,71.99811288917904,19.665259251459347,2026-01-14 11:23:14.928545
49.713395370348294,77.1427237777791,18.57728816331377,2026-01-14 11:23:22.928548
35.279378043953976,49.51579083425794,24.92162880522432,2026-01-14 11:23:30.928551
50.98462561324945,36.63172249839874,22.81447974811795,2026-01-14 11:23:38.928553
32.48062636017157,67.91888330770595,25.87515745952613,2026-01-14 11:23:46.928556
50.41328781480864,64.04313514369925,23.554430907469218,2026-01-14 11:23:54.928558
47.620142393009196,69.6797560786092,23.96235717779805,2026-01-14 11:24:02.928561
51.552415548846994,41.41708894559835,20.62996159375677,2026-01-14 11:24:10.928564
43.47699497347103,34.006476021511624,29.374314209050887,2026-01-14 11:24:18.928566
60.65071249590723,39.12354918538733,23.600044553515243,2026-01-14 11:24:26.928569
50.57002999928714,30.597385621938564,20.912915368408807,2026-01-14 11:24:34.928572
42.6549841326674,70.0538065634707,26.547697181182613,2026-01-14 11:24:42.928574
68.42911001683831,27.80833665290414,26.777699719360395,2026-01-14 11:24:50.928577
9.969494174116697,169.9392064061974,43.19743195407695,2026-01-14 11:24:58.928593
59.17152696320582,37.64096769542,20.84267164565244,2026-01-14 11:25:06.928596
50.001493317079785,67.25911325889604,19.602008739321057,2026-01-14 11:25:14.928598
56.07342802164209,38.30220580667542,26.245954427749826,2026-01-14 11:25:22.928601
54.47760377929138,52.81308176620943,26.013129904289396,2026-01-14 11:25:30.928604
44.39570537592369,35.2129428699826,22.14753470621361,2026-01-14 11:25:38.928606
54.24877281827686,74.33747511351521,23.06661180362791,2026-01-14 11:25:46.928609
38.31260049078674,78.46650525118966,20.15632184819304,2026-01-14 11:25:54.928612
45.98904582665745,28.729101170465952,20.50011512527253,2026-01-14 11:26:02.928614
44.89378427442282,46.46045019183543,25.232557130945104,2026-01-14 11:26:10.928617
37.93449716516857,32.64532287286562,22.930925436660498,2026-01-14 11:26:18.928620
44.170575464433675,37.83498704556733,19.65786064951402,2026-01-14 11:26:26.928622
46.98126338441752,60.75925371738163,21.305054266903774,2026-01-14 11:26:34.928625
53.38569899565614,52.24045223406783,24.092420888163986,2026-01-14 11:26:42.928627
67.76547037266491,50.13242207401092,19.860935379888875,2026-01-14 11:26:50.928630
50.23282166660018,55.600228395670975,23.937134631399715,2026-01-14 11:26:58.928633
48.96880652705448,55.10981204618212,26.609143556617774,2026-01-14 11:27:06.928635
56.20338986471499,47.867801945891806,24.01606195376507,2026-01-14 11:27:14.928638
53.215351641391386,39.17055009312306,25.536578299655634,2026-01-14 11:27:22.928641
59.20975712628491,49.029670924512224,23.218622294046547,2026-01-14 11:27:30.928644
48.37018297566721,77.09774315993015,21.947868666129512,2026-01-14 11:27:38.928646
58.399953339604544,52.68042075215713,26.68764435289115,2026-01-14 11:27:46.928649
50.728806932848975,77.09802007189,20.419421913732506,2026-01-14 11:27:54.928651
68.35814873238228,58.00038867058174,25.518405513555216,2026-01-14 11:28:02.928654
53.7844074258657,64.05990937731315,20.06503337722417,2026-01-14 11:28:10.928657
61.25424684630431,41.42380937065908,23.99782253097259,2026-01-14 11:28:18.928659
50.5817970192263,52.809433247348274,18.84371519565653,2026-01-14 11:28:26.928662
56.346283241321004,47.894374116419954,23.922838004567588,2026-01-14 11:28:34.928665
41.81931719782327,45.455579346885486,23.0716852909589,2026-01-14 11:28:42.928667
3.6913619380920446,175.7394550597785,-7.4881038322301725,2026-01-14 11:28:50.928684
47.886631920677324,32.93393006282912,23.073222018599488,2026-01-14 11:28:58.928687
90.73364067459603,280.3762286104631,-2.0490631742240133,2026-01-14 11:29:06.928702
54.08182116135686,42.72813985464661,20.013789190925756,2026-01-14 11:29:14.928705
64.6180920396561,62.87021292953218,20.515411181104298,2026-01-14 11:29:22.928708
57.17270923388815,24.916253381490222,22.991749276897455,2026-01-14 11:29:30.928710
90.54732706924986,221.80572869482836,2.931142138648955,2026-01-14 11:29:38.928726
8.43879411230929,262.92729838233095,0.9928878099774643,2026-01-14 11:29:46.928742
91.19140671996048,186.3261975521206,-8.90494610650559,2026-01-14 11:29:54.928758
50.16848158691488,48.40268175229179,21.638622544507747,2026-01-14 11:30:02.928760
44.46199736587283,20.466152863758754,23.31031438792432,2026-01-14 11:30:10.928763
66.33660832114995,46.813566051343,27.51264284848977,2026-01-14 11:30:18.928766
99.86895945388298,191.9167960978354,1.737502165704404,2026-01-14 11:30:26.928782
52.30728918972849,41.55961963339651,18.736540579563137,2026-01-14 11:30:34.928785
45.8629033564099,65.02737280522906,21.50728748484438,2026-01-14 11:30:42.928787
41.48968307118375,38.15228841426118,23.706164781644038,2026-01-14 11:30:50.928790
39.39364982916602,22.532826824924747,19.31466850620271,2026-01-14 11:30:58.928793
49.87265723998206,63.74015479686635,20.83319334903834,2026-01-14 11:31:06.928795
0.6022694490029745,197.19433634027982,48.44314864152383,2026-01-14 11:31:14.928812
47.504103930815965,36.631745779371506,23.95889802775243,2026-01-14 11:31:22.928814
51.44850194216866,69.54917055974096,24.75849740117835,2026-01-14 11:31:30.928817
46.70068945426816,73.5479965438995,23.205911145283146,2026-01-14 11:31:38.928820
9.09202136206487,297.1190708121877,45.0370838708407,2026-01-14 11:31:46.928835
57.46194886676463,16.500817709663536,24.464314453157918,2026-01-14 11:31:54.928838
43.05548874659816,50.52070623128843,17.09448735968584,2026-01-14 11:32:02.928841
56.32302820034282,69.50790287894009,23.49021642206721,2026-01-14 11:32:10.928843
40.435009833158304,31.032523895675517,17.62068064239627,2026-01-14 11:32:18.928846
48.926754863261884,56.181637415304294,24.67191288134146,2026-01-14 11:32:26.928849
48.92683858986834,44.00151406803295,23.807884257742202,2026-01-14 11:32:34.928851
97.75234538899056,265.1954967092747,-0.5715039902907524,2026-01-14 11:32:42.928867
98.87468940212882,254.48421032160692,3.8610948326852466,2026-01-14 11:32:50.928882
38.7847354582701,69.80276295797626,23.892814828391366,2026-01-14 11:32:58.928885
41.32503033234302,35.47931362234632,22.069076883845288,2026-01-14 11:33:06.928888
43.749626345415535,34.625115292718554,26.54997143132947,2026-01-14 11:33:14.928891
63.39121270993648,66.36292505905547,21.611181463924225,2026-01-14 11:33:22.928894
61.28171043851526,47.82385106444552,22.016174239197923,2026-01-14 11:33:30.928896
56.40864771030549,44.517410945221016,22.546102339302433,2026-01-14 11:33:38.928900
45.166659173473164,29.248062322574512,21.391483500128032,2026-01-14 11:33:46.928903
94.83860218864311,271.84892703705924,41.11487687838782,2026-01-14 11:33:54.928918
2.057943769894217,216.56570086383675,-5.764481214360156,2026-01-14 11:34:02.928934
47.88769790404479,33.539475215434,18.569225217404295,2026-01-14 11:34:10.928937
53.049954131824585,47.96109065216349,24.854327307621766,2026-01-14 11:34:18.928940
62.07566154726152,27.00949160165104,22.41115804583619,2026-01-14 11:34:26.928942
48.85507410428978,61.80546255307421,23.892184560593325,2026-01-14 11:34:34.928945
49.18623979557564,17.058082683500807,22.513628073560426,2026-01-14 11:34:42.928947
5.689554832818508,196.8287825679582,47.96300663415132,2026-01-14 11:34:50.928963
61.14763622019545,60.65823653446678,24.288022468405202,2026-01-14 11:34:58.928966
53.03711718708772,48.13359015340372,21.29291791317442,2026-01-14 11:35:06.928969
62.91823032567881,45.16957768261912,26.976296327285237,2026-01-14 11:35:14.928971
38.74547992401969,54.45625177236253,27.863680639178682,2026-01-14 11:35:22.928974
58.07577430876775,37.325878421097556,18.502952118624798,2026-01-14 11:35:30.928977
99.57134832539796,270.84033281553576,-5.504969742377638,2026-01-14 11:35:38.928992
49.26524188532036,44.803602409896506,18.165297922691515,2026-01-14 11:35:46.928995
56.021458522288455,32.18801897392342,23.544539994522662,2026-01-14 11:35:54.928997
59.7197880903379,60.0729675759358,27.5840940781635,2026-01-14 11:36:02.929000
35.11641600060555,62.9636542210134,21.28587724274817,2026-01-14 11:36:10.929003
51.57250838113971,44.75841009174566,20.68229375373128,2026-01-14 11:36:18.929005
36.83525908766549,72.58317787858742,26.493750413605845,2026-01-14 11:36:26.929008
49.30195189453644,58.064448544248194,24.284558743431727,2026-01-14 11:36:34.929011
40.33456941083529,46.22628753851632,23.943438417450214,2026-01-14 11:36:42.929013
64.7048056636931,41.29027546169073,21.165844257834117,2026-01-14 11:36:50.929020
55.041190211422894,21.84921903975895,24.231596043227754,2026-01-14 11:36:58.929022
57.04228063187025,50.73962497280334,25.306519027906692,2026-01-14 11:37:06.929025
