temperature_celsius,vibration_hz,timestamp
64.4405994097654,1.295670655406815,2026-01-17 17:30:51.562879
77.89606407753696,1.4302304187458725,2026-01-17 17:30:56.562887
67.09560932988242,1.0424490578465557,2026-01-17 17:31:01.562890
71.20981135783018,0.6260159266026606,2026-01-17 17:31:06.562892
74.08222540475664,0.7428372007152417,2026-01-17 17:31:11.562894
65.45987962239394,0.7763088895994126,2026-01-17 17:31:16.562896
66.85262519537875,1.3793161400737823,2026-01-17 17:31:21.562898
67.27808637737408,1.2332767769129598,2026-01-17 17:31:26.562900
66.99873074947044,1.4842319463139915,2026-01-17 17:31:31.562902
66.99146693885301,1.7556834553526812,2026-01-17 17:31:36.562905
67.33175598078756,1.198341641303962,2026-01-17 17:31:41.562907
74.11272456051594,0.8337469050086933,2026-01-17 17:31:46.562909
83.8915652077622,1.5580919172846952,2026-01-17 17:31:51.562911
73.69233289997705,1.251410484356991,2026-01-17 17:31:56.562913
64.95457328567446,0.7250117359389338,2026-01-17 17:32:01.562915
67.69680614520107,1.5171366678656746,2026-01-17 17:32:06.562917
64.34723847659217,1.2403286647884064,2026-01-17 17:32:11.562919
66.6153899984702,1.3835028866522603,2026-01-17 17:32:16.562921
72.91061397356519,1.4663245378780072,2026-01-17 17:32:21.562923
65.80391238388681,1.1072362872446355,2026-01-17 17:32:26.562925
62.45923355226259,1.529894092735446,2026-01-17 17:32:31.562928
64.46832512996986,0.8411380127757988,2026-01-17 17:32:36.562930
74.17397709615214,1.288968415298691,2026-01-17 17:32:41.562932
71.80818012523817,1.0064640736184627,2026-01-17 17:32:46.562934
77.47717126441736,1.301454375597996,2026-01-17 17:32:51.562936
56.901274479551276,1.4465707513125672,2026-01-17 17:32:56.562938
62.906247707042986,1.5127474852018263,2026-01-17 17:33:01.562940
68.90164056081244,1.3071337714535238,2026-01-17 17:33:06.562942
66.0537083565104,1.423113385131368,2026-01-17 17:33:11.562944
65.95753198553406,1.049472886924639,2026-01-17 17:33:16.562946
115.20300948911043,6.533615026041694,2026-01-17 17:33:21.562957
67.3511989811648,1.3539802299340067,2026-01-17 17:33:26.562959
76.85931066774889,1.2526659881864497,2026-01-17 17:33:31.562961
66.48973453061323,1.1017013560206694,2026-01-17 17:33:36.562963
76.36866810069778,1.112414198752314,2026-01-17 17:33:41.562965
70.02556728321231,1.129623859987456,2026-01-17 17:33:46.562967
68.02241774209854,1.1132589430590174,2026-01-17 17:33:51.562969
69.19357144166996,1.3212152570443614,2026-01-17 17:33:56.562971
65.28471595766369,1.621187621597788,2026-01-17 17:34:01.562973
119.06118237355278,5.007129183301457,2026-01-17 17:34:06.562977
64.63734082782172,0.9022241461790428,2026-01-17 17:34:11.562979
70.30115104970513,1.938972633745586,2026-01-17 17:34:16.562981
72.38877049716764,1.1222914065783327,2026-01-17 17:34:21.562983
69.82644115147379,0.8493965887141404,2026-01-17 17:34:26.562985
101.0513817877875,6.688542189623514,2026-01-17 17:34:31.562988
73.95515973521523,0.9271837635615783,2026-01-17 17:34:36.562991
77.02602652939095,1.617697726047571,2026-01-17 17:34:41.562993
65.04731837434656,1.0301106811191685,2026-01-17 17:34:46.562995
78.53302476839231,1.4620768246906137,2026-01-17 17:34:51.562997
62.24668284466934,1.220568892441808,2026-01-17 17:34:56.562999
72.68168016191032,0.9255927206216168,2026-01-17 17:35:01.563001
66.08373353831881,1.1033815451382973,2026-01-17 17:35:06.563003
116.93348383452452,5.031766510860622,2026-01-17 17:35:11.563007
71.13729967302065,1.5921428262847284,2026-01-17 17:35:16.563009
68.37754521085553,1.1382399848713485,2026-01-17 17:35:21.563011
71.29941397124212,1.434546861533193,2026-01-17 17:35:26.563013
76.49698407132243,0.9398561531851339,2026-01-17 17:35:31.563015
71.25246425172938,1.3039344628490928,2026-01-17 17:35:36.563017
71.13144134749437,1.4542204297729917,2026-01-17 17:35:41.563020
71.46536236649341,0.9856945745920896,2026-01-17 17:35:46.563022
70.87416505995736,0.8349435322922283,2026-01-17 17:35:51.563024
64.04348251398676,1.3969660825901489,2026-01-17 17:35:56.563026
66.24410287668036,0.8608715840638409,2026-01-17 17:36:01.563028
74.8168806462216,1.3238342780809496,2026-01-17 17:36:06.563030
65.66179455010312,1.2437585557284927,2026-01-17 17:36:11.563032
65.55242785187238,0.9552569145103684,2026-01-17 17:36:16.563034
104.827443116669,7.568186220708453,2026-01-17 17:36:21.563038
70.06500945938953,1.636060223147195,2026-01-17 17:36:26.563040
62.967973664092256,1.1896411031715575,2026-01-17 17:36:31.563042
64.64553750969444,1.3447417245729556,2026-01-17 17:36:36.563044
118.84821442506468,7.659457560881794,2026-01-17 17:36:41.563048
72.36618812286773,1.1781513262029382,2026-01-17 17:36:46.563050
116.325236386684,5.177795568278343,2026-01-17 17:36:51.563054
67.76742523966489,1.4569196382970415,2026-01-17 17:36:56.563056
73.55054620181977,1.227743661465329,2026-01-17 17:37:01.563058
65.58071281899433,1.2461175317836584,2026-01-17 17:37:06.563060
75.28711754431188,1.2154082578438905,2026-01-17 17:37:11.563062
75.41525621587638,1.5161406156104709,2026-01-17 17:37:16.563064
74.5256097997828,1.0188286882546413,2026-01-17 17:37:21.563066
72.57523843153024,2.3558194471964162,2026-01-17 17:37:26.563069
76.65440663986043,1.4964607831512335,2026-01-17 17:37:31.563070
68.42365377679828,1.4276907661479803,2026-01-17 17:37:36.563073
70.8251139905467,0.9432213246511896,2026-01-17 17:37:41.563075
81.57329283336755,0.6398204422224756,2026-01-17 17:37:46.563077
67.92734097305055,1.2240596137622444,2026-01-17 17:37:51.563079
67.64034067105283,1.5266851790902098,2026-01-17 17:37:56.563081
77.8019007056644,1.2385653000213244,2026-01-17 17:38:01.563083
66.34816684141431,1.2649375768745923,2026-01-17 17:38:06.563085
81.94517978696231,1.7530241274961598,2026-01-17 17:38:11.563087
59.874287066711965,1.2559362944308283,2026-01-17 17:38:16.563089
67.77750627890408,0.6992602922728405,2026-01-17 17:38:21.563091
72.52493639490228,1.4597265582510364,2026-01-17 17:38:26.563094
68.32876454424816,1.104645928046825,2026-01-17 17:38:31.563096
78.82727120140548,1.3214945132882867,2026-01-17 17:38:36.563098
71.88648132730205,1.6954052959438468,2026-01-17 17:38:41.563100
62.403150170229935,1.0547297781401246,2026-01-17 17:38:46.563102
68.81304019396666,1.7616017041416911,2026-01-17 17:38:51.563104
53.79366329965464,0.8926837075997129,2026-01-17 17:38:56.563107
60.02519214221175,0.809942147521968,2026-01-17 17:39:01.563109
67.79977756651508,1.2392221731858273,2026-01-17 17:39:06.563111
70.29254451153422,1.9043990785350968,2026-01-17 17:39:11.563113
65.09245674476024,1.338631042278981,2026-01-17 17:39:16.563115
68.98771237084225,1.218268982135148,2026-01-17 17:39:21.563117
70.56758672625624,1.398639202356314,2026-01-17 17:39:26.563119
66.92433161114334,1.8333952924848753,2026-01-17 17:39:31.563121
69.24107452482208,1.376495161945373,2026-01-17 17:39:36.563123
117.63376604890159,4.783164539157186,2026-01-17 17:39:41.563127
71.40495933867517,1.0131901440538218,2026-01-17 17:39:46.563129
74.42495233593333,1.0606410754065096,2026-01-17 17:39:51.563131
67.05317621527894,1.4548806291063072,2026-01-17 17:39:56.563134
74.76005546923348,1.6357650742387113,2026-01-17 17:40:01.563136
74.06431059419481,1.3888886525770836,2026-01-17 17:40:06.563138
72.75868505232538,0.9869616126217549,2026-01-17 17:40:11.563140
69.89549203017926,1.2351982149926346,2026-01-17 17:40:16.563142
66.65398635909393,1.5485811953240323,2026-01-17 17:40:21.563144
116.4603187960753,5.715976109500073,2026-01-17 17:40:26.563148
67.96042323614353,1.2784869167917399,2026-01-17 17:40:31.563150
76.52739403577165,1.2063011524898277,2026-01-17 17:40:36.563152
68.80387601065122,1.4561924133203568,2026-01-17 17:40:41.563154
71.62083176244221,1.1609570836896945,2026-01-17 17:40:46.563156
109.33594720308216,6.527348848679197,2026-01-17 17:40:51.563160
64.96991309250149,0.8357434161636803,2026-01-17 17:40:56.563162
73.85339164761555,1.4001168310409373,2026-01-17 17:41:01.563164
69.93876613576543,0.9308236885542505,2026-01-17 17:41:06.563166
59.5499112568486,1.7311294549700156,2026-01-17 17:41:11.563168
65.87251401603744,1.103584247504102,2026-01-17 17:41:16.563170
73.06920670737712,1.6073642364299965,2026-01-17 17:41:21.563172
71.22483285554361,1.047917047388661,2026-01-17 17:41:26.563174
72.79554601307264,1.4617624774291438,2026-01-17 17:41:31.563176
62.75957829251338,0.7777608676870333,2026-01-17 17:41:36.563178
66.67886278347788,1.6080334098744513,2026-01-17 17:41:41.563180
71.55453782799002,1.6426068650848655,2026-01-17 17:41:46.563182
68.48837878961847,1.198631151302911,2026-01-17 17:41:51.563184
71.61359280169044,0.9518307169343031,2026-01-17 17:41:56.563186
72.46343241900203,1.226661901839523,2026-01-17 17:42:01.563188
73.45071995855557,1.079633858434249,2026-01-17 17:42:06.563190
70.34826332259439,1.4950512919075396,2026-01-17 17:42:11.563193
96.84491411838498,6.215417137605283,2026-01-17 17:42:16.563197
108.07744610425372,6.51759455254105,2026-01-17 17:42:21.563200
80.76591228755778,0.9697957311335851,2026-01-17 17:42:26.563203
69.44534032185246,1.4928927379443309,2026-01-17 17:42:31.563205
65.80139078909612,1.0201822063667934,2026-01-17 17:42:36.563207
75.16300202008988,0.6569606025011951,2026-01-17 17:42:41.563209
71.70877987888579,1.7628512517647659,2026-01-17 17:42:46.563211
72.85673755163394,1.4911571460039632,2026-01-17 17:42:51.563213
63.39883396489679,1.7494376297563061,2026-01-17 17:42:56.563215
116.6515972375102,4.180874680424758,2026-01-17 17:43:01.563219
75.89720060360644,1.0592473043685886,2026-01-17 17:43:06.563221
98.7604222775882,6.3765228614085405,2026-01-17 17:43:11.563225
69.42730077373692,1.5713448935920384,2026-01-17 17:43:16.563227
69.45685667955573,1.183354512510698,2026-01-17 17:43:21.563229
70.02621849859092,1.2140941781294226,2026-01-17 17:43:26.563231
68.4348814589178,0.7202629582387552,2026-01-17 17:43:31.563233
70.60147815855949,1.3543316502176246,2026-01-17 17:43:36.563235
75.30223407055234,1.6624112990754547,2026-01-17 17:43:41.563237
71.66157005989795,0.9754540390330338,2026-01-17 17:43:46.563239
70.57430734106948,1.6653788564198913,2026-01-17 17:43:51.563241
80.30373962440993,1.7266022527329614,2026-01-17 17:43:56.563243
64.89808376368923,1.1192716686213149,2026-01-17 17:44:01.563246
73.22687974792574,1.6105894672597045,2026-01-17 17:44:06.563248
67.83174836614076,1.0973074084126802,2026-01-17 17:44:11.563250
75.29212243424794,0.6723781540730657,2026-01-17 17:44:16.563252
74.43031780123077,1.158876653687444,2026-01-17 17:44:21.563254
77.51178526048014,1.2222284341259324,2026-01-17 17:44:26.563256
74.9077368836504,1.2992101671191796,2026-01-17 17:44:31.563258
98.67683702322594,7.706350500645978,2026-01-17 17:44:36.563261
68.59307446724456,0.7005920411414976,2026-01-17 17:44:41.563264
107.31545234982174,5.315006441150032,2026-01-17 17:44:46.563267
69.38544346724272,1.177408903573463,2026-01-17 17:44:51.563270
71.83299123048424,0.9180360641017934,2026-01-17 17:44:56.563272
73.73684015805901,1.112792307590687,2026-01-17 17:45:01.563274
65.07136976832228,1.3512139546553532,2026-01-17 17:45:06.563276
65.92250463355755,1.0322923520298428,2026-01-17 17:45:11.563278
69.46484820022721,0.8894273032741877,2026-01-17 17:45:16.563280
70.28737001512148,0.5151592529877606,2026-01-17 17:45:21.563282
66.50137246003708,1.2641939732202665,2026-01-17 17:45:26.563284
74.25677132300255,1.0138908832393343,2026-01-17 17:45:31.563286
67.34749426194736,1.0272545278065959,2026-01-17 17:45:36.563288
81.87070871700298,1.1067827206148417,2026-01-17 17:45:41.563291
78.22483856750642,1.1252891881330864,2026-01-17 17:45:46.563293
74.25701046189414,0.9036192462610375,2026-01-17 17:45:51.563295
85.3944040422762,1.535872473430373,2026-01-17 17:45:56.563297
77.61893705096904,0.46297588294095615,2026-01-17 17:46:01.563299
66.21824627357849,0.7733238871206978,2026-01-17 17:46:06.563301
64.69368683526704,1.0036879961660952,2026-01-17 17:46:11.563303
78.43570817536282,1.464491927084835,2026-01-17 17:46:16.563305
65.63012940257451,1.1990112239017938,2026-01-17 17:46:21.563307
77.61562038634828,1.3616730131053976,2026-01-17 17:46:26.563309
68.05965405101293,0.9994794095090195,2026-01-17 17:46:31.563311
74.63088773765821,1.772824992141039,2026-01-17 17:46:36.563313
70.13845465808106,1.2382096435611467,2026-01-17 17:46:41.563315
66.74678715439086,1.053862384870591,2026-01-17 17:46:46.563317
65.85708114490632,1.0364492402004468,2026-01-17 17:46:51.563319
70.24260813972414,0.9507149650766886,2026-01-17 17:46:56.563321
71.95126634491571,1.1745273502512503,2026-01-17 17:47:01.563323
67.11614334715834,1.4266173677477267,2026-01-17 17:47:06.563325
72.64158304815189,1.2622510455477407,2026-01-17 17:47:11.563327
61.652973594393146,1.3630080577139805,2026-01-17 17:47:16.563329
67.17721498365212,0.8993859829113797,2026-01-17 17:47:21.563331
61.862287810584185,1.2144254839984145,2026-01-17 17:47:26.563333
62.37854733415004,1.4393208943735902,2026-01-17 17:47:31.563335
69.66960100676341,0.836695140071263,2026-01-17 17:47:36.563337
69.25724297496475,1.0777619587094205,2026-01-17 17:47:41.563339
75.0314640460722,1.0269324391430554,2026-01-17 17:47:46.563341
75.53164552414222,1.4314914447904008,2026-01-17 17:47:51.563343
57.641777499363556,0.960931423358857,2026-01-17 17:47:56.563345
70.84864642195187,1.226818175743695,2026-01-17 17:48:01.563348
70.4329489373645,1.1532968293823762,2026-01-17 17:48:06.563350
69.40074540317201,1.234118838063894,2026-01-17 17:48:11.563352
67.56196887963753,1.0702325436541136,2026-01-17 17:48:16.563354
72.7174157648189,1.5104762781241796,2026-01-17 17:48:21.563356
74.35562351715846,1.1021929403496475,2026-01-17 17:48:26.563358
68.74938699462744,1.5903157299486899,2026-01-17 17:48:31.563360
60.646040394870724,1.0945459547876073,2026-01-17 17:48:36.563362
62.09874031628237,1.2048160255931792,2026-01-17 17:48:41.563364
74.14702790591744,0.5366594072976344,2026-01-17 17:48:46.563366
65.57592029041008,1.2860823783672894,2026-01-17 17:48:51.563368
110.69270132678545,5.3396224586283445,2026-01-17 17:48:56.563372
72.54689058168053,1.5741981165695171,2026-01-17 17:49:01.563374
70.90933127529247,1.2744661758901008,2026-01-17 17:49:06.563376
64.54304781353265,0.9548995682217317,2026-01-17 17:49:11.563378
70.35783118609696,1.0567027659704649,2026-01-17 17:49:16.563380
68.26236633113523,1.4487416053755804,2026-01-17 17:49:21.563382
68.65062532353315,0.9063708852653077,2026-01-17 17:49:26.563384
67.86296028775263,1.0342062679958983,2026-01-17 17:49:31.563387
74.3480296005283,1.6066913576414852,2026-01-17 17:49:36.563389
61.838909602857406,1.2842892962754597,2026-01-17 17:49:41.563391
61.10639875547861,1.648813293446755,2026-01-17 17:49:46.563393
70.90265420902716,1.993071475019565,2026-01-17 17:49:51.563395
70.54697397302446,1.4177299871696076,2026-01-17 17:49:56.563397
71.0843051849147,1.3326349995940419,2026-01-17 17:50:01.563399
79.41012248237517,1.6036260138464933,2026-01-17 17:50:06.563401
70.91941675952579,1.2300286327739094,2026-01-17 17:50:11.563403
106.27098428510331,4.452952183363021,2026-01-17 17:50:16.563407
115.97245216114835,4.498650724813068,2026-01-17 17:50:21.563411
116.7474090515532,6.075352228504288,2026-01-17 17:50:26.563415
67.05956586842724,1.1599797426325367,2026-01-17 17:50:31.563417
64.93947812369916,0.7035429984402692,2026-01-17 17:50:36.563420
68.85060214276807,1.3884420040442007,2026-01-17 17:50:41.563422
68.32107650354936,1.7007064575868178,2026-01-17 17:50:46.563424
64.37290496126556,1.155288999981141,2026-01-17 17:50:51.563426
56.515566785292144,1.1837115400446563,2026-01-17 17:50:56.563428
75.40229934502675,0.6465284279111718,2026-01-17 17:51:01.563430
68.65555654722584,0.8680422273774988,2026-01-17 17:51:06.563432
70.00349558778588,1.24747679428601,2026-01-17 17:51:11.563435
70.06964645956474,1.192762473866999,2026-01-17 17:51:16.563437
69.42577990258488,1.2465109870786555,2026-01-17 17:51:21.563439
69.83623364892001,1.0369725686598705,2026-01-17 17:51:26.563441
76.94291134520144,0.4021945928851881,2026-01-17 17:51:31.563443
76.23042596248814,0.5779829302775551,2026-01-17 17:51:36.563445
71.44921132084234,1.1235536194882907,2026-01-17 17:51:41.563447
104.33273290699383,5.0829786925742155,2026-01-17 17:51:46.563451
68.19054514383498,1.1791230531260968,2026-01-17 17:51:51.563453
74.6783919657373,1.5814665284982476,2026-01-17 17:51:56.563455
66.47764948270235,0.9815054550156341,2026-01-17 17:52:01.563457
67.37739866860113,1.3468123683683753,2026-01-17 17:52:06.563459
68.24659236060606,1.1312351845339224,2026-01-17 17:52:11.563461
73.55479984101746,1.3332789934458118,2026-01-17 17:52:16.563463
78.23198621339986,0.8978731907081217,2026-01-17 17:52:21.563465
72.96550628984193,1.107136068205803,2026-01-17 17:52:26.563467
61.651104139658,1.7294060802788156,2026-01-17 17:52:31.563469
67.38638489740481,1.5147027677510667,2026-01-17 17:52:36.563471
76.5788325414108,0.6740678859185354,2026-01-17 17:52:41.563473
63.597853237518585,1.7264382545953092,2026-01-17 17:52:46.563475
61.23265291874669,1.0365233295123273,2026-01-17 17:52:51.563477
114.09014485399402,4.56045270306581,2026-01-17 17:52:56.563481
74.85911345086367,1.190712524809028,2026-01-17 17:53:01.563483
68.18193893893073,1.1829163128836797,2026-01-17 17:53:06.563485
80.77619769216537,1.4016771853241317,2026-01-17 17:53:11.563487
70.85432719063971,1.1448049990941962,2026-01-17 17:53:16.563490
108.14225455756714,4.6867171433932135,2026-01-17 17:53:21.563494
70.9792262754884,0.9064881667154904,2026-01-17 17:53:26.563496
80.02787022819976,1.4152774739379148,2026-01-17 17:53:31.563498
71.28014867156938,1.4948072951836542,2026-01-17 17:53:36.563500
64.98121054218315,1.353088916874697,2026-01-17 17:53:41.563502
60.795628843341774,0.8161269099792895,2026-01-17 17:53:46.563505
68.2599345685158,1.2595675088688876,2026-01-17 17:53:51.563507
66.94241098504025,0.7780016709455333,2026-01-17 17:53:56.563509
76.70655959850068,0.9348666633407194,2026-01-17 17:54:01.563511
65.25300555584029,1.9897146194512172,2026-01-17 17:54:06.563513
70.4766040347386,1.2537110389646895,2026-01-17 17:54:11.563515
67.12181086881112,1.2366029443936084,2026-01-17 17:54:16.563517
61.55221386960865,1.496136660038613,2026-01-17 17:54:21.563519
69.82505754751519,1.731240190690653,2026-01-17 17:54:26.563521
62.21023841161666,1.0798855919450046,2026-01-17 17:54:31.563523
73.1620386952776,1.4917663348880188,2026-01-17 17:54:36.563525
61.1856653556448,1.5432405607849253,2026-01-17 17:54:41.563527
69.62783285449977,1.3862016292652033,2026-01-17 17:54:46.563529
75.3228433901335,1.2358817006661207,2026-01-17 17:54:51.563531
72.7989522396552,1.5242342176663866,2026-01-17 17:54:56.563533
67.73127845731779,1.3898824901380396,2026-01-17 17:55:01.563535
72.14809109566293,1.2623063061489332,2026-01-17 17:55:06.563537
74.0924236731927,1.2401542962738,2026-01-17 17:55:11.563539
64.59471729795868,1.515945855999871,2026-01-17 17:55:16.563541
119.27645612913419,7.777065956453736,2026-01-17 17:55:21.563545
70.1415918806523,1.2089268418487236,2026-01-17 17:55:26.563547
62.9742003881777,1.3503100030552035,2026-01-17 17:55:31.563549
71.11066885816857,1.0563754135009567,2026-01-17 17:55:36.563551
68.69486373376603,1.2404954162459065,2026-01-17 17:55:41.563553
77.23488942176867,1.2589664329534724,2026-01-17 17:55:46.563555
74.33882512085444,1.284909661618565,2026-01-17 17:55:51.563557
70.41141994637712,1.5196441125196052,2026-01-17 17:55:56.563559
114.96958089434163,7.99173644213335,2026-01-17 17:56:01.563563
67.41355774949814,1.622804232055674,2026-01-17 17:56:06.563565
74.59913755073832,1.2941585890410403,2026-01-17 17:56:11.563567
114.20683534661296,5.6710671286693355,2026-01-17 17:56:16.563571
65.63684686314494,1.4380973825941061,2026-01-17 17:56:21.563573
63.27774744482861,0.9244044160547404,2026-01-17 17:56:26.563575
60.3316084944622,0.8377812505060876,2026-01-17 17:56:31.563577
74.92161199238292,1.1358033467323472,2026-01-17 17:56:36.563580
106.68503778124675,6.453645556842831,2026-01-17 17:56:41.563584
70.83226104106528,1.3477353792024447,2026-01-17 17:56:46.563586
62.15019831171328,1.2221888892220705,2026-01-17 17:56:51.563588
66.88429736787617,1.0333568642519235,2026-01-17 17:56:56.563590
67.52015476836765,1.1495655313124118,2026-01-17 17:57:01.563592
117.09464712408564,7.711009132780852,2026-01-17 17:57:06.563596
99.34738123048719,5.584968075610635,2026-01-17 17:57:11.563599
65.83822213447885,1.341424666915921,2026-01-17 17:57:16.563601
66.4739463183511,0.9889139811220661,2026-01-17 17:57:21.563603
77.73752600665031,1.7387633019286564,2026-01-17 17:57:26.563606
68.18732487450319,1.3751401128468872,2026-01-17 17:57:31.563608
71.42932695362452,1.3003370369961074,2026-01-17 17:57:36.563610
65.74721770668903,1.2314205895914392,2026-01-17 17:57:41.563612
63.10340385992736,0.9807209880174242,2026-01-17 17:57:46.563614
65.79545600976073,1.1975165776349852,2026-01-17 17:57:51.563616
67.41194350481915,1.2671363854916695,2026-01-17 17:57:56.563618
52.59595585619958,0.9389330273569465,2026-01-17 17:58:01.563620
67.5528027874089,1.5132482631207216,2026-01-17 17:58:06.563622
61.803018661679715,1.3387645657942622,2026-01-17 17:58:11.563624
72.95327415346155,1.5326110741748722,2026-01-17 17:58:16.563626
72.0280879657019,1.4145021041403423,2026-01-17 17:58:21.563628
75.33337344794577,1.5507886771337018,2026-01-17 17:58:26.563630
66.7540433754816,1.3441686322232242,2026-01-17 17:58:31.563632
69.16440959841573,1.2440141059299967,2026-01-17 17:58:36.563634
66.55229839459817,1.3484866552684576,2026-01-17 17:58:41.563636
70.14372411467409,1.5835355587821895,2026-01-17 17:58:46.563638
74.08876347938025,0.7531820821052082,2026-01-17 17:58:51.563640
110.7953381754167,5.039214324256639,2026-01-17 17:58:56.563644
77.47566872758706,1.264089127328553,2026-01-17 17:59:01.563646
71.24691841855378,1.6732359839290423,2026-01-17 17:59:06.563648
103.54680415096715,6.530487572535792,2026-01-17 17:59:11.563652
97.56274319976698,7.7489139489458045,2026-01-17 17:59:16.563655
69.06813802818453,1.0786002530078862,2026-01-17 17:59:21.563657
70.66484837073438,0.989963755518248,2026-01-17 17:59:26.563659
67.59934066152074,1.2383408092100348,2026-01-17 17:59:31.563661
67.20539076364206,1.3131635625193563,2026-01-17 17:59:36.563663
69.34480796500502,0.5894279278123488,2026-01-17 17:59:41.563666
67.22400236653401,1.764347120832177,2026-01-17 17:59:46.563668
63.850653108795925,1.1466779035537782,2026-01-17 17:59:51.563670
64.89383591434644,1.412506934189806,2026-01-17 17:59:56.563672
75.60926594713425,1.593163147407664,2026-01-17 18:00:01.563674
73.2510058897933,1.170247240866185,2026-01-17 18:00:06.563676
63.86370109539571,1.6980410860344726,2026-01-17 18:00:11.563678
69.77206991822251,1.2730018347968075,2026-01-17 18:00:16.563681
66.4456403479438,0.999263675666207,2026-01-17 18:00:21.563683
63.74230287904778,1.6331293812219778,2026-01-17 18:00:26.563685
72.52750905305746,1.191322534747539,2026-01-17 18:00:31.563687
71.71362673188852,1.3370259657461352,2026-01-17 18:00:36.563689
72.29964512911071,1.3822542981448513,2026-01-17 18:00:41.563691
70.98260584850735,1.4127011272765537,2026-01-17 18:00:46.563693
64.84641248599239,1.1850700471052744,2026-01-17 18:00:51.563695
66.61803848970365,1.7402821298732447,2026-01-17 18:00:56.563698
66.29583796016149,1.1957132905830092,2026-01-17 18:01:01.563700
74.20321774494361,1.0042128062092828,2026-01-17 18:01:06.563702
68.61550580101812,1.1923832860846537,2026-01-17 18:01:11.563704
67.73846840375461,0.47283620201131293,2026-01-17 18:01:16.563706
75.1176076123283,0.8719113161809815,2026-01-17 18:01:21.563708
65.16511928435393,1.185686593157406,2026-01-17 18:01:26.563710
82.01013140917728,1.1932190731665542,2026-01-17 18:01:31.563712
68.89517913085169,1.2080657516983593,2026-01-17 18:01:36.563714
65.6184066601291,1.2112980699503813,2026-01-17 18:01:41.563716
64.99189995052542,1.1156699121342135,2026-01-17 18:01:46.563718
74.94441368654509,1.3869929419963811,2026-01-17 18:01:51.563720
76.99677718293,1.4773901048738307,2026-01-17 18:01:56.563722
79.05990062067436,1.3073777186075306,2026-01-17 18:02:01.563724
74.47596610013866,1.3905515405045907,2026-01-17 18:02:06.563726
70.57266683107731,1.4850436412996495,2026-01-17 18:02:11.563728
80.37630436312632,0.9932436545731296,2026-01-17 18:02:16.563730
68.15239191588886,1.2613648188272235,2026-01-17 18:02:21.563733
66.74290998192775,1.0548342497837035,2026-01-17 18:02:26.563735
64.84211876564922,1.041210528736134,2026-01-17 18:02:31.563737
69.87822703869509,1.8426811075835592,2026-01-17 18:02:36.563739
65.333932961772,1.4259977281131724,2026-01-17 18:02:41.563741
119.36982905366958,6.6013027453877475,2026-01-17 18:02:46.563744
67.48872141902937,1.263478491114118,2026-01-17 18:02:51.563746
68.71311731288327,0.6994247778367232,2026-01-17 18:02:56.563748
74.6643954216431,1.4619475645857447,2026-01-17 18:03:01.563751
63.8711716849883,0.760687535937054,2026-01-17 18:03:06.563753
96.00272978531206,7.468125984489794,2026-01-17 18:03:11.563756
78.41963845728934,1.062334721139318,2026-01-17 18:03:16.563758
61.835238597290086,1.0281694726354422,2026-01-17 18:03:21.563761
77.38270174862947,1.6140274062442355,2026-01-17 18:03:26.563763
72.00812752745736,0.9943169156754577,2026-01-17 18:03:31.563765
67.2484742307729,0.9985129896185845,2026-01-17 18:03:36.563767
99.52442381773724,7.4175403734783165,2026-01-17 18:03:41.563771
72.71800077297216,1.088815700374168,2026-01-17 18:03:46.563773
58.82786778842899,1.2705599486564103,2026-01-17 18:03:51.563775
68.18779529298433,0.8640990316121568,2026-01-17 18:03:56.563777
101.45333581752818,6.626946658165169,2026-01-17 18:04:01.563781
67.66149399344054,1.3039511645192148,2026-01-17 18:04:06.563783
106.34473853459099,4.944201853385856,2026-01-17 18:04:11.563786
70.38410945530127,0.815102332743429,2026-01-17 18:04:16.563789
68.70374778709888,1.5701060764128107,2026-01-17 18:04:21.563791
77.50379895317155,1.4550665226340478,2026-01-17 18:04:26.563794
74.23539504992517,1.566750274466064,2026-01-17 18:04:31.563796
71.90967726115777,1.329012494157321,2026-01-17 18:04:36.563798
68.48345769032026,1.313917856082037,2026-01-17 18:04:41.563800
69.64199370292968,1.1888333290470474,2026-01-17 18:04:46.563802
69.34542013615125,0.8895135406403601,2026-01-17 18:04:51.563804
102.90390262441876,6.02893923475357,2026-01-17 18:04:56.563808
70.69671296810633,1.3357604675464003,2026-01-17 18:05:01.563810
74.99005054929826,0.3311233865418932,2026-01-17 18:05:06.563812
65.64433117981241,1.3210170070062233,2026-01-17 18:05:11.563814
75.54091408368758,0.8880282218623408,2026-01-17 18:05:16.563816
71.38284576297464,1.004785938796473,2026-01-17 18:05:21.563818
69.04658799618326,1.2652298619539168,2026-01-17 18:05:26.563820
69.8455618221421,1.8010221801546313,2026-01-17 18:05:31.563822
71.00549523357483,1.5151963188022837,2026-01-17 18:05:36.563825
70.98782995086191,1.3347685304759236,2026-01-17 18:05:41.563827
73.19365111014592,0.8570985261808549,2026-01-17 18:05:46.563829
66.1418583879156,1.2889884959028526,2026-01-17 18:05:51.563831
69.67930826703504,1.298628723091044,2026-01-17 18:05:56.563833
71.70300009549929,1.6305544647570154,2026-01-17 18:06:01.563835
68.77921682354676,1.4892261504865072,2026-01-17 18:06:06.563837
75.23460063825006,1.3709850916024147,2026-01-17 18:06:11.563839
68.51218248320004,1.6127120439934859,2026-01-17 18:06:16.563841
70.6024997939465,0.8913977000612747,2026-01-17 18:06:21.563843
64.518624565524,0.7679847352217117,2026-01-17 18:06:26.563845
65.57418250500076,1.6657685446468924,2026-01-17 18:06:31.563847
66.8051912615525,0.8030730619777504,2026-01-17 18:06:36.563849
70.84846896176009,0.9899652380384975,2026-01-17 18:06:41.563851
66.55924827411138,1.8757307416032925,2026-01-17 18:06:46.563853
70.29571061136211,1.5378351078046142,2026-01-17 18:06:51.563855
63.05213766618202,0.7063803759129325,2026-01-17 18:06:56.563857
81.64309504210783,1.4175454198145223,2026-01-17 18:07:01.563860
72.97377170832642,1.4560246676340922,2026-01-17 18:07:06.563862
95.45581456690904,4.783111942734184,2026-01-17 18:07:11.563865
73.79464294893383,1.2843574271908127,2026-01-17 18:07:16.563867
69.05551656107762,1.3659219829321438,2026-01-17 18:07:21.563870
61.535215929023074,1.170498111961575,2026-01-17 18:07:26.563872
74.85450365967155,1.0147660162622705,2026-01-17 18:07:31.563874
74.59158303001156,0.7288498189130469,2026-01-17 18:07:36.563876
66.98338217389144,0.7239564853214733,2026-01-17 18:07:41.563878
72.75026049512276,0.9094966635409094,2026-01-17 18:07:46.563880
79.23313250415237,1.2666848152374852,2026-01-17 18:07:51.563882
62.03503133234165,1.3321424213881197,2026-01-17 18:07:56.563884
107.08864116799812,7.223970199100632,2026-01-17 18:08:01.563888
70.62612251323954,1.071178337662424,2026-01-17 18:08:06.563890
110.04029550365829,7.276755437707161,2026-01-17 18:08:11.563894
66.49004156096622,1.0011297247347155,2026-01-17 18:08:16.563896
75.74709864131857,1.1097287941915923,2026-01-17 18:08:21.563898
63.780683823043574,0.9921284406612277,2026-01-17 18:08:26.563901
74.01450809072843,1.0318655545531428,2026-01-17 18:08:31.563903
66.63254687878066,1.2836982486671404,2026-01-17 18:08:36.563905
81.11347814567537,0.8286537167738652,2026-01-17 18:08:41.563907
73.16888440466049,1.3241397292354495,2026-01-17 18:08:46.563909
76.12292218813072,1.6870189686897137,2026-01-17 18:08:51.563911
67.21254107496082,0.7890591061262766,2026-01-17 18:08:56.563914
71.57191747027423,1.1993748607739447,2026-01-17 18:09:01.563917
65.98162716015135,1.6917350416332202,2026-01-17 18:09:06.563919
74.8819197673105,1.531214740945006,2026-01-17 18:09:11.563921
98.20985723635313,4.416438597536665,2026-01-17 18:09:16.563924
61.88477053267127,1.3690036387515072,2026-01-17 18:09:21.563926
67.09159543025677,0.89557298079214,2026-01-17 18:09:26.563929
67.0671796021864,1.1407394322909095,2026-01-17 18:09:31.563931
71.16892955895374,0.7332313061389117,2026-01-17 18:09:36.563933
72.31313167690551,1.8353567848877668,2026-01-17 18:09:41.563935
76.13834496236646,0.8371076943926383,2026-01-17 18:09:46.563937
111.54597974623447,6.2311336694801,2026-01-17 18:09:51.563941
66.47494072120796,1.1832692767026882,2026-01-17 18:09:56.563943
65.04653805681149,1.3888240754660361,2026-01-17 18:10:01.563945
69.4438696932565,0.9288277075605631,2026-01-17 18:10:06.563947
76.5700473732195,0.835636953082078,2026-01-17 18:10:11.563949
64.5384361766371,1.1050774650915594,2026-01-17 18:10:16.563951
118.17502419810738,6.159828521122238,2026-01-17 18:10:21.563955
81.59664769990847,1.3179953518183116,2026-01-17 18:10:26.563957
67.36265338193071,1.3085029756270965,2026-01-17 18:10:31.563959
73.54054338344295,1.4870106950383752,2026-01-17 18:10:36.563961
64.64702830882199,0.9330761694640293,2026-01-17 18:10:41.563963
60.818973134483514,1.3523973980737631,2026-01-17 18:10:46.563965
80.77871581603395,0.8605640938042709,2026-01-17 18:10:51.563967
69.96964544230053,1.4515472323354925,2026-01-17 18:10:56.563969
116.2856239436274,4.834042057429343,2026-01-17 18:11:01.563973
97.9091599471369,7.269798833964766,2026-01-17 18:11:06.563977
72.84220503128077,1.379878233984448,2026-01-17 18:11:11.563979
69.12520121652295,0.9732764521521465,2026-01-17 18:11:16.563981
64.81712041821851,1.5939205546766144,2026-01-17 18:11:21.563983
111.0243019336333,7.289922254537444,2026-01-17 18:11:26.563987
82.32438817928842,1.1099579146822525,2026-01-17 18:11:31.563989
70.0517630992169,0.8064491302949521,2026-01-17 18:11:36.563991
68.1414354835355,0.9023060201891717,2026-01-17 18:11:41.563993
70.28324962448553,1.3589078263070191,2026-01-17 18:11:46.563995
105.8124469582533,5.247264532341038,2026-01-17 18:11:51.563999
65.30332303090623,1.1567737332835153,2026-01-17 18:11:56.564001
72.70056355841564,0.8152504136635432,2026-01-17 18:12:01.564003
68.93278564534896,1.6472178410549856,2026-01-17 18:12:06.564005
67.18175486286829,1.0767206531102447,2026-01-17 18:12:11.564008
66.93298668229531,1.1092590940535614,2026-01-17 18:12:16.564010
70.07843356897801,0.981380495587679,2026-01-17 18:12:21.564012
115.34925673765048,6.460877752924043,2026-01-17 18:12:26.564015
72.49763492547704,1.8866046206393015,2026-01-17 18:12:31.564017
63.165606507922895,1.1325703794321949,2026-01-17 18:12:36.564019
76.03904654230502,1.1050049912216315,2026-01-17 18:12:41.564021
67.11744799636641,0.422687312356527,2026-01-17 18:12:46.564024
74.31550113085315,0.9610679456821261,2026-01-17 18:12:51.564026
62.60544215612936,1.2550079759337467,2026-01-17 18:12:56.564028
65.02946883478904,1.1907183008533127,2026-01-17 18:13:01.564030
75.98285750832245,1.152441128091909,2026-01-17 18:13:06.564032
64.03470022544882,1.187973446203034,2026-01-17 18:13:11.564034
69.13526970038288,1.713512544042703,2026-01-17 18:13:16.564036
65.6258980996194,0.5170879474223993,2026-01-17 18:13:21.564038
66.65463630670041,1.511971406218823,2026-01-17 18:13:26.564040
62.004317567764936,1.0779830750860249,2026-01-17 18:13:31.564042
80.78654106632752,1.0182855230989984,2026-01-17 18:13:36.564044
71.38271833446333,1.4398497760512443,2026-01-17 18:13:41.564047
70.16002074532884,0.973974638896145,2026-01-17 18:13:46.564049
70.44323348699007,1.716638581705491,2026-01-17 18:13:51.564051
68.17339224343945,1.2554040917594724,2026-01-17 18:13:56.564053
65.98753633394176,1.5896433974541155,2026-01-17 18:14:01.564055
76.00206953972213,1.0029317163085811,2026-01-17 18:14:06.564057
67.74295171199681,1.069183953705036,2026-01-17 18:14:11.564059
75.92852077331499,1.41568599319952,2026-01-17 18:14:16.564062
73.0356555039181,1.5933476658954315,2026-01-17 18:14:21.564064
68.38660080578933,1.1247500950634857,2026-01-17 18:14:26.564066
73.20843718577325,1.5673881261678995,2026-01-17 18:14:31.564068
66.78240884809928,1.4783520384243711,2026-01-17 18:14:36.564070
110.04703974090805,6.329690632828986,2026-01-17 18:14:41.564074
72.69148039524816,1.5217522011929405,2026-01-17 18:14:46.564076
72.78410420387499,1.1368889524316863,2026-01-17 18:14:51.564078
64.77595402989483,0.6100930231871995,2026-01-17 18:14:56.564080
72.89721286433631,1.244309797568033,2026-01-17 18:15:01.564082
68.89373188207114,1.1169560100333238,2026-01-17 18:15:06.564084
63.297234099980855,1.4739000660822899,2026-01-17 18:15:11.564086
69.16439143106794,1.2847739851464899,2026-01-17 18:15:16.564088
76.0686571886292,1.1579871444173286,2026-01-17 18:15:21.564090
73.31440634333707,1.5520421572455974,2026-01-17 18:15:26.564092
71.63137335423343,1.2090934972483027,2026-01-17 18:15:31.564094
96.07934339492529,4.6592592629177485,2026-01-17 18:15:36.564098
74.06344712821998,1.373373154137453,2026-01-17 18:15:41.564100
76.19141535716818,1.2063814730208184,2026-01-17 18:15:46.564103
81.50205042723485,1.5226299189315113,2026-01-17 18:15:51.564105
72.82754822815772,0.6717711722532547,2026-01-17 18:15:56.564107
71.64326080186605,1.4700685976745707,2026-01-17 18:16:01.564109
69.30772008008113,0.8327105291131902,2026-01-17 18:16:06.564111
74.14227257847553,0.9219860692523455,2026-01-17 18:16:11.564113
97.4794524896804,5.605977263445153,2026-01-17 18:16:16.564117
71.30331416575204,0.7798476119175171,2026-01-17 18:16:21.564119
64.02058468982408,1.3333808004660421,2026-01-17 18:16:26.564121
71.38991532371354,1.6364431934975228,2026-01-17 18:16:31.564123
66.0755084345888,1.3944841301531576,2026-01-17 18:16:36.564125
104.19851878255211,5.307726465352316,2026-01-17 18:16:41.564129
73.61190678913886,1.0881500543724698,2026-01-17 18:16:46.564131
104.20773826267121,5.79444252381817,2026-01-17 18:16:51.564134
71.12342362875943,1.479777249561927,2026-01-17 18:16:56.564137
78.40546157465243,0.9747283350659657,2026-01-17 18:17:01.564139
62.371718427149524,1.5787752310281546,2026-01-17 18:17:06.564141
70.9055825510553,0.9492713594937273,2026-01-17 18:17:11.564143
67.17876200671306,1.2553653909591111,2026-01-17 18:17:16.564145
79.30657798618198,1.7659843938268232,2026-01-17 18:17:21.564147
75.12031262905731,1.3777580847603548,2026-01-17 18:17:26.564149
69.96478600537633,1.5937225865227895,2026-01-17 18:17:31.564151
69.14907688737536,1.0640315852018174,2026-01-17 18:17:36.564153
74.73912901418608,1.4046103350131778,2026-01-17 18:17:41.564156
64.29155442933248,1.1419021622160845,2026-01-17 18:17:46.564158
65.78369697853128,1.1594271313103905,2026-01-17 18:17:51.564160
77.56724871621066,1.3892435053664332,2026-01-17 18:17:56.564162
118.32783328358894,6.570260798140766,2026-01-17 18:18:01.564165
76.10516847762676,1.3746293110405847,2026-01-17 18:18:06.564168
75.73704665095804,1.1087328356484558,2026-01-17 18:18:11.564170
79.42293152967305,1.6629730584816567,2026-01-17 18:18:16.564172
62.945877509560624,0.8476588419699849,2026-01-17 18:18:21.564174
70.70443123455603,0.6694681903311445,2026-01-17 18:18:26.564176
75.16481973576403,1.1415164374713125,2026-01-17 18:18:31.564178
72.56800053284859,1.0401897481014266,2026-01-17 18:18:36.564180
64.44293493932783,1.1845067534504745,2026-01-17 18:18:41.564182
69.86242547474681,1.731675479000923,2026-01-17 18:18:46.564184
74.50088493456234,1.433432755837805,2026-01-17 18:18:51.564186
65.00807280405854,1.2905375699458397,2026-01-17 18:18:56.564189
71.76741452974333,1.2364515034205146,2026-01-17 18:19:01.564191
69.49922961760024,1.13889787494691,2026-01-17 18:19:06.564193
71.77511227210758,1.1336660714134494,2026-01-17 18:19:11.564195
74.56792313116625,0.9590463147958965,2026-01-17 18:19:16.564197
67.3696098389402,1.1957941385227233,2026-01-17 18:19:21.564199
57.87879869863529,1.465213618908315,2026-01-17 18:19:26.564201
71.23538688903152,1.2261993173746226,2026-01-17 18:19:31.564204
62.18727071556729,1.0412841967961115,2026-01-17 18:19:36.564206
64.4480024135199,1.3701166552164308,2026-01-17 18:19:41.564208
72.33214991216764,1.1893075553107548,2026-01-17 18:19:46.564210
65.95790087738307,1.105420546727536,2026-01-17 18:19:51.564212
66.32704211600975,0.9569242688956856,2026-01-17 18:19:56.564214
75.0875061454209,1.998954705035947,2026-01-17 18:20:01.564216
72.14408250165286,1.4079316821789432,2026-01-17 18:20:06.564218
71.89741028582753,1.743451443778055,2026-01-17 18:20:11.564220
64.63930494007197,0.32359485495161777,2026-01-17 18:20:16.564223
67.75809890473059,1.8030027867900005,2026-01-17 18:20:21.564225
73.09577130502599,1.8172486409135096,2026-01-17 18:20:26.564227
76.98613211279381,1.2171039409113154,2026-01-17 18:20:31.564229
66.77017910437732,0.960242398004924,2026-01-17 18:20:36.564231
75.80966906728048,0.9694905158057783,2026-01-17 18:20:41.564233
71.61539636558014,1.1242939493621136,2026-01-17 18:20:46.564235
68.19763297897703,1.3534246502789862,2026-01-17 18:20:51.564237
74.4155488857358,1.1766488408961593,2026-01-17 18:20:56.564239
65.13276629300262,1.1983807870915397,2026-01-17 18:21:01.564241
67.86821201897229,1.5445337127590264,2026-01-17 18:21:06.564243
60.84615775802567,1.260195541186706,2026-01-17 18:21:11.564245
79.36648888108773,1.5240144197143946,2026-01-17 18:21:16.564247
73.82695107085218,1.1424535625380081,2026-01-17 18:21:21.564249
72.42366408647237,0.946093003502738,2026-01-17 18:21:26.564252
74.16903669579682,1.0716732938859743,2026-01-17 18:21:31.564253
68.3261233394673,1.078905461027401,2026-01-17 18:21:36.564256
71.48991118188725,1.4282714229470723,2026-01-17 18:21:41.564258
80.31262459621573,0.8797401257237181,2026-01-17 18:21:46.564260
70.95760481932983,1.2723714412966043,2026-01-17 18:21:51.564262
69.60179304377142,1.3357115388749201,2026-01-17 18:21:56.564264
111.69799997009068,6.538685093015766,2026-01-17 18:22:01.564268
69.06427867497726,1.4957189987039587,2026-01-17 18:22:06.564270
70.16362245770354,1.1199255863957036,2026-01-17 18:22:11.564272
72.89816586606788,1.2977388949746498,2026-01-17 18:22:16.564274
65.97314086474827,1.3789327018682012,2026-01-17 18:22:21.564276
70.84230488134807,1.5952792606823878,2026-01-17 18:22:26.564278
68.48169238063002,0.6134170721069697,2026-01-17 18:22:31.564280
59.390725504957025,1.0176534038716702,2026-01-17 18:22:36.564282
67.50818803903776,1.4978065616738376,2026-01-17 18:22:41.564284
74.20310013252276,1.3640200704604137,2026-01-17 18:22:46.564286
67.17357611800459,1.076787402269275,2026-01-17 18:22:51.564288
78.07687844734721,1.103303859236598,2026-01-17 18:22:56.564290
62.407755280176296,1.5731558797758942,2026-01-17 18:23:01.564292
72.01865045168304,1.192741318082725,2026-01-17 18:23:06.564295
71.86217323491107,0.9629801024594165,2026-01-17 18:23:11.564297
67.67691351350804,1.2603478967618518,2026-01-17 18:23:16.564299
67.98966627741665,1.3572794032929507,2026-01-17 18:23:21.564301
74.35648648728622,0.7962060959259754,2026-01-17 18:23:26.564303
60.31942343160689,1.2377540908858071,2026-01-17 18:23:31.564305
72.56953924829457,1.2538745345818794,2026-01-17 18:23:36.564308
73.61805293614438,1.4002382344917936,2026-01-17 18:23:41.564310
72.04909328464257,1.1276227036144373,2026-01-17 18:23:46.564312
65.16843807117434,1.2450408349114153,2026-01-17 18:23:51.564314
75.53540334643486,1.1638856508139206,2026-01-17 18:23:56.564316
71.2646840713254,1.1809661808167562,2026-01-17 18:24:01.564318
67.32335907023038,1.1728400153087517,2026-01-17 18:24:06.564320
68.89069548102347,1.3265053404793332,2026-01-17 18:24:11.564322
72.56552899088041,1.1221359967248248,2026-01-17 18:24:16.564324
74.4433137677548,1.0419733702035028,2026-01-17 18:24:21.564326
71.8364365670067,1.7514551030385368,2026-01-17 18:24:26.564329
60.57399973989442,1.1111197669473354,2026-01-17 18:24:31.564331
64.73158790426822,0.8796591235262421,2026-01-17 18:24:36.564333
72.14156481236748,1.4697407141062475,2026-01-17 18:24:41.564335
69.47775390731265,1.1493534830429968,2026-01-17 18:24:46.564337
70.4156123282834,1.059868977962767,2026-01-17 18:24:51.564339
116.39240234593848,6.085782756174358,2026-01-17 18:24:56.564343
71.73765188079037,1.549052630386496,2026-01-17 18:25:01.564345
74.87598814891214,1.3503282509819536,2026-01-17 18:25:06.564347
73.26641586624768,2.006260309709088,2026-01-17 18:25:11.564349
66.72962158436287,0.650810130943063,2026-01-17 18:25:16.564351
74.42901568800859,1.269002857128851,2026-01-17 18:25:21.564353
78.06139128994323,1.5944743360752143,2026-01-17 18:25:26.564355
64.92790561416,1.4348610730744038,2026-01-17 18:25:31.564357
68.76968755935026,0.9470260214051425,2026-01-17 18:25:36.564359
72.12117129855949,1.2430017502818693,2026-01-17 18:25:41.564361
70.21801223186228,1.7085153121292258,2026-01-17 18:25:46.564363
69.47234973998846,1.1446930047848711,2026-01-17 18:25:51.564365
66.94115454547358,1.1888889608854762,2026-01-17 18:25:56.564368
68.8990268649602,0.5796435820692023,2026-01-17 18:26:01.564370
62.47639812984499,1.4280167891068807,2026-01-17 18:26:06.564372
68.97532481093377,1.202060476481711,2026-01-17 18:26:11.564374
68.45395461475069,0.974353078322825,2026-01-17 18:26:16.564376
72.40073068111185,2.0192601699670703,2026-01-17 18:26:21.564378
69.1993360221668,1.4014020229351396,2026-01-17 18:26:26.564380
65.56889828195297,1.2805984280051317,2026-01-17 18:26:31.564382
75.38003569299299,1.2063934946015826,2026-01-17 18:26:36.564384
68.00444073898625,1.0041309682765314,2026-01-17 18:26:41.564386
60.98430161872027,0.724759217098353,2026-01-17 18:26:46.564388
73.86010781001711,1.6593971233738407,2026-01-17 18:26:51.564390
67.58469474158281,1.2440379035956648,2026-01-17 18:26:56.564393
70.72433832328778,1.0155681404529244,2026-01-17 18:27:01.564395
68.65734676047084,0.9326423323754137,2026-01-17 18:27:06.564397
65.55926052136311,1.107935655393788,2026-01-17 18:27:11.564410
69.34371516453848,1.2230555648876305,2026-01-17 18:27:16.564413
72.55962045514637,1.149507529811379,2026-01-17 18:27:21.564415
64.54800461278577,1.623279713923881,2026-01-17 18:27:26.564417
71.03362023622498,1.4276815800365843,2026-01-17 18:27:31.564419
66.9378131267978,1.3084510575618304,2026-01-17 18:27:36.564421
70.29175502142739,0.9765647379820419,2026-01-17 18:27:41.564423
69.8338500467777,1.137564942818238,2026-01-17 18:27:46.564426
83.39054936819196,1.0543046471727984,2026-01-17 18:27:51.564428
70.799281959987,0.8916974577222125,2026-01-17 18:27:56.564430
74.27730004341322,1.586197317045642,2026-01-17 18:28:01.564432
66.76886345078098,1.7325932677828535,2026-01-17 18:28:06.564434
65.28074647288142,0.8716240381341214,2026-01-17 18:28:11.564436
76.96232650032164,1.124986045620314,2026-01-17 18:28:16.564438
60.90346035667638,0.9920439518290742,2026-01-17 18:28:21.564440
76.52170121439076,0.7012524035892977,2026-01-17 18:28:26.564442
65.06606977130228,1.644606748084737,2026-01-17 18:28:31.564444
64.47147665757032,1.1355236909133795,2026-01-17 18:28:36.564447
65.17797872694153,1.0709530093224489,2026-01-17 18:28:41.564449
76.55154373059804,1.6187051432369868,2026-01-17 18:28:46.564451
69.24697040281579,0.9858738431188047,2026-01-17 18:28:51.564453
74.8242581654873,1.6846748470644695,2026-01-17 18:28:56.564455
79.45693924775169,1.0613711944045805,2026-01-17 18:29:01.564457
67.63080326464542,1.1956643187365161,2026-01-17 18:29:06.564459
69.489357799825,1.3227775162791726,2026-01-17 18:29:11.564461
69.55818520397332,1.0889966910353617,2026-01-17 18:29:16.564463
60.98109289110911,1.0935038147660137,2026-01-17 18:29:21.564466
73.48477202255368,1.099854153073197,2026-01-17 18:29:26.564468
62.3016674036334,0.7541168910149119,2026-01-17 18:29:31.564470
64.03037496800472,1.242882928429112,2026-01-17 18:29:36.564472
77.8640732045859,1.2751357223183333,2026-01-17 18:29:41.564474
60.9947113292363,1.0371978600797935,2026-01-17 18:29:46.564476
63.69272583172445,0.9404882320953021,2026-01-17 18:29:51.564478
108.9427206562511,5.38910815612203,2026-01-17 18:29:56.564482
69.14068506768353,0.8675506406427594,2026-01-17 18:30:01.564485
57.348562386268355,1.1141987334359666,2026-01-17 18:30:06.564487
117.00786905372317,6.493623832637761,2026-01-17 18:30:11.564491
63.85225202773792,1.3490097669709564,2026-01-17 18:30:16.564493
69.84927865239574,1.0296882647343943,2026-01-17 18:30:21.564495
71.26869830747287,1.34030795152963,2026-01-17 18:30:26.564497
68.19118465581593,1.2840364166908347,2026-01-17 18:30:31.564499
73.10785944928026,1.0891168991869098,2026-01-17 18:30:36.564501
98.7198992351279,5.850702420261574,2026-01-17 18:30:41.564505
107.08518589932866,7.45419009005818,2026-01-17 18:30:46.564509
62.759718139796554,0.9471772229955175,2026-01-17 18:30:51.564511
67.02169352978254,1.612331427951245,2026-01-17 18:30:56.564513
83.57973286156441,1.119084440532799,2026-01-17 18:31:01.564515
69.72552999691857,1.285666222457297,2026-01-17 18:31:06.564518
72.07349264365443,1.6475758939035816,2026-01-17 18:31:11.564520
100.01186288821008,4.437056841238485,2026-01-17 18:31:16.564524
75.82903009604193,1.1386635060944326,2026-01-17 18:31:21.564526
72.96778361140431,0.3178834096007159,2026-01-17 18:31:26.564528
79.78531820270821,1.127575676873938,2026-01-17 18:31:31.564530
66.13561166088195,1.3221156861373604,2026-01-17 18:31:36.564532
75.72694594273676,1.0405329188270829,2026-01-17 18:31:41.564535
74.76562522688043,1.3539256260291879,2026-01-17 18:31:46.564537
72.57521336638094,1.4146974734273672,2026-01-17 18:31:51.564539
74.0020476261384,1.4262873989440723,2026-01-17 18:31:56.564541
72.92251608059655,1.3348967719877551,2026-01-17 18:32:01.564543
69.8673937037547,0.9354376046316846,2026-01-17 18:32:06.564545
61.79866680387342,0.710232479102372,2026-01-17 18:32:11.564547
66.0379003950002,1.1076115411082879,2026-01-17 18:32:16.564549
70.15095393605077,1.382582232707022,2026-01-17 18:32:21.564551
70.00602737681112,0.9548734106795428,2026-01-17 18:32:26.564553
69.10394762687305,1.2247538097969568,2026-01-17 18:32:31.564555
61.96220067815513,0.9711825664301357,2026-01-17 18:32:36.564557
74.36459593385393,1.0110284235844762,2026-01-17 18:32:41.564559
105.12756736318916,7.624444008529988,2026-01-17 18:32:46.564563
62.29603478784566,1.160244996137431,2026-01-17 18:32:51.564565
70.29966315133164,1.2832130813874574,2026-01-17 18:32:56.564568
65.72663527514291,1.3005111375787402,2026-01-17 18:33:01.564570
54.90243922089587,1.2551548634261085,2026-01-17 18:33:06.564572
66.7554305936375,1.2567277481517156,2026-01-17 18:33:11.564574
74.03561298318655,0.9079361400886594,2026-01-17 18:33:16.564577
71.18290875438099,1.6109126333909343,2026-01-17 18:33:21.564579
71.96207983589383,1.0473109122877504,2026-01-17 18:33:26.564581
60.833294177467835,1.191574840322106,2026-01-17 18:33:31.564583
67.37955801032703,1.2457064616101166,2026-01-17 18:33:36.564585
66.86904983889217,1.2046136944116317,2026-01-17 18:33:41.564587
68.36052641743541,1.2465572051576936,2026-01-17 18:33:46.564590
65.70775029812657,1.5376763313121031,2026-01-17 18:33:51.564592
63.27064538263392,0.9542226420835507,2026-01-17 18:33:56.564594
75.13710767669387,1.0008838869060863,2026-01-17 18:34:01.564596
74.25448981083986,1.158788463480181,2026-01-17 18:34:06.564598
69.67226196609498,1.7945075419200087,2026-01-17 18:34:11.564600
77.1137406804997,1.4778646206724777,2026-01-17 18:34:16.564603
72.61121840624006,0.9550788041696874,2026-01-17 18:34:21.564606
70.44328795480719,1.2591947122216787,2026-01-17 18:34:26.564608
71.01651471784537,1.1145950892982248,2026-01-17 18:34:31.564610
69.302768621595,1.0649432205445766,2026-01-17 18:34:36.564612
107.51002864275503,5.730916544078818,2026-01-17 18:34:41.564616
67.24731575254208,0.8337862722257523,2026-01-17 18:34:46.564618
76.17560910974264,1.1039724057166829,2026-01-17 18:34:51.564620
73.111035720217,0.8583500646657692,2026-01-17 18:34:56.564623
68.63490119636991,1.309537623594903,2026-01-17 18:35:01.564625
62.23120616991968,1.4453668974075085,2026-01-17 18:35:06.564627
76.37295937646758,1.4430186912158074,2026-01-17 18:35:11.564629
64.05294053566337,1.692801885976789,2026-01-17 18:35:16.564631
70.96146489070948,1.1555331367224688,2026-01-17 18:35:21.564633
67.27942998942903,1.1511621281783118,2026-01-17 18:35:26.564635
61.28075941683551,1.2357055218161923,2026-01-17 18:35:31.564637
68.85700042329991,0.9016951876174463,2026-01-17 18:35:36.564639
73.89489856022,0.47703354986795754,2026-01-17 18:35:41.564641
69.90369810132803,1.1211327512375195,2026-01-17 18:35:46.564643
107.97580700323871,6.710169069835812,2026-01-17 18:35:51.564647
73.57690657720622,1.4154557177123803,2026-01-17 18:35:56.564649
68.8115243765518,1.2576704292585692,2026-01-17 18:36:01.564651
70.50928147630994,1.6647060454485563,2026-01-17 18:36:06.564653
74.94334584679001,0.7945662705324086,2026-01-17 18:36:11.564655
116.17652067459748,4.0943798585821165,2026-01-17 18:36:16.564659
73.35109948638669,1.4030899162018613,2026-01-17 18:36:21.564661
61.995480107617425,0.9514508925659262,2026-01-17 18:36:26.564663
66.28432867616009,0.9608991589253454,2026-01-17 18:36:31.564665
69.12072797783965,1.6984410497184053,2026-01-17 18:36:36.564667
72.68545416530571,1.2154879130133625,2026-01-17 18:36:41.564669
63.6991761741371,1.0150915775881568,2026-01-17 18:36:46.564671
71.69407300405368,0.9017459722794638,2026-01-17 18:36:51.564673
64.44271021531483,1.2739514335296014,2026-01-17 18:36:56.564676
63.50936557472685,1.673432042373454,2026-01-17 18:37:01.564678
65.94571244394831,0.8227266423256151,2026-01-17 18:37:06.564680
68.68510598109661,0.6492866177876938,2026-01-17 18:37:11.564682
68.40076238372578,1.2455273976746222,2026-01-17 18:37:16.564684
64.55459941926098,1.153253557701269,2026-01-17 18:37:21.564686
108.24149309864049,4.967573176451557,2026-01-17 18:37:26.564690
67.35031115268755,1.2673877356167058,2026-01-17 18:37:31.564692
69.09804159118796,1.6118545424029591,2026-01-17 18:37:36.564694
67.1814991247105,1.175089918952168,2026-01-17 18:37:41.564696
62.88021423774927,1.1200043012296754,2026-01-17 18:37:46.564698
72.23930873875896,1.3113282153941765,2026-01-17 18:37:51.564700
62.00937824058126,1.3386517998245828,2026-01-17 18:37:56.564702
66.41680064973878,1.2471163744228324,2026-01-17 18:38:01.564704
72.12943603096518,1.2057443332247255,2026-01-17 18:38:06.564706
69.57555090748824,0.8270028214781704,2026-01-17 18:38:11.564709
73.5987897107409,0.8120181126386509,2026-01-17 18:38:16.564711
71.16077974871017,0.8390602193949921,2026-01-17 18:38:21.564713
68.43470984738423,1.1997874216270061,2026-01-17 18:38:26.564715
73.09244190228237,1.137756743194838,2026-01-17 18:38:31.564717
63.74796133015141,1.38135459790661,2026-01-17 18:38:36.564719
72.34785909174217,1.4142310499160278,2026-01-17 18:38:41.564721
67.81640131979702,1.1801602156122533,2026-01-17 18:38:46.564723
66.01914647653128,1.3016981055927739,2026-01-17 18:38:51.564725
73.72095985749968,1.1456327480345692,2026-01-17 18:38:56.564727
96.1227824748904,7.044031693981568,2026-01-17 18:39:01.564731
77.09801502256819,1.0198729302783884,2026-01-17 18:39:06.564733
70.5026004725408,1.3763194957439826,2026-01-17 18:39:11.564735
66.57685087119998,1.4371876797488305,2026-01-17 18:39:16.564737
76.89354873131676,0.8265506285345529,2026-01-17 18:39:21.564739
70.07136533918217,0.9138181741810065,2026-01-17 18:39:26.564741
71.0695193410074,1.143175898705535,2026-01-17 18:39:31.564743
70.52947226557617,1.3753238941417452,2026-01-17 18:39:36.564745
72.74615398250825,1.9902666130949875,2026-01-17 18:39:41.564747
65.50607975838436,0.8009059122783031,2026-01-17 18:39:46.564749
77.05525450529612,1.0783769977158664,2026-01-17 18:39:51.564751
62.744121549742204,1.1963733156461835,2026-01-17 18:39:56.564753
67.24639402152245,0.8921341083764918,2026-01-17 18:40:01.564755
56.978930716864326,1.2596844440389483,2026-01-17 18:40:06.564761
67.60716378991943,1.4873182960986029,2026-01-17 18:40:11.564763
73.40108052725225,1.5577522537433923,2026-01-17 18:40:16.564765
70.54735302023644,1.515758682404899,2026-01-17 18:40:21.564767
67.47910084496164,1.1755431980695061,2026-01-17 18:40:26.564769
73.45118400190137,0.4324894850228693,2026-01-17 18:40:31.564771
64.56377030568599,0.8742524613344443,2026-01-17 18:40:36.564773
76.08686784875815,1.446166625701912,2026-01-17 18:40:41.564775
61.37096635604702,0.9967306042993034,2026-01-17 18:40:46.564777
74.31798329623295,1.373892968796794,2026-01-17 18:40:51.564779
73.91695254641297,1.1245383341866513,2026-01-17 18:40:56.564781
77.2986593751897,0.6839692347156545,2026-01-17 18:41:01.564783
70.42659071282512,0.9575202835077221,2026-01-17 18:41:06.564785
72.40152326506649,1.0291848899555618,2026-01-17 18:41:11.564787
73.25225046268069,0.7490759094720546,2026-01-17 18:41:16.564790
74.85196694923425,1.4410095146463489,2026-01-17 18:41:21.564792
79.97833744891982,2.1329755668016084,2026-01-17 18:41:26.564794
75.40971029870424,1.4986597407249242,2026-01-17 18:41:31.564796
71.15035379595702,1.3493229267274183,2026-01-17 18:41:36.564797
67.8868321963922,1.4029794049847542,2026-01-17 18:41:41.564799
67.20849123026984,0.8699537301084914,2026-01-17 18:41:46.564801
75.29103523471954,1.4812680366614295,2026-01-17 18:41:51.564803
69.97201990585476,1.4006224966777538,2026-01-17 18:41:56.564805
72.2709158359492,1.0395800257321226,2026-01-17 18:42:01.564807
68.53016526167909,1.1785202244425799,2026-01-17 18:42:06.564809
69.69855504304194,1.3364385508927141,2026-01-17 18:42:11.564811
74.45191581759893,1.37256150483197,2026-01-17 18:42:16.564813
79.0961159164986,1.211980919164407,2026-01-17 18:42:21.564815
72.460094239964,1.0421895471997258,2026-01-17 18:42:26.564817
65.01804155416467,1.1160380741501934,2026-01-17 18:42:31.564819
67.60581271995798,0.9411672707870637,2026-01-17 18:42:36.564822
71.88287007569562,1.442957352491108,2026-01-17 18:42:41.564824
73.4178466160024,0.7902132866398397,2026-01-17 18:42:46.564828
70.34873424420525,1.00807064176676,2026-01-17 18:42:51.564830
64.85314245908964,0.7941989142469397,2026-01-17 18:42:56.564832
76.088742428256,0.9394676912243554,2026-01-17 18:43:01.564834
67.32099268473851,0.687792612722116,2026-01-17 18:43:06.564836
67.83881080417686,1.1510037578148304,2026-01-17 18:43:11.564838
70.80009112926393,1.3505348208502634,2026-01-17 18:43:16.564840
64.0726882320245,1.3562904496724486,2026-01-17 18:43:21.564842
67.93267419438362,1.2780841519748658,2026-01-17 18:43:26.564844
67.46462192238248,0.6994645344266857,2026-01-17 18:43:31.564846
96.68756366709555,6.0748039775223805,2026-01-17 18:43:36.564850
77.5679898732639,1.015991756244515,2026-01-17 18:43:41.564852
60.76906068880953,0.921146741942277,2026-01-17 18:43:46.564854
65.8574228193125,1.00116465636169,2026-01-17 18:43:51.564856
65.39070093437343,0.8988127883755503,2026-01-17 18:43:56.564858
70.43789109476795,1.3187807026880318,2026-01-17 18:44:01.564860
67.26659957706367,1.118503466902184,2026-01-17 18:44:06.564862
77.49291286005933,1.5743270502228646,2026-01-17 18:44:11.564864
74.05698277245796,0.8555210133742145,2026-01-17 18:44:16.564866
62.12510265283488,1.4778187133435898,2026-01-17 18:44:21.564868
75.08830733421752,1.2814485932476944,2026-01-17 18:44:26.564870
97.64764511009395,4.619314450390879,2026-01-17 18:44:31.564874
113.41338070836981,7.531975299319092,2026-01-17 18:44:36.564877
78.32158549062318,1.4174171573682777,2026-01-17 18:44:41.564879
68.85304627965986,1.1869569150558412,2026-01-17 18:44:46.564882
68.36440901705593,0.71293342859306,2026-01-17 18:44:51.564884
104.97588294106087,7.359206426657707,2026-01-17 18:44:56.564887
65.6780446454291,1.157721625716714,2026-01-17 18:45:01.564890
69.34263702164166,1.4478141514324518,2026-01-17 18:45:06.564892
78.38731465156303,1.0522661777008446,2026-01-17 18:45:11.564894
78.7479195210271,1.614436223607146,2026-01-17 18:45:16.564896
74.03765499909404,0.9080273059882399,2026-01-17 18:45:21.564898
71.47112064506747,1.1296776599051033,2026-01-17 18:45:26.564900
66.50697582201973,0.9388448682456934,2026-01-17 18:45:31.564902
69.66410854975322,0.9852720032667744,2026-01-17 18:45:36.564904
78.07488409455574,1.49912812664836,2026-01-17 18:45:41.564906
72.49842555151467,1.3416006812757824,2026-01-17 18:45:46.564909
108.60634915284244,4.801128071470504,2026-01-17 18:45:51.564912
74.34578032194636,1.4661872511800227,2026-01-17 18:45:56.564914
69.07479638669598,1.0141332974934947,2026-01-17 18:46:01.564916
109.61122274393566,6.153327773022854,2026-01-17 18:46:06.564920
74.05172507768155,1.1191075124109418,2026-01-17 18:46:11.564922
68.84566813077616,1.6359781989963103,2026-01-17 18:46:16.564924
74.15354925248045,0.8948028276607785,2026-01-17 18:46:21.564926
79.9625767658406,0.9700030236649956,2026-01-17 18:46:26.564928
96.60015866521552,7.29897294938803,2026-01-17 18:46:31.564932
68.06434675105243,1.1863766346203284,2026-01-17 18:46:36.564934
66.54806686930662,1.2012279023026369,2026-01-17 18:46:41.564936
67.53438588800114,1.6330896010406442,2026-01-17 18:46:46.564938
66.50380891357436,1.052292577801946,2026-01-17 18:46:51.564940
73.95185948025856,1.302015388370667,2026-01-17 18:46:56.564943
66.5282101463331,1.298993838287057,2026-01-17 18:47:01.564945
64.57424736721102,0.9523768410063134,2026-01-17 18:47:06.564947
59.275986487248815,1.35984999023904,2026-01-17 18:47:11.564949
72.40933030859246,1.3641794392133901,2026-01-17 18:47:16.564951
64.27230891000539,0.7909882125836525,2026-01-17 18:47:21.564953
68.85100184712402,0.9445780697219059,2026-01-17 18:47:26.564955
62.99663004440718,1.2042996179532468,2026-01-17 18:47:31.564957
74.60900750988625,1.3448063661627638,2026-01-17 18:47:36.564959
68.05299228484901,1.6772714714713552,2026-01-17 18:47:41.564961
72.36816038405728,0.9220856610055385,2026-01-17 18:47:46.564963
64.81491215306117,1.4231447095501375,2026-01-17 18:47:51.564965
74.87908359672355,1.475536333182724,2026-01-17 18:47:56.564967
68.59490176364207,1.3274898348742634,2026-01-17 18:48:01.564969
68.91491474787814,1.1074551634632541,2026-01-17 18:48:06.564972
62.91188032907614,1.3799577899506934,2026-01-17 18:48:11.564974
63.11191249622881,1.0305677987487174,2026-01-17 18:48:16.564976
70.56275357504114,1.333510759234857,2026-01-17 18:48:21.564978
62.07008343881021,0.6360226844582865,2026-01-17 18:48:26.564980
75.42963348161399,1.5165656553993128,2026-01-17 18:48:31.564982
56.82126130491561,1.2010126519791482,2026-01-17 18:48:36.564984
72.74439421909479,1.8657603815885335,2026-01-17 18:48:41.564986
65.37287686970207,1.2766151267022952,2026-01-17 18:48:46.564988
72.16744858724262,0.9581797323750585,2026-01-17 18:48:51.564990
74.29225558328332,1.1296138290127757,2026-01-17 18:48:56.564992
56.576059764412534,1.2778720684440663,2026-01-17 18:49:01.564994
83.10396545514988,0.8664098922677509,2026-01-17 18:49:06.564996
64.51798756924299,1.4514710638713422,2026-01-17 18:49:11.564998
71.40318202245068,1.72758614525854,2026-01-17 18:49:16.565000
71.80721018473663,1.3015040000764773,2026-01-17 18:49:21.565002
75.48234616905442,1.0122968137511363,2026-01-17 18:49:26.565005
71.66863931780937,1.1107167113649916,2026-01-17 18:49:31.565007
65.99980717801176,1.1809426276153934,2026-01-17 18:49:36.565009
68.62148903539567,1.4822088431468046,2026-01-17 18:49:41.565011
66.96649852617351,1.2633851076838418,2026-01-17 18:49:46.565013
68.52610357850128,1.6038534790879875,2026-01-17 18:49:51.565015
108.97648212366505,5.2846486105438135,2026-01-17 18:49:56.565019
63.72850568532124,0.7587273728437205,2026-01-17 18:50:01.565021
66.97627667730893,0.5383301828702792,2026-01-17 18:50:06.565024
76.44698431715013,1.49040194248219,2026-01-17 18:50:11.565026
73.25760995669754,0.858694298872555,2026-01-17 18:50:16.565028
71.34266993232404,1.6539027798011965,2026-01-17 18:50:21.565030
72.2864020230762,1.6367466966440298,2026-01-17 18:50:26.565032
73.75565423902925,1.3872214245358427,2026-01-17 18:50:31.565034
72.04881397979749,0.9416736269479289,2026-01-17 18:50:36.565036
66.39680164084025,1.3586493905439059,2026-01-17 18:50:41.565038
71.48287772570382,1.3389554385802753,2026-01-17 18:50:46.565040
72.70703784436294,1.6325150282850156,2026-01-17 18:50:51.565042
70.95317795632512,1.482393174230245,2026-01-17 18:50:56.565044
69.53800780698326,0.8348638792941284,2026-01-17 18:51:01.565046
65.76183035690458,1.0043733334220817,2026-01-17 18:51:06.565048
66.209573366564,0.9937847063727899,2026-01-17 18:51:11.565049
70.07809166974802,1.4706831521359942,2026-01-17 18:51:16.565051
71.11133066224122,1.0561989415677444,2026-01-17 18:51:21.565053
72.55396044263797,1.509174175687217,2026-01-17 18:51:26.565055
74.63302754022203,0.8704347477580815,2026-01-17 18:51:31.565057
70.85919669896765,1.365975365995435,2026-01-17 18:51:36.565059
65.91299551546325,1.0171296513492052,2026-01-17 18:51:41.565061
72.31603146049561,0.7898586580619262,2026-01-17 18:51:46.565063
75.22256993121731,1.361153528287728,2026-01-17 18:51:51.565065
66.51614090785212,1.374607970125418,2026-01-17 18:51:56.565067
65.25287836637118,1.6304204938993032,2026-01-17 18:52:01.565069
71.74825023649846,0.7305591685913835,2026-01-17 18:52:06.565071
63.82328091426997,1.5493995625504715,2026-01-17 18:52:11.565073
68.35276106826454,1.4195612112864886,2026-01-17 18:52:16.565075
67.65425484987095,1.393388473895309,2026-01-17 18:52:21.565077
73.78394339993491,1.3837406382040807,2026-01-17 18:52:26.565079
69.51331590668659,1.048863124768819,2026-01-17 18:52:31.565081
69.80346356186185,1.1596509646794801,2026-01-17 18:52:36.565083
60.9398054943519,1.3921600774893101,2026-01-17 18:52:41.565085
73.11034995153024,1.5986799958606228,2026-01-17 18:52:46.565087
75.35705650943746,1.8060147320788942,2026-01-17 18:52:51.565089
71.24654297820864,1.513526542225426,2026-01-17 18:52:56.565091
78.84385891629711,1.0523569454411992,2026-01-17 18:53:01.565093
72.49932061870186,0.7802081475594176,2026-01-17 18:53:06.565095
118.22848800038656,5.367621112421961,2026-01-17 18:53:11.565099
73.12754008415519,1.4655694448966972,2026-01-17 18:53:16.565101
69.66928357563167,1.004072501594899,2026-01-17 18:53:21.565103
64.705462064717,1.6444990207387795,2026-01-17 18:53:26.565105
99.18392580591953,6.001437784862242,2026-01-17 18:53:31.565109
75.05731517704179,1.6024427746592642,2026-01-17 18:53:36.565111
72.02050827504505,0.8934077668827611,2026-01-17 18:53:41.565113
72.81440430087177,0.9360556939493837,2026-01-17 18:53:46.565115
74.76299197324454,1.3421079410196681,2026-01-17 18:53:51.565116
77.77080210357387,1.456192792965667,2026-01-17 18:53:56.565118
65.09869411851246,2.1185840896218657,2026-01-17 18:54:01.565121
71.2066096745839,0.8546957749141478,2026-01-17 18:54:06.565123
