requests_per_min,response_time_ms,timestamp
1610.4959055624636,165.94510923446916,2026-01-14 18:38:11.490407
3763.370252405913,188.37173645764545,2026-01-14 18:38:31.490416
2035.297492781188,123.74150964109262,2026-01-14 18:38:51.490419
2693.5698172528273,54.33598776711011,2026-01-14 18:39:11.490421
3153.1560647610618,73.80620011920695,2026-01-14 18:39:31.490423
1773.5807395830311,79.38481493323543,2026-01-14 18:39:51.490426
1996.4200312605994,179.8860233456304,2026-01-14 18:40:11.490428
2064.493820379854,155.5461294854933,2026-01-14 18:40:31.490430
2019.7969199152706,197.37199105233194,2026-01-14 18:40:51.490432
2018.6347102164825,242.6139092254469,2026-01-14 18:41:11.490434
2073.0809569260105,149.72360688399368,2026-01-14 18:41:31.490436
38188.27995238937,160.44317975023776,2026-01-14 18:41:51.490446
932.2639008961796,160.9319158026931,2026-01-14 18:42:11.490448
21859.40018467008,194.08805194743053,2026-01-14 18:42:31.490451
1692.731725707914,70.83528932315562,2026-01-14 18:42:51.490453
2131.48898323217,202.85611131094578,2026-01-14 18:43:11.490455
1595.5581562547466,156.72144413140109,2026-01-14 18:43:31.490457
1958.462399755233,180.5838144420434,2026-01-14 18:43:51.490460
2965.6982357704314,194.38742297966786,2026-01-14 18:44:11.490462
1828.6259814218893,134.53938120743928,2026-01-14 18:44:31.490464
1293.4773683620137,204.98234878924103,2026-01-14 18:44:51.490467
1614.9320207951773,90.18966879596647,2026-01-14 18:45:11.490469
3167.8363353843424,164.82806921644854,2026-01-14 18:45:31.490471
2789.308820038107,117.74401226974379,2026-01-14 18:45:51.490473
3696.347402306779,166.909062599666,2026-01-14 18:46:11.490475
404.2039167282046,191.09512521876118,2026-01-14 18:46:31.490477
1364.9996331268778,202.12458086697106,2026-01-14 18:46:51.490480
2324.2624897299906,167.85562857558733,2026-01-14 18:47:11.490481
1868.5933370416637,187.18556418856133,2026-01-14 18:47:31.490483
1853.2051176854497,124.91214782077317,2026-01-14 18:47:51.490485
63.34037565104234,162.85584350281397,2026-01-14 18:48:11.490489
2751.6103166905373,154.85387746740201,2026-01-14 18:48:31.490491
3274.9159924263113,134.5355726777711,2026-01-14 18:48:51.490493
3038.50040221918,130.3945923433921,2026-01-14 18:49:11.490495
1329.1880414943053,17.2411976218265,2026-01-14 18:49:31.490497
2776.414355111013,132.86427417366153,2026-01-14 18:49:51.490499
33157.67176101782,109.88613653891906,2026-01-14 18:50:11.490502
2706.0403125782113,146.27770421169163,2026-01-14 18:50:31.490504
32403.69770623349,96.37340827821711,2026-01-14 18:50:51.490507
1705.9310564774476,153.01151049705132,2026-01-14 18:51:11.490509
4470.593689988229,173.88770497167636,2026-01-14 18:51:31.490511
2292.7770842088876,148.26441151473784,2026-01-14 18:51:51.490513
38524.744159205744,91.5660981190234,2026-01-14 18:52:11.490516
3132.8255576344372,104.53062726026306,2026-01-14 18:52:31.490518
3624.1642447025506,219.61628767459513,2026-01-14 18:52:51.490520
1707.5709398954493,121.6851135198614,2026-01-14 18:53:11.490523
3865.28396294277,193.67947078176894,2026-01-14 18:53:31.490524
1259.469255147094,153.42814874030137,2026-01-14 18:53:51.490526
2929.0688259056524,104.26545343693613,2026-01-14 18:54:11.490528
1873.3973661310104,133.89692418971623,2026-01-14 18:54:31.490530
25.79416277151556,202.19303054593288,2026-01-14 18:54:51.490534
2921.1585290677567,69.62583827193862,2026-01-14 18:55:11.490536
2647.7070868258434,77.9979276158101,2026-01-14 18:55:31.490538
3452.5818048909123,176.09707828084487,2026-01-14 18:55:51.490540
64.20316461542878,164.8492336616593,2026-01-14 18:56:11.490543
2734.457978638945,114.2824290986816,2026-01-14 18:56:31.490545
2639.866409593177,89.15725538203804,2026-01-14 18:56:51.490547
1546.9572022378811,182.82768043169148,2026-01-14 18:57:11.490549
1899.0564602688573,93.47859734397349,2026-01-14 18:57:31.490551
3270.7009033954573,170.63904634682493,2026-01-14 18:57:51.490553
1805.8871280165004,157.29309262141547,2026-01-14 18:58:11.490555
1788.3884562995813,109.2094857517281,2026-01-14 18:58:31.490557
46221.62943119896,210.4690985343317,2026-01-14 18:58:51.490560
2930.3680029535967,136.7671583381022,2026-01-14 18:59:11.490562
4676.135333271695,101.84921869669367,2026-01-14 18:59:31.490564
3281.7440006504585,96.45537509694438,2026-01-14 18:59:51.490567
91.48643902204485,174.12362076215928,2026-01-14 19:00:11.490570
2878.5900996588357,146.35855436715636,2026-01-14 19:00:31.490572
29.444889206958567,202.27855841731585,2026-01-14 19:00:51.490575
2226.286629915695,160.7046872065102,2026-01-14 19:01:11.490577
57.0061170089365,87.71306106440059,2026-01-14 19:01:31.490580
2546.5669747568,92.85148510846884,2026-01-14 19:01:51.490582
3197.9577261283625,203.30992720488692,2026-01-14 19:02:11.490584
1397.864505634327,103.10874800424386,2026-01-14 19:02:31.490586
2743.559295896682,162.86037454900534,2026-01-14 19:02:51.490588
50.15162946871996,178.54452553465836,2026-01-14 19:03:11.490591
3408.452512144479,161.61480790882024,2026-01-14 19:03:31.490594
2640.944737641857,111.35873927312142,2026-01-14 19:03:51.490596
2310.545114607993,148.01819289801904,2026-01-14 19:04:11.490598
2072.269806519949,184.31300951872566,2026-01-14 19:04:31.490600
1209.8273030482787,105.34398631853884,2026-01-14 19:04:51.490602
2232.146202084213,114.2348145370016,2026-01-14 19:05:11.490604
3043.6781991477405,269.45179786962314,2026-01-14 19:05:31.490606
3974.731006656427,48.74287066711965,2026-01-14 19:05:51.490608
2649.163451815542,127.77506278904087,2026-01-14 19:06:11.490611
1164.6941127275745,175.24936394902286,2026-01-14 19:06:31.490613
3192.6041553360974,133.28764544248162,2026-01-14 19:06:51.490615
2245.7224747915334,238.27271201405483,2026-01-14 19:07:11.490617
2823.9853687687646,168.86481327302045,2026-01-14 19:07:31.490619
3821.080789183592,74.03150170229932,2026-01-14 19:07:51.490621
2112.612741706999,138.13040193966654,2026-01-14 19:08:11.490623
3997.6045443778435,-12.063367003453635,2026-01-14 19:08:31.490625
1680.489886932568,50.25192142211753,2026-01-14 19:08:51.490627
1459.8457267252481,127.99777566515081,2026-01-14 19:09:11.490630
2604.592461828873,152.9254451153422,2026-01-14 19:09:31.490632
4378.397542760258,100.92456744760246,2026-01-14 19:09:51.490634
2869.6827794106166,139.87712370842243,2026-01-14 19:10:11.490636
2548.717285693728,155.6758672625624,2026-01-14 19:10:31.490638
3029.7045396168373,119.24331611143347,2026-01-14 19:10:51.490640
4189.054113293001,142.41074524822082,2026-01-14 19:11:11.490642
19.579113478929642,179.41586032422882,2026-01-14 19:11:31.490645
2724.793494188026,118.86502400897031,2026-01-14 19:11:51.490648
3207.9923737493323,126.77351256775161,2026-01-14 19:12:11.490650
2028.5081944446308,192.48010485105124,2026-01-14 19:12:31.490652
3261.6088750773556,222.62751237311855,2026-01-14 19:12:51.490654
3150.2896950711684,181.48144209618061,2026-01-14 19:13:11.490656
2941.3896083720597,114.49360210362582,2026-01-14 19:13:31.490658
2483.2787248286813,155.8663691654391,2026-01-14 19:13:51.490660
1964.6378174550296,208.09686588733874,2026-01-14 19:14:11.490662
42.89940273750184,191.27081744940148,2026-01-14 19:14:31.490666
3150.8077088005107,150.60732545366128,2026-01-14 19:14:51.490668
3244.7472671792634,184.0976485647482,2026-01-14 19:15:11.490670
2251.7865947252353,136.44797688557287,2026-01-14 19:15:31.490672
57.34378881232861,119.3452658545811,2026-01-14 19:15:51.490675
1066.3639198918281,127.66132441050462,2026-01-14 19:16:11.490677
3426.4886988000544,189.5831346981468,2026-01-14 19:16:31.490679
1940.682737526466,149.5591476877096,2026-01-14 19:16:51.490681
3280.095786734201,142.64713092489308,2026-01-14 19:17:11.490683
2991.0730731803396,217.8940394049994,2026-01-14 19:17:31.490685
2695.973256886978,124.65284123144352,2026-01-14 19:17:51.490687
2947.287362091622,193.62707957152398,2026-01-14 19:18:11.490689
1341.5325268021406,79.62681128117224,2026-01-14 19:18:31.490691
1968.6180453564618,218.00556831240857,2026-01-14 19:18:51.490693
2748.7260524784037,223.76781084747762,2026-01-14 19:19:11.490695
2258.1406063389536,149.77185855048518,2026-01-14 19:19:31.490697
2758.1748482704716,108.63845282238385,2026-01-14 19:19:51.490699
2894.1491870403243,154.4436503065872,2026-01-14 19:20:11.490701
3052.11519336889,129.9389764057082,2026-01-14 19:20:31.490703
2555.722131615103,199.17521531792326,2026-01-14 19:20:51.490705
34384.899954046225,151.22550871294715,2026-01-14 19:21:11.490709
2898.39863299636,128.40288991958138,2026-01-14 19:21:31.490711
3987.9736051895443,193.61603183603393,2026-01-14 19:21:51.490713
2646.6736045906814,144.4534032185245,2026-01-14 19:22:11.490715
3281.047301184882,108.0139078909612,2026-01-14 19:22:31.490717
2020.4858836447822,201.63002020089883,2026-01-14 19:22:51.490719
1051.8949400031872,167.08779878885798,2026-01-14 19:23:11.490721
4000.936671372709,178.5673755163394,2026-01-14 19:23:31.490723
3276.4190560105685,83.9883396489679,2026-01-14 19:23:51.490725
4.521867010618941,241.57293829271768,2026-01-14 19:24:11.490728
3443.5520965770297,126.54121739476476,2026-01-14 19:24:31.490730
35794.57503732473,167.04610992794767,2026-01-14 19:24:51.490733
2430.869194534709,144.2730077373691,2026-01-14 19:25:11.490736
3490.2530495787696,144.56856679555722,2026-01-14 19:25:31.490738
2455.612033361861,150.26218498590916,2026-01-14 19:25:51.490740
2537.5844750117935,134.34881458917798,2026-01-14 19:26:11.490742
1220.7012219700139,156.01478158559493,2026-01-14 19:26:31.490744
2911.551067246999,203.0223407055234,2026-01-14 19:26:51.490746
3733.096797534546,166.61570059897957,2026-01-14 19:27:11.490748
1901.210770754757,155.7430734106948,2026-01-14 19:27:31.490750
3741.010283786377,253.03739624409934,2026-01-14 19:27:51.490753
3904.2726739545633,98.98083763689226,2026-01-14 19:28:11.490755
2284.7244496568396,182.2687974792574,2026-01-14 19:28:31.490757
3594.905246025879,128.31748366140764,2026-01-14 19:28:51.490759
2226.1530891004804,202.92122434247938,2026-01-14 19:29:11.490761
1093.0084108615085,194.30317801230765,2026-01-14 19:29:31.490763
2390.3377431665176,225.11785260480139,2026-01-14 19:29:51.490765
2559.2758243358203,199.07736883650406,2026-01-14 19:30:11.490767
47430.5668806523,166.5350278531966,2026-01-14 19:30:31.490770
2274.891914759131,66.76534019024962,2026-01-14 19:30:51.490772
26506.306360062787,84.77652497475734,2026-01-14 19:31:11.490775
3035.738039064031,94.9374047576444,2026-01-14 19:31:31.490777
2890.138619938635,146.8660451363414,2026-01-14 19:31:51.490779
3264.1138564009907,127.66582646546665,2026-01-14 19:32:11.490782
2119.4629216251183,123.48711908137795,2026-01-14 19:32:31.490783
1865.7017341901246,78.2955565383738,2026-01-14 19:32:51.490785
2346.7737408693656,248.23625664581948,2026-01-14 19:33:11.490788
2528.210841577383,175.72944953452696,2026-01-14 19:33:31.490790
3463.7080580606603,144.38359751545852,2026-01-14 19:33:51.490792
2323.2243203734215,113.17939138711768,2026-01-14 19:34:11.490794
2963.6035212398833,136.2474151424178,2026-01-14 19:34:31.490796
658.4630682115321,118.67379086557281,2026-01-14 19:34:51.490798
746.295955006417,178.8278481527883,2026-01-14 19:35:11.490800
2749.000123634829,101.38657261379643,2026-01-14 19:35:31.490802
2563.585961454031,69.67768398712137,2026-01-14 19:35:51.490805
2662.7709086937784,140.65474387197955,2026-01-14 19:36:11.490807
2461.7672981011697,117.67135578787367,2026-01-14 19:36:31.490809
1634.761597108484,160.91113662655482,2026-01-14 19:36:51.490811
3228.451297896864,149.60136793416913,2026-01-14 19:37:11.490813
3683.9553111120204,268.7164701746194,2026-01-14 19:37:31.490815
3311.626154149838,98.13769228367718,2026-01-14 19:37:51.490816
2347.7290575331135,219.7865967964282,2026-01-14 19:38:11.490819
1452.2805679904814,80.07162130904294,2026-01-14 19:38:31.490821
2950.3753893524568,127.09450485843118,2026-01-14 19:38:51.490823
1999.2056557964797,120.38030378805654,2026-01-14 19:39:11.490825
1808.807384256147,24.86202391688923,2026-01-14 19:39:31.490827
28924.945966600957,184.23211007775842,2026-01-14 19:39:51.490830
81.707207094928,113.79991016978505,2026-01-14 19:40:11.490833
2073.935758223676,154.9666152714613,2026-01-14 19:40:31.490835
3101.109698697431,196.6506070194175,2026-01-14 19:40:51.490837
1890.6120674177446,111.83704217287416,2026-01-14 19:41:11.490839
1056.0943194683848,127.06903615285005,2026-01-14 19:41:31.490841
2254.626880542546,181.9296229388687,2026-01-14 19:41:51.490843
1170.783950184832,289.1888711744525,2026-01-14 19:42:11.490845
1211.195512035823,106.97933173580239,2026-01-14 19:42:31.490847
2192.35556461614,119.90156605518077,2026-01-14 19:42:51.490849
3108.2008757082885,176.49020889576414,2026-01-14 19:43:11.490851
3653.2548965263204,61.48784058290539,2026-01-14 19:43:31.490853
96.50269106665125,98.36854654828527,2026-01-14 19:43:51.490856
2635.783427512299,154.46969595728248,2026-01-14 19:44:11.490858
2569.27182997832,142.216138230396,2026-01-14 19:44:31.490860
2404.1192645075207,155.68647301064902,2026-01-14 19:44:51.490862
2109.9150207420053,128.37209060901895,2026-01-14 19:45:11.490865
2934.786522371022,201.74604635402994,2026-01-14 19:45:31.490867
3196.8997627453537,133.69882339160793,2026-01-14 19:45:51.490869
2299.901919140391,215.052621658115,2026-01-14 19:46:11.490871
1003.3664631793154,132.42432579793456,2026-01-14 19:46:31.490873
1235.7984506051785,150.80267093219655,2026-01-14 19:46:51.490875
34024.3501389896,161.7807279054283,2026-01-14 19:47:11.490878
3116.6921551095734,158.25971900602883,2026-01-14 19:47:31.490880
2955.1493395757134,166.9248203747207,2026-01-14 19:47:51.490882
2167.769668879359,198.2961003979795,2026-01-14 19:48:11.490884
2565.643896922238,127.0319550229878,2026-01-14 19:48:31.490886
1820.1245044281666,225.48856562298118,2026-01-14 19:48:51.490888
2821.627584037538,201.87699721289496,2026-01-14 19:49:11.490890
2091.9868809162026,214.34874819247972,2026-01-14 19:49:31.490892
2144.2899534034877,187.8494308322676,2026-01-14 19:49:51.490894
1762.2677406578996,219.29516606455496,2026-01-14 19:50:11.490896
3306.8823598790686,111.31054004482135,2026-01-14 19:50:31.490898
1504.2762373508663,158.52971017904315,2026-01-14 19:50:51.490900
3168.4523186799233,182.71828281770289,2026-01-14 19:51:11.490902
2455.532263271636,159.02654209027156,2026-01-14 19:51:31.490904
4614.85726671884,155.46973973024464,2026-01-14 19:51:51.490906
3080.6132991189534,160.84305184914692,2026-01-14 19:52:11.490908
2853.6933322507784,244.1012248237517,2026-01-14 19:52:31.490910
3576.336036923982,159.19416759525788,2026-01-14 19:52:51.490912
18963.331604426436,155.0047721289849,2026-01-14 19:53:11.490915
12.466268120326685,276.9345550868743,2026-01-14 19:53:31.490918
2919.162133686235,142.09960507105052,2026-01-14 19:53:51.490920
2158.495144042064,192.61232445151342,2026-01-14 19:54:11.490922
27143.36206636797,33.96313130109347,2026-01-14 19:54:31.490925
1297.787985895517,136.96324175540906,2026-01-14 19:54:51.490927
2303.4055487312444,136.36382151261648,2026-01-14 19:55:11.490929
3143.551288088692,142.13930533177745,2026-01-14 19:55:31.490931
3979.164875956276,206.32825147738788,2026-01-14 19:55:51.490935
1686.2462635636875,175.83346543240614,2026-01-14 19:56:11.490937
29511.84433044583,278.667990162493,2026-01-14 19:56:31.490940
2547.3747472115906,110.87281473827599,2026-01-14 19:56:51.490942
21674.07022322833,183.71402343733877,2026-01-14 19:57:11.490945
4555.941471752267,94.64477726999893,2026-01-14 19:57:31.490947
2296.018226063316,225.1996494291344,2026-01-14 19:57:51.490949
837.2986760648455,87.96799611562146,2026-01-14 19:58:11.490951
2225.849924735721,131.42795670021042,2026-01-14 19:58:31.490953
2380.097626590031,176.38823804658304,2026-01-14 19:58:51.490955
1611.5393236273371,237.61352217118113,2026-01-14 19:59:11.490957
2888.2527972483626,111.36664288632645,2026-01-14 19:59:31.490959
3077.337651234588,93.54741143913854,2026-01-14 19:59:51.490961
2578.9966221098675,143.4827427006396,2026-01-14 20:00:11.490963
1522.2977528864437,185.6499215086194,2026-01-14 20:00:31.490965
3151.0911264988845,102.97931127160489,2026-01-14 20:00:51.490967
2211.227067344736,207.9664901682124,2026-01-14 20:01:11.490969
1974.2133455060048,103.13221588883394,2026-01-14 20:01:31.490971
17992.798579906383,166.3066511121059,2026-01-14 20:01:51.490975
1499.1091388917575,87.92493845254387,2026-01-14 20:02:11.490977
1846.9556727561235,72.16854132380482,2026-01-14 20:02:31.490979
2984.8079610765117,212.33473682647934,2026-01-14 20:02:51.490981
764.0978503673132,160.5508733601309,2026-01-14 20:03:11.490983
2422.629510503686,198.59113450863677,2026-01-14 20:03:31.490985
2475.2333994907412,131.81938938930722,2026-01-14 20:03:51.490987
2454.443501023146,257.7619769216536,2026-01-14 20:04:11.490989
3037.8058275310177,158.54327190639708,2026-01-14 20:04:31.490992
17.16792858483035,140.80083318236603,2026-01-14 20:04:51.490995
2656.676204078145,101.0813611192484,2026-01-14 20:05:11.490997
4104.459236511962,185.8795789896525,2026-01-14 20:05:31.490999
2704.8237874511005,199.1345491972757,2026-01-14 20:05:51.491001
1696.9936867493034,175.51481947911617,2026-01-14 20:06:11.491003
28409.84848873241,118.75907111521606,2026-01-14 20:06:31.491006
2520.872840168667,132.59934568515806,2026-01-14 20:06:51.491008
2658.8466903170333,119.42410985040259,2026-01-14 20:07:11.491010
1374.6711225214221,217.06559598500672,2026-01-14 20:07:31.491012
1792.9777689085852,102.53005555840285,2026-01-14 20:07:51.491015
4605.905651869913,154.76604034738597,2026-01-14 20:08:11.491017
2643.229437239172,121.2181086881113,2026-01-14 20:08:31.491020
2597.607851716289,65.5221386960865,2026-01-14 20:08:51.491022
3289.697760102968,148.25057547515192,2026-01-14 20:09:11.491024
3916.640508508408,72.1023841161666,2026-01-14 20:09:31.491026
2179.6949118533457,181.62038695277604,2026-01-14 20:09:51.491028
3278.043559701384,61.856653556447995,2026-01-14 20:10:11.491030
3415.3081620931343,146.2783285449977,2026-01-14 20:10:31.491032
2996.5376780405422,203.228433901335,2026-01-14 20:10:51.491034
2595.6845351096554,177.989522396552,2026-01-14 20:11:11.491036
3364.6245804436976,127.31278457317791,2026-01-14 20:11:31.491038
3006.353307034772,171.4809109566293,2026-01-14 20:11:51.491040
2666.150149730489,190.92423673192698,2026-01-14 20:12:11.491042
2607.0781233968,95.94717297958688,2026-01-14 20:12:31.491044
94.42664891134339,202.6576426666452,2026-01-14 20:12:51.491047
2522.654700904369,151.48780697478725,2026-01-14 20:13:11.491049
1375.872062108432,175.05166717586724,2026-01-14 20:13:31.491051
2677.70701730697,126.06256891682614,2026-01-14 20:13:51.491053
2291.1781974025635,156.74923604098444,2026-01-14 20:14:11.491055
3657.5823074829864,159.82773882557873,2026-01-14 20:14:31.491057
3194.212019336711,164.15161026976082,2026-01-14 20:14:51.491059
2565.827191420339,203.27401875326757,2026-01-14 20:15:11.491061
99.79341105333374,211.15854752957284,2026-01-14 20:15:31.491064
1953.2545678959016,264.9449061809625,2026-01-14 20:15:51.491066
2209.729151648273,65.90898374333854,2026-01-14 20:16:11.491068
1093.120800004682,128.99065914520713,2026-01-14 20:16:31.491070
2274.572312911594,99.6942053458252,2026-01-14 20:16:51.491072
1659.2704337374505,148.26575563066095,2026-01-14 20:17:11.491074
2687.3717860292168,96.47109601614163,2026-01-14 20:17:31.491077
8.94110023122595,184.1311618228573,2026-01-14 20:17:51.491080
4347.77820432495,116.80515432266671,2026-01-14 20:18:11.491082
2633.161766570445,174.62256320040746,2026-01-14 20:18:31.491084
1244.0317298741256,153.69814820367841,2026-01-14 20:18:51.491086
2001.4875788601885,122.22614404198727,2026-01-14 20:19:11.491088
2103.2247629388235,141.59425521873533,2026-01-14 20:19:31.491090
92.77522831952129,221.02521239949274,2026-01-14 20:19:51.491093
2043.402965000419,167.18092947676087,2026-01-14 20:20:11.491095
2198.7578791821875,160.14615104256498,2026-01-14 20:20:31.491097
1287.4047080022144,107.9944960708331,2026-01-14 20:20:51.491099
2631.7582619497125,119.36056547578069,2026-01-14 20:21:11.491102
86.21276172654507,130.6149220032008,2026-01-14 20:21:31.491105
3026.8354181382642,250.5102269383175,2026-01-14 20:21:51.491107
1101.1624120339789,87.13298497855777,2026-01-14 20:22:11.491109
2473.4984217009624,239.7278931758894,2026-01-14 20:22:31.491111
3055.8088246772318,96.95866020829519,2026-01-14 20:22:51.491113
2486.8616831417985,209.4196636724042,2026-01-14 20:23:11.491115
3464.50246236227,167.1567525508437,2026-01-14 20:23:31.491117
3045.513191701049,242.33536628680167,2026-01-14 20:23:51.491120
2692.018190148037,165.27771601886292,2026-01-14 20:24:11.491122
3156.3857449578913,175.36370155536488,2026-01-14 20:24:31.491124
3306.8166598228654,226.58444006204576,2026-01-14 20:24:51.491126
2366.3055357465164,157.33568432166615,2026-01-14 20:25:11.491128
1948.367743135707,174.74777587807628,2026-01-14 20:25:31.491130
2522.995858347854,213.92259313036493,2026-01-14 20:25:51.491132
3154.2021567008396,75.5303470175347,2026-01-14 20:26:11.491134
25.98035810641598,182.27420905705378,2026-01-14 20:26:31.491137
4230.6037786443685,163.32902733474683,2026-01-14 20:26:51.491139
2178.8961941342186,145.2352233806524,2026-01-14 20:27:11.491141
2723.2172206162713,158.7772914945254,2026-01-14 20:27:31.491143
2826.8098787019408,203.6815874929886,2026-01-14 20:27:51.491145
1678.7877604711518,59.502054950964705,2026-01-14 20:28:11.491147
3272.011968850584,122.05390763642058,2026-01-14 20:28:31.491150
2801.769500051617,143.4480796500502,2026-01-14 20:28:51.491152
871.807807499597,122.24002366534009,2026-01-14 20:29:11.491154
4004.925655552472,88.50653108795927,2026-01-14 20:29:31.491156
2357.807742810075,98.93835914346434,2026-01-14 20:29:51.491158
3066.6851578394826,206.09265947134242,2026-01-14 20:30:11.491160
3548.4350597537705,182.51005889793305,2026-01-14 20:30:31.491162
2420.659308976494,88.63701095395713,2026-01-14 20:30:51.491164
3828.1095627585937,147.7206991822251,2026-01-14 20:31:11.491166
22458.664640877916,162.16697246613458,2026-01-14 20:31:31.491169
1498.7684606476446,222.18823020366295,2026-01-14 20:31:51.491171
2904.4014484891927,148.5537557912565,2026-01-14 20:32:11.491173
2774.1802771021635,172.8376609576892,2026-01-14 20:32:31.491175
2867.9432206577153,180.37571635747523,2026-01-14 20:32:51.491177
2657.216935761176,185.4501878794256,2026-01-14 20:33:11.491180
1675.4259977587815,147.51167451754577,2026-01-14 20:33:31.491182
1958.8861583525843,240.04702164554078,2026-01-14 20:33:51.491184
1907.334073625838,149.28554843050156,2026-01-14 20:34:11.491186
3172.5148391909793,117.36880103488045,2026-01-14 20:34:31.491188
2278.4809281628977,148.73054768077563,2026-01-14 20:34:51.491190
2138.1549446007384,28.80603366855216,2026-01-14 20:35:11.491192
3318.817217972528,95.31855269683025,2026-01-14 20:35:31.491194
1726.4190854966296,147.614432192901,2026-01-14 20:35:51.491197
4421.621025468365,148.86984552775903,2026-01-14 20:36:11.491199
2323.228660936269,151.34429194972654,2026-01-14 20:36:31.491201
1798.945065620655,151.8830116583969,2026-01-14 20:36:51.491203
1698.7039920840675,135.94498535570224,2026-01-14 20:37:11.491205
3291.1061898472144,181.1654903327302,2026-01-14 20:37:31.491207
3619.4843492688015,196.23168414563844,2026-01-14 20:37:51.491209
3949.5840993078973,167.89628643458843,2026-01-14 20:38:11.491211
3216.1545760221857,181.75859008409847,2026-01-14 20:38:31.491213
2591.626692972371,197.5072735499416,2026-01-14 20:38:51.491215
4160.208698100212,115.5406090955216,2026-01-14 20:39:11.491217
2204.382706542216,160.22746980453726,2026-01-14 20:39:31.491219
1978.8655971084413,125.80570829728393,2026-01-14 20:39:51.491221
1674.7390025038735,123.535088122689,2026-01-14 20:40:11.491223
2480.516326191214,257.11351793059316,2026-01-14 20:40:31.491225
1753.429273883522,187.66628801886208,2026-01-14 20:40:51.491227
65.03256863469369,180.67589863652083,2026-01-14 20:41:11.491230
1681.7659478412756,204.55230510823338,2026-01-14 20:41:31.491233
2411.413256735443,125.8406768850313,2026-01-14 20:41:51.491235
3759.189410632026,71.90965693022642,2026-01-14 20:42:11.491237
4101.389682024108,203.93404167156478,2026-01-14 20:42:31.491239
24688.972903226808,148.07457652496464,2026-01-14 20:42:51.491242
3681.2322797807165,219.0045677073726,2026-01-14 20:43:11.491244
2821.3004043931787,115.71948594590961,2026-01-14 20:43:31.491246
23314.01637233572,148.72229645042773,2026-01-14 20:43:51.491249
3438.183215407492,142.1634800888737,2026-01-14 20:44:11.491251
3349.9212079000963,207.43828501860517,2026-01-14 20:44:31.491253
1108.2289769775202,168.71400277886528,2026-01-14 20:44:51.491255
2430.5241782958465,85.26592621395471,2026-01-14 20:45:11.491257
3428.6614299028156,72.20506747550523,2026-01-14 20:45:31.491259
2282.083223600153,153.84109455301277,2026-01-14 20:45:51.491261
1473.6062206491442,137.0374778709887,2026-01-14 20:46:11.491263
3486.949537100829,225.03798953171554,2026-01-14 20:46:31.491265
3180.1773936907944,192.3539504992517,2026-01-14 20:46:51.491268
3478.0007319095043,169.09677261157768,2026-01-14 20:47:11.491270
2844.0333177528555,134.8345769032026,2026-01-14 20:47:31.491272
2803.7809495520987,146.4199370292968,2026-01-14 20:47:51.491274
2470.2222107921266,143.45420136151253,2026-01-14 20:48:11.491276
32753.218304093734,98.25225677339336,2026-01-14 20:48:31.491279
2611.4740748970116,172.62674459106674,2026-01-14 20:48:51.491281
3298.4080878877216,5.187231090315549,2026-01-14 20:49:11.491283
1803.0929887699867,170.16950116770388,2026-01-14 20:49:31.491285
3386.546253390013,98.00470364372346,2026-01-14 20:49:51.491287
2721.2553220759423,117.46432313274553,2026-01-14 20:50:11.491289
2347.454079389323,160.87164365898616,2026-01-14 20:50:31.491291
2475.289891542736,250.17036335910524,2026-01-14 20:50:51.491293
2660.879237371974,202.5327198003806,2026-01-14 20:51:11.491295
2658.0527921379057,172.46142174598728,2026-01-14 20:51:31.491297
3010.984177623348,92.84975436347582,2026-01-14 20:51:51.491300
1882.6973420664972,164.83141598380877,2026-01-14 20:52:11.491302
2448.689322725606,166.43812051517403,2026-01-14 20:52:31.491304
2772.4800152798866,221.75907745950258,2026-01-14 20:52:51.491306
2304.674691767481,198.20435841441787,2026-01-14 20:53:11.491308
3337.5361021200097,178.4975152670691,2026-01-14 20:53:31.491311
2261.9491973120066,218.78534066558097,2026-01-14 20:53:51.491313
2596.3999670314406,98.5662833435458,2026-01-14 20:54:11.491315
1622.9799304838384,77.99745587028528,2026-01-14 20:54:31.491317
1791.8692008001217,227.62809077448208,2026-01-14 20:54:51.491319
1988.8306018483981,83.84551032962509,2026-01-14 20:55:11.491321
2635.7550338816154,114.99420633974958,2026-01-14 20:55:31.491323
1949.479723857821,262.62179026721543,2026-01-14 20:55:51.491325
2547.3136978179377,206.30585130076904,2026-01-14 20:56:11.491327
1388.3420265891232,67.73006265215541,2026-01-14 20:56:31.491329
4362.895206737253,186.2575699690871,2026-01-14 20:56:51.491331
2975.803473332229,192.67077793901538,2026-01-14 20:57:11.491333
21852.229498924113,137.3657155999518,2026-01-14 20:57:31.491336
47705.260938193,169.60422648504345,2026-01-14 20:57:51.491339
2473.050778473027,102.48259084491326,2026-01-14 20:58:11.491341
1709.1271142792662,94.82053413921145,2026-01-14 20:58:31.491343
970.3174711321119,169.84193329244027,2026-01-14 20:58:51.491345
1708.2974907437301,197.0385593994108,2026-01-14 20:59:11.491347
2392.5855173139917,142.0388060951645,2026-01-14 20:59:31.491349
2584.300404916768,83.29872525408977,2026-01-14 20:59:51.491351
2628.3809655990767,103.13859755830887,2026-01-14 21:00:11.491353
2484.289760858655,177.6244977208574,2026-01-14 21:00:31.491355
2036.8293958446634,153.1844196825808,2026-01-14 21:00:51.491357
2597.838002425827,177.1649014518194,2026-01-14 21:01:11.491359
2272.846551293972,170.0596108163445,2026-01-14 21:01:31.491361
1377.9157825602451,237.47883715934697,2026-01-14 21:01:51.491363
2279.741421195656,187.5687993537973,2026-01-14 21:02:11.491365
1925.274187544642,194.74621884722205,2026-01-14 21:02:31.491367
3955.6584373589244,108.59030093671181,2026-01-14 21:02:51.491369
1831.7223573921942,257.2574563886694,2026-01-14 21:03:11.491371
2919.4901978023286,113.25447927611003,2026-01-14 21:03:31.491373
2351.7698728978335,143.5089650133287,2026-01-14 21:03:51.491375
3479.6675501009145,231.16982811495228,2026-01-14 21:04:11.491377
2054.006571993733,81.5098510210461,2026-01-14 21:04:31.491379
2751.5067952438776,149.8958101289908,2026-01-14 21:04:51.491381
1857.0603456242154,231.95584027220337,2026-01-14 21:05:11.491383
3281.1071627696824,205.20245682416768,2026-01-14 21:05:31.491385
18643.837728445822,178.44915395926375,2026-01-14 21:05:51.491388
3802.7172985028305,94.96103585816576,2026-01-14 21:06:11.491391
1930.9611001915698,151.7041734129613,2026-01-14 21:06:31.491393
1884.0214151530865,118.90908497468044,2026-01-14 21:06:51.491395
3061.098451871378,166.54401161072286,2026-01-14 21:07:11.491397
3166.8231692871395,91.3698371569342,2026-01-14 21:07:31.491399
1513.2255189759155,233.62861934188516,2026-01-14 21:07:51.491401
2835.2152074928363,154.8216859396745,2026-01-14 21:08:11.491403
39150.1711787233,115.95563589804591,2026-01-14 21:08:31.491406
1768.0327457738426,154.0638421383514,2026-01-14 21:08:51.491408
1911.5760459281869,211.80465876052187,2026-01-14 21:09:11.491410
2072.87271894656,79.64279868925418,2026-01-14 21:09:31.491412
3470.478159983347,157.08584568199524,2026-01-14 21:09:51.491414
1900.6566074966959,161.26713768445336,2026-01-14 21:10:11.491416
2606.8327238258257,142.3765081809728,2026-01-14 21:10:31.491419
1643.5245294115184,105.51269491067157,2026-01-14 21:10:51.491421
1031.0357015173627,175.3995663456272,2026-01-14 21:11:11.491423
4224.594530565432,93.42734896737849,2026-01-14 21:11:31.491425
2495.143270768085,191.9245387225821,2026-01-14 21:11:51.491427
20.85105143573358,128.0706396871352,2026-01-14 21:12:11.491431
3433.0421977894316,163.36961570359514,2026-01-14 21:12:31.491433
2757.3582449568107,124.64384699717048,2026-01-14 21:12:51.491435
2310.916210328803,176.82549217852016,2026-01-14 21:13:11.491437
1781.2256145671702,152.5267907797003,2026-01-14 21:13:31.491439
2636.3977880323446,148.7486520627428,2026-01-14 21:13:51.491441
3154.2130393602297,117.47934826450032,2026-01-14 21:14:11.491443
2923.754506324354,96.74431684623137,2026-01-14 21:14:31.491445
2255.820236516266,175.387883515575,2026-01-14 21:14:51.491447
2543.1907347566344,153.22372074050602,2026-01-14 21:15:11.491449
919.6267469169029,164.16497092200785,2026-01-14 21:15:31.491451
1865.3744849330612,226.53754161718487,2026-01-14 21:15:51.491453
3475.0094813578535,115.56666225185285,2026-01-14 21:16:11.491455
39326.23301004936,146.86715218987777,2026-01-14 21:16:31.491458
19978.727904051866,131.63878920225036,2026-01-14 21:16:51.491461
1934.594594225458,130.59115907293855,2026-01-14 21:17:11.491463
2636.3329779003902,73.28506868077707,2026-01-14 21:17:31.491465
3229.948199407333,22.303943254902265,2026-01-14 21:17:51.491467
3247.455928991419,143.57462595720972,2026-01-14 21:18:11.491469
3291.495550625705,91.49434869703202,2026-01-14 21:18:31.491471
1058.4156499359842,193.93217548630216,2026-01-14 21:18:51.491473
3109.758720633769,121.17447996366403,2026-01-14 21:19:11.491475
427.166166284072,193.15501130853156,2026-01-14 21:19:31.491477
1862.8478551523363,76.05442156129357,2026-01-14 21:19:51.491479
2646.6879358233246,100.29468834789037,2026-01-14 21:20:11.491481
2475.2488022755006,209.82857508322456,2026-01-14 21:20:31.491483
2373.176341578424,90.34700225448819,2026-01-14 21:20:51.491485
2467.9291898747574,141.35269700382884,2026-01-14 21:21:11.491487
3869.366784113875,106.25898099619405,2026-01-14 21:21:31.491489
678.9011931263981,116.54636306700417,2026-01-14 21:21:51.491492
3331.923749916861,70.04317567764936,2026-01-14 21:22:11.491494
2174.621533562733,257.86541066327516,2026-01-14 21:22:31.491496
2015.4280615973294,163.82718334463334,2026-01-14 21:22:51.491498
3139.5994028033183,151.60020745328833,2026-01-14 21:23:11.491500
1897.2657037230533,154.43233486990061,2026-01-14 21:23:31.491502
3877.702884547976,131.73392243439457,2026-01-14 21:23:51.491504
2647.7442446919267,109.87536333941765,2026-01-14 21:24:11.491506
3539.0490598776414,210.02069539722126,2026-01-14 21:24:31.491508
1974.4845768228834,127.42951711996805,2026-01-14 21:24:51.491510
2151.157209880096,209.28520773314983,2026-01-14 21:25:11.491512
3075.1626485320535,180.35655503918093,2026-01-14 21:25:31.491514
3548.9271090544844,133.86600805789323,2026-01-14 21:25:51.491516
2299.3335868359623,182.0843718577325,2026-01-14 21:26:11.491518
3479.7016697810654,117.82408848099286,2026-01-14 21:26:31.491520
58.24226582072465,196.39200640406187,2026-01-14 21:26:51.491523
2930.636863239706,203.6253668654901,2026-01-14 21:27:11.491525
2945.4566726199987,139.4814920719477,2026-01-14 21:27:31.491527
1664.1526447831732,51.682170531199915,2026-01-14 21:27:51.491529
2963.5540582938092,157.38496626133883,2026-01-14 21:28:11.491531
2322.9971011313824,136.15933500555397,2026-01-14 21:28:31.491533
28.590678923916013,165.20630853349047,2026-01-14 21:28:51.491536
2712.7187838510786,141.64391431067943,2026-01-14 21:29:11.491539
2726.0639603906397,210.68657188629209,2026-01-14 21:29:31.491541
2387.9657184462094,183.14406343337063,2026-01-14 21:29:51.491543
3438.77908598826,166.31373354233426,2026-01-14 21:30:11.491545
20768.5185505303,151.5155828747171,2026-01-14 21:30:31.491548
3150.1515405151963,178.8955256895755,2026-01-14 21:30:51.491550
3490.6264571469087,151.0635788368031,2026-01-14 21:31:11.491552
4340.328068357576,203.7716531552519,2026-01-14 21:31:31.491554
2952.4077165052354,61.96186204220912,2026-01-14 21:31:51.491557
2762.9217282985674,195.01143294576178,2026-01-14 21:32:11.491559
2389.235212812981,88.78508818553172,2026-01-14 21:32:31.491561
3162.7636125560853,103.66434487539092,2026-01-14 21:32:51.491563
29052.30105514509,120.97382750976386,2026-01-14 21:33:11.491566
2970.8627235364875,185.99186454356953,2026-01-14 21:33:31.491568
3657.203148757262,209.83157433228257,2026-01-14 21:33:51.491570
2012.1736765444944,77.5071717259547,2026-01-14 21:34:11.491573
1614.9534550173264,186.11906789138857,2026-01-14 21:34:31.491575
30701.37208340899,131.35834239541165,2026-01-14 21:34:51.491578
2679.7477806015086,196.6295415936545,2026-01-14 21:35:11.491580
3844.87385194439,112.45472251099429,2026-01-14 21:35:31.491582
1279.474948343924,213.1292051713591,2026-01-14 21:35:51.491584
2644.8932081688486,108.21189324895455,2026-01-14 21:36:11.491586
2048.601921074089,159.22756515985185,2026-01-14 21:36:31.491588
3989.052477789116,244.33073230447053,2026-01-14 21:36:51.491590
3319.25002064917,179.62634746005915,2026-01-14 21:37:11.491592
2494.3657608602116,215.6204310871316,2026-01-14 21:37:31.491594
2363.8523019800573,127.33859753363625,2026-01-14 21:37:51.491596
3258.2606422697727,184.1017225021963,2026-01-14 21:38:11.491598
1586.648708693196,140.31702703601408,2026-01-14 21:38:31.491600
1825.391516565006,143.23785521839844,2026-01-14 21:38:51.491602
3710.759794593705,181.54058422773886,2026-01-14 21:39:11.491604
64.25651995351916,243.09028918348156,2026-01-14 21:39:31.491607
1638.647864619896,138.6757950575084,2026-01-14 21:39:51.491609
1732.4486106212162,209.93206859955257,2026-01-14 21:40:11.491611
950.1101468188322,125.5575289106863,2026-01-14 21:40:31.491613
1604.306053368791,123.61115678770304,2026-01-14 21:40:51.491615
3117.1511935326594,166.15838570923907,2026-01-14 21:41:11.491617
2381.917930961065,201.6481973576403,2026-01-14 21:41:31.491619
2344.0438332568333,175.68000532848583,2026-01-14 21:41:51.491621
2073.839328270471,94.42934939327824,2026-01-14 21:42:11.491623
2458.684675867932,148.6242547474682,2026-01-14 21:42:31.491625
3917.801277335795,195.00884934562333,2026-01-14 21:42:51.491627
3122.487348900814,100.08072804058543,2026-01-14 21:43:11.491630
2741.4335198555727,167.67414529743334,2026-01-14 21:43:31.491632
2597.2040091213726,144.99229617600236,2026-01-14 21:43:51.491634
2337.0609998584273,167.75112272107583,2026-01-14 21:44:11.491636
2323.1095237691984,195.67923131166248,2026-01-14 21:44:31.491638
1857.456839455724,123.69609838940207,2026-01-14 21:44:51.491640
2488.784369393929,28.78798698635292,2026-01-14 21:45:11.491642
3207.2363170888398,162.35386889031517,2026-01-14 21:45:31.491644
2569.8648463323275,71.87270715567287,2026-01-14 21:45:51.491646
2076.757858122964,94.48002413519896,2026-01-14 21:46:11.491648
2953.6444139104824,173.3214991216763,2026-01-14 21:46:31.491650
2471.486814162013,109.57900877383065,2026-01-14 21:46:51.491652
2247.788124606763,113.27042116009754,2026-01-14 21:47:11.491654
1851.798050388495,200.87506145420906,2026-01-14 21:47:31.491656
4630.545880095859,171.44082501652866,2026-01-14 21:47:51.491658
3054.4844858105153,168.9741028582754,2026-01-14 21:48:11.491660
3949.203850074813,96.39304940071966,2026-01-14 21:48:31.491662
162.91961320431392,127.58098904730589,2026-01-14 21:48:51.491664
4108.007431440001,180.95771305025988,2026-01-14 21:49:11.491666
4145.996375769359,219.86132112793814,2026-01-14 21:49:31.491668
2545.610509096841,117.70179104377323,2026-01-14 21:49:51.491670
1860.6463946797971,208.0966906728048,2026-01-14 21:50:11.491672
1885.3080421487423,166.15396365580145,2026-01-14 21:50:31.491674
2298.11719829897,131.9763297897702,2026-01-14 21:50:51.491676
2909.132400743963,194.15548885735797,2026-01-14 21:51:11.491678
2437.7302423897586,101.3276629300262,2026-01-14 21:51:31.491680
2495.6820989107723,128.68212018972284,2026-01-14 21:51:51.491682
3418.7565673574036,58.4615775802567,2026-01-14 21:52:11.491684
2660.5214431645495,243.66488881087727,2026-01-14 21:52:31.491686
3364.038452571719,188.2695107085217,2026-01-14 21:52:51.491688
2346.542833434689,174.23664086472374,2026-01-14 21:53:11.491690
1822.9146760073013,191.69036695796822,2026-01-14 21:53:31.491692
49423.25154503277,128.6122156476624,2026-01-14 21:53:51.491696
2062.7940843929964,124.2141465033499,2026-01-14 21:54:11.491698
15.210428322227287,253.12624596215724,2026-01-14 21:54:31.491701
1645.9736685965818,159.57604819329825,2026-01-14 21:54:51.491703
2692.9905101242784,146.01793043771426,2026-01-14 21:55:11.491705
63.467127325394145,172.6185898124867,2026-01-14 21:55:31.491708
2350.284587996361,199.28649978399315,2026-01-14 21:55:51.491711
2526.1795932325663,136.65426439928396,2026-01-14 21:56:11.491713
2963.7065385708606,166.28981582910833,2026-01-14 21:56:31.491715
1855.702538359725,179.82211697803356,2026-01-14 21:56:51.491717
2634.7687810156913,215.87987678039798,2026-01-14 21:57:11.491719
2257.070780900803,52.236178684494945,2026-01-14 21:57:31.491721
802.5160807931243,119.60890064527837,2026-01-14 21:57:51.491723
2101.310086246043,199.6344269456396,2026-01-14 21:58:11.491725
3172.496021203642,177.33667841006897,2026-01-14 21:58:31.491727
2047.7721788807346,129.46456704487917,2026-01-14 21:58:51.491729
3792.3005515755535,133.883976539433,2026-01-14 21:59:11.491731
1285.2408448282079,212.19264662931573,2026-01-14 21:59:31.491733
2822.9840722692875,148.7902196804542,2026-01-14 21:59:51.491735
2797.94771758577,110.49668374323609,2026-01-14 22:00:11.491737
2128.3061621612856,160.05798279364197,2026-01-14 22:00:31.491739
2178.3466043866633,176.21323388215845,2026-01-14 22:00:51.491741
3197.0378379657955,82.70101598766257,2026-01-14 22:01:11.491743
951.1077490571029,156.29234848096786,2026-01-14 22:01:31.491745
2911.126279727132,158.9790890969799,2026-01-14 22:01:51.491747
3078.8884697831,183.3730390819656,2026-01-14 22:02:11.491749
2827.85492554281,137.93711726907287,2026-01-14 22:02:31.491751
1726.950091387894,157.50680581856923,2026-01-14 22:02:51.491753
3385.6645354295783,143.98094180232007,2026-01-14 22:03:11.491755
2702.349451412064,146.8276968027927,2026-01-14 22:03:31.491757
2071.737451236862,145.47333588479196,2026-01-14 22:03:51.491760
2322.511276963755,171.08422341322222,2026-01-14 22:04:11.491762
2910.4846385408664,137.02266612080413,2026-01-14 22:04:31.491764
3210.9302028407683,123.66222836725048,2026-01-14 22:04:51.491766
2793.8298507210725,241.9091838397561,2026-01-14 22:05:11.491768
991.8399583831063,135.1866278245559,2026-01-14 22:05:31.491770
1657.0540646829168,96.60985392104035,2026-01-14 22:05:51.491772
2842.6503699787972,194.9567856843746,2026-01-14 22:06:11.491774
2416.440625170023,141.55891384049946,2026-01-14 22:06:31.491776
2566.497972525344,126.6448296604612,2026-01-14 22:06:51.491778
52.14456890435895,103.6323432904713,2026-01-14 22:07:11.491781
2690.6951861878283,163.25777636494436,2026-01-14 22:07:31.491783
3013.544427969241,159.47908082993717,2026-01-14 22:07:51.491785
3300.836874053713,59.49837983637104,2026-01-14 22:08:11.491787
1949.6529065302577,175.56012997624904,2026-01-14 22:08:31.491789
36248.13525515639,218.68292725814788,2026-01-14 22:08:51.491792
3811.9716234971143,187.1063745535946,2026-01-14 22:09:11.491795
1727.6016113367555,151.50807862675626,2026-01-14 22:09:31.491797
4236.754173998251,141.20570937838318,2026-01-14 22:09:51.491799
74.35939161765597,264.5441962039381,2026-01-14 22:10:11.491802
2585.633905662971,112.87647071509758,2026-01-14 22:10:31.491804
1443.9819910234353,138.99026864960211,2026-01-14 22:10:51.491806
845.7162188512061,74.76398129844989,2026-01-14 22:11:11.491808
3108.044770951682,139.75324810933773,2026-01-14 22:11:31.491810
2505.4946039512297,134.53954614750683,2026-01-14 22:11:51.491812
1898.2748755275334,174.0073068111185,2026-01-14 22:12:11.491814
4684.693786578854,141.99336022166798,2026-01-14 22:12:31.491816
3037.0720611603724,105.68898281952971,2026-01-14 22:12:51.491818
2714.9291413470182,203.80035692992993,2026-01-14 22:13:11.491820
2517.049318937554,130.0444073898625,2026-01-14 22:13:31.491822
1977.6825820707504,59.84301618720275,2026-01-14 22:13:51.491824
60.79052140907037,70.79320284972552,2026-01-14 22:14:11.491827
2113.5511586532484,157.33965059927746,2026-01-14 22:14:31.491829
2615.894131726044,119.26135674215408,2026-01-14 22:14:51.491832
2285.175481675334,105.44038872923562,2026-01-14 22:15:11.491834
1789.4816834180988,134.65594256563136,2026-01-14 22:15:31.491836
2394.9944263261564,153.8425941479384,2026-01-14 22:15:51.491838
2909.53927282342,141.58458830189653,2026-01-14 22:16:11.491840
1627.680738045723,220.5466189873135,2026-01-14 22:16:31.491842
2665.3792377959953,187.94693000609738,2026-01-14 22:16:51.491844
2010.0501002876497,168.07517626030508,2026-01-14 22:17:11.491846
33688.86153917173,65.14513075068741,2026-01-14 22:17:31.491849
1983.5444570812197,122.56375461295193,2026-01-14 22:17:51.491852
2574.2759209128917,52.03048869546281,2026-01-14 22:18:11.491863
3086.119488583266,198.47286002633683,2026-01-14 22:18:31.491866
2841.7554894973478,242.01085674209955,2026-01-14 22:18:51.491868
1903.6212063503076,200.02911590214893,2026-01-14 22:19:11.491870
1963.5038327386842,176.40341838731175,2026-01-14 22:19:31.491872
2890.9535621673745,143.2845629264726,2026-01-14 22:19:51.491874
3148.646618527826,58.217118356898155,2026-01-14 22:20:11.491876
3436.996631457235,201.62731021708288,2026-01-14 22:20:31.491878
3401.3641094620666,137.3372544987395,2026-01-14 22:20:51.491880
1528.4325753978708,134.59828579071294,2026-01-14 22:21:11.491882
3123.728425815472,152.47892602423534,2026-01-14 22:21:31.491884
2370.924630678565,121.89159867108489,2026-01-14 22:21:51.491886
2332.6225010043777,205.5151180991382,2026-01-14 22:22:11.491888
1553.275049386775,88.28255640600389,2026-01-14 22:22:31.491891
39089.59825230829,120.37678704235529,2026-01-14 22:22:51.491895
2120.928522343267,149.27738645608605,2026-01-14 22:23:11.491897
2418.2972479720006,170.46291937986211,2026-01-14 22:23:31.491899
2429.3096326357318,131.4994485058936,2026-01-14 22:23:51.491901
1056.9748625774573,132.2506357943356,2026-01-14 22:24:11.491903
48457.159013436176,184.8477202255368,2026-01-14 22:24:31.491906
2232.944408195192,73.01667403633401,2026-01-14 22:24:51.491908
1310.978376039765,90.30374968004723,2026-01-14 22:25:11.491910
2614.3544758109656,228.64073204585907,2026-01-14 22:25:31.491913
2700.361926182222,59.947113292363056,2026-01-14 22:25:51.491915
2065.8609602127826,86.92725831724455,2026-01-14 22:26:11.491917
34.72770390305075,106.74803868255034,2026-01-14 22:26:31.491920
2362.5096108293665,94.59177344045992,2026-01-14 22:26:51.491922
475.7699818029362,135.69978890599447,2026-01-14 22:27:11.491924
62.34059581594401,248.03456360805234,2026-01-14 22:27:31.491927
3401.8865945398065,126.73447716099733,2026-01-14 22:27:51.491929
2415.2413165566913,73.7739356690413,2026-01-14 22:28:11.491931
72.21432354559059,162.04624986447342,2026-01-14 22:28:31.491934
2210.589544930549,164.00606944847246,2026-01-14 22:28:51.491936
2997.257511884841,131.51948319781832,2026-01-14 22:29:11.491938
31193.64617728877,149.3264089167421,2026-01-14 22:29:31.491941
2812.418318052001,61.34837658965593,2026-01-14 22:29:51.491943
3509.5372005711934,181.98936658977686,2026-01-14 22:30:11.491945
1919.784817631143,43.21628930106523,2026-01-14 22:30:31.491947
5010.1988269279955,209.69781299941388,2026-01-14 22:30:51.491950
2230.481739533207,177.78022330017242,2026-01-14 22:31:11.491952
2571.664545004199,208.29030096041927,2026-01-14 22:31:31.491954
45921.26670451212,139.77725101573878,2026-01-14 22:31:51.491957
4366.595523428241,159.61413371995206,2026-01-14 22:32:11.491959
31689.5213911236,206.20563599930068,2026-01-14 22:32:31.491962
3258.021169698286,129.50197480736134,2026-01-14 22:32:51.491964
1902.3375365586867,118.66413877050175,2026-01-14 22:33:11.491966
3189.914777906207,123.21933307872942,2026-01-14 22:33:31.491968
3185.293683700542,186.25478934239987,2026-01-14 22:33:51.491970
2912.942629691967,171.06899055490413,2026-01-14 22:34:11.491972
2024.927870202689,209.44566857373215,2026-01-14 22:34:31.491974
3066.643077760851,111.64727467146616,2026-01-14 22:34:51.491976
2669.4536631795822,141.8466518028118,2026-01-14 22:35:11.491978
1904.0778841548408,140.44761550264852,2026-01-14 22:35:31.491980
2061.248262538408,55.319266652310716,2026-01-14 22:35:51.491983
2670.634965898351,222.7510611381582,2026-01-14 22:36:11.491985
2502.4673014600216,69.62200678155129,2026-01-14 22:36:31.491987
1889.8201771470285,193.64595933853934,2026-01-14 22:36:51.491989
46713.885074637394,118.50473726407938,2026-01-14 22:37:11.491992
1267.3655660553065,143.37416602290517,2026-01-14 22:37:31.491994
2547.9461042130624,163.86884689790958,2026-01-14 22:37:51.491996
1816.2616440228667,166.7518562631234,2026-01-14 22:38:11.491998
44.93497420396421,240.02555907554267,2026-01-14 22:38:31.492001
3491.15708235155,94.73233412236041,2026-01-14 22:38:51.492003
3125.7460863646083,173.81788846781097,2026-01-14 22:39:11.492005
2904.3761273333016,92.2187259165569,2026-01-14 22:39:31.492007
2552.214556274043,148.72128439040029,2026-01-14 22:39:51.492009
1084.7392760887053,166.76193435349742,2026-01-14 22:40:11.492011
1742.0062920209803,108.87900338088997,2026-01-14 22:40:31.492013
3396.824533859577,118.69049838892167,2026-01-14 22:40:51.492015
2512.3031850976845,133.60526417435412,2026-01-14 22:41:11.492017
2624.1525470871834,107.0775029812657,2026-01-14 22:41:31.492019
3400.470216832275,82.70645382633926,2026-01-14 22:41:51.492021
1844.5937122228017,201.3710767669387,2026-01-14 22:42:11.492023
46848.010034903724,116.81398115101439,2026-01-14 22:42:31.492026
2447.561914575196,249.08459032000144,2026-01-14 22:42:51.492028
3638.198508879952,196.3107701120796,2026-01-14 22:43:11.492030
2917.794944998408,109.17980069494791,2026-01-14 22:43:31.492032
2570.92607276915,159.86578537027978,2026-01-14 22:43:51.492034
2662.64235485526,135.7658482163708,2026-01-14 22:44:11.492036
2388.4429794552,127.49053675742942,2026-01-14 22:44:31.492038
43.272913601970465,77.92589691951113,2026-01-14 22:44:51.492041
2332.4379474807397,124.59299011763446,2026-01-14 22:45:11.492044
2381.7757449460228,211.7560910974264,2026-01-14 22:45:31.492046
2243.9264152444875,181.1103572021701,2026-01-14 22:45:51.492048
1588.9335057753847,136.34901196369904,2026-01-14 22:46:11.492050
2792.1003295864084,72.31206169919679,2026-01-14 22:46:31.492052
3154.3117264200228,213.72959376467574,2026-01-14 22:46:51.492054
3148.049843242153,90.52940535663362,2026-01-14 22:47:11.492056
3814.138362604771,159.6146489070948,2026-01-14 22:47:31.492058
2381.421697926584,122.79429989429038,2026-01-14 22:47:51.492060
2369.7656751421646,62.80759416835511,2026-01-14 22:48:11.492062
2595.2147248431797,138.57000423299908,2026-01-14 22:48:31.492064
1704.52050031319,188.94898560220008,2026-01-14 22:48:51.492066
572.0894663145536,149.03698101328027,2026-01-14 22:49:11.492068
67.75422674589532,136.8554585395866,2026-01-14 22:49:31.492071
3072.3050523529955,185.90928628539672,2026-01-14 22:49:51.492073
2309.8439002482874,159.61173820976154,2026-01-14 22:50:11.492076
2581.4850362095895,227.4510075747594,2026-01-14 22:50:31.492078
3290.935335486402,82.42771175540143,2026-01-14 22:50:51.492080
2.3594964645529126,158.66708321852042,2026-01-14 22:51:11.492083
2695.1625583268,36.325187044234795,2026-01-14 22:51:31.492085
1750.9690940745822,144.83726199254764,2026-01-14 22:51:51.492088
1185.4489510766662,115.24781699251302,2026-01-14 22:52:11.492090
78.51895431484084,147.9415261543725,2026-01-14 22:52:31.492093
96.27683502532061,139.71362045860133,2026-01-14 22:52:51.492096
1979.9866650636372,131.24018098380316,2026-01-14 22:53:11.492098
2245.8279225950128,169.6634611735111,2026-01-14 22:53:31.492100
3630.395804501464,174.91108742483925,2026-01-14 22:53:51.492102
3412.119230817013,91.49911747005439,2026-01-14 22:54:11.492104
3178.8496275805983,138.29900704465092,2026-01-14 22:54:31.492107
2873.0866995570677,166.5032500406311,2026-01-14 22:54:51.492109
2995.9410659166438,108.24285491849885,2026-01-14 22:55:11.492111
4171.630977355819,151.89309575044751,2026-01-14 22:55:31.492113
2967.6581023596545,251.18031096148195,2026-01-14 22:55:51.492115
2505.439875647998,192.07641710198794,2026-01-14 22:56:11.492117
2005.8907124846025,39.40690443352466,2026-01-14 22:56:31.492119
3726.7469610370604,139.9625418223568,2026-01-14 22:56:51.492121
1514.286136148134,128.5377789850669,2026-01-14 22:57:11.492123
48300.04336266413,179.42766348853598,2026-01-14 22:57:31.492126
98.1143731791822,70.09378240581262,2026-01-14 22:57:51.492129
2869.7381328655542,114.16800649738776,2026-01-14 22:58:11.492131
2625.643665127553,171.29436030965178,2026-01-14 22:58:31.492133
2515.318221932602,145.75550907488233,2026-01-14 22:58:51.492136
1505.340857275121,185.98789710740908,2026-01-14 22:59:11.492138
1465.381633703069,161.60779748710175,2026-01-14 22:59:31.492140
1537.4939183866459,134.3470984738423,2026-01-14 22:59:51.492142
2499.4331243386832,180.92441902282377,2026-01-14 23:00:11.492144
2334.017981852902,87.47961330151412,2026-01-14 23:00:31.492146
2983.6122610842936,173.47859091742163,2026-01-14 23:00:51.492148
3071.282799776074,128.16401319797023,2026-01-14 23:01:11.492150
2447.093908299342,110.19146476531276,2026-01-14 23:01:31.492152
2771.194948247397,187.20959857499685,2026-01-14 23:01:51.492154
41635.27732233872,140.93879133909485,2026-01-14 23:02:11.492157
3635.6824036109097,119.97882171306475,2026-01-14 23:02:31.492159
57.712258603832076,209.59794280585584,2026-01-14 23:02:51.492162
2026.1867753399079,51.49480911440823,2026-01-14 23:03:11.492164
3214.0778706394476,114.49594404797813,2026-01-14 23:03:31.492166
32708.52677072261,120.11452431334538,2026-01-14 23:03:51.492169
2671.1230945611856,140.52931645092252,2026-01-14 23:04:11.492171
2584.7155624921875,179.22064902362422,2026-01-14 23:04:31.492173
2939.3846372013186,281.71110218249794,2026-01-14 23:04:51.492175
1780.9727613414975,83.48431871305051,2026-01-14 23:05:11.492177
89.25582274864745,220.5525450529612,2026-01-14 23:05:31.492180
2175.671993908977,77.44121549742205,2026-01-14 23:05:51.492182
2490.3288417231565,122.46394021522444,2026-01-14 23:06:11.492184
1679.024289003978,19.78930716864329,2026-01-14 23:06:31.492187
2659.1585174371958,126.07163789919431,2026-01-14 23:06:51.492189
3266.1821229296074,184.01080527252248,2026-01-14 23:07:11.492191
3454.00600998238,155.47353020236446,2026-01-14 23:07:31.492193
3342.0231530797305,124.79100844961643,2026-01-14 23:07:51.492195
2434.7818615186834,184.51184001901362,2026-01-14 23:08:11.492197
453.30529339431814,95.63770305685986,2026-01-14 23:08:31.492199
1631.3398968918516,210.8686784875815,2026-01-14 23:08:51.492201
3156.4443352050985,63.70966356047016,2026-01-14 23:09:11.492203
1957.948278131476,193.17983296232953,2026-01-14 23:09:31.492205
2963.7145834581174,189.16952546412978,2026-01-14 23:09:51.492207
2298.7688911644036,222.986593751897,2026-01-14 23:10:11.492209
1123.9179592417454,154.2659071282512,2026-01-14 23:10:31.492211
1853.387422687259,174.01523265066493,2026-01-14 23:10:51.492213
2044.4930398814981,182.52250462680695,2026-01-14 23:11:11.492215
1297.5357585921456,198.51966949234256,2026-01-14 23:11:31.492217
3142.6920390569303,249.78337448919822,2026-01-14 23:11:51.492219
4987.934844804289,204.09710298704246,2026-01-14 23:12:11.492221
3296.425975266465,161.5035379595701,2026-01-14 23:12:31.492223
2898.1944712731156,128.86832196392209,2026-01-14 23:12:51.492225
3041.2784132926777,122.08491230269847,2026-01-14 23:13:11.492227
1619.876613622644,202.91035234719538,2026-01-14 23:13:31.492229
3250.0480977638117,149.72019905854768,2026-01-14 23:13:51.492231
3034.99332447401,172.7091583594919,2026-01-14 23:14:11.492233
2072.213401952327,135.30165261679088,2026-01-14 23:14:31.492235
2442.7205985135465,146.9855504304194,2026-01-14 23:14:51.492237
2863.8361357139042,194.5191581759893,2026-01-14 23:15:11.492239
2960.164012885253,240.96115916498604,2026-01-14 23:15:31.492241
2531.9491177717523,174.60094239963996,2026-01-14 23:15:51.492243
2079.172125865936,100.18041554164664,2026-01-14 23:16:11.492245
2276.101531067183,126.05812719957979,2026-01-14 23:16:31.492247
1809.7793887655034,168.8287007569562,2026-01-14 23:16:51.492249
3147.886273309621,184.17846616002387,2026-01-14 23:17:11.492251
1407.2354310395726,153.48734244205244,2026-01-14 23:17:31.492253
1988.1883780446935,98.53142459089642,2026-01-14 23:17:51.492255
1417.8637713251724,210.88742428256,2026-01-14 23:18:11.492257
1805.247176598281,123.2099268473851,2026-01-14 23:18:31.492259
1134.1136339256427,128.38810804176865,2026-01-14 23:18:51.492261
2369.3433541728814,158.0009112926394,2026-01-14 23:19:11.492263
2901.426188934036,90.726882320245,2026-01-14 23:19:31.492265
2916.774532459863,129.3267419438362,2026-01-14 23:19:51.492267
2708.224405266309,124.64621922382472,2026-01-14 23:20:11.492269
33154.53480332083,66.5774224044476,2026-01-14 23:20:31.492273
3710.8783797222227,119.33195937408586,2026-01-14 23:20:51.492275
1023.0497102095248,103.52445699037949,2026-01-14 23:21:11.492277
1837.1876510900001,116.8607760602817,2026-01-14 23:21:31.492279
1762.5121494997495,99.80213139592507,2026-01-14 23:21:51.492281
2570.0625751628713,169.79678378133866,2026-01-14 23:22:11.492283
2062.6559323301876,136.41724448369735,2026-01-14 23:22:31.492285
3698.8660576094944,212.38784170381078,2026-01-14 23:22:51.492287
3149.1172435932735,92.58683556236909,2026-01-14 23:23:11.492289
1240.0164244535808,196.3031188905983,2026-01-14 23:23:31.492291
3314.129173474802,163.5747655412824,2026-01-14 23:23:51.492293
20419.001440920194,139.2544822424961,2026-01-14 23:24:11.492296
2721.4347594602305,202.3658853310724,2026-01-14 23:24:31.492298
3435.6719939422187,152.18898813569444,2026-01-14 23:24:51.492300
2295.327090477527,178.6028720857072,2026-01-14 23:25:11.492304
2450.247186400551,130.73083362373922,2026-01-14 23:25:31.492306
2836.3619817980466,148.8223924562881,2026-01-14 23:25:51.492308
2360.516593677731,165.8270163304316,2026-01-14 23:26:11.492310
2651.7287016507366,128.16178813808912,2026-01-14 23:26:31.492312
1214.7383194090567,150.79037720559197,2026-01-14 23:26:51.492314
2430.5953995608447,85.38686524471906,2026-01-14 23:27:11.492316
3051.7662441961556,167.959152459604,2026-01-14 23:27:31.492318
2954.3533944601054,110.81171672068018,2026-01-14 23:27:51.492320
1947.5671581469924,235.2507073603515,2026-01-14 23:28:11.492322
2259.357350226457,120.99733793149785,2026-01-14 23:28:31.492324
80.50903184956627,161.97022502676884,2026-01-14 23:28:51.492327
2560.76421433287,187.1341209179861,2026-01-14 23:29:11.492329
3633.616330385301,184.06697515928045,2026-01-14 23:29:31.492331
1889.3711166571347,151.89689177238012,2026-01-14 23:29:51.492333
2623.065532862606,188.3233684055798,2026-01-14 23:30:11.492335
1871.2111738920141,80.94776984231126,2026-01-14 23:30:31.492337
78.73870267523328,257.06915592555384,2026-01-14 23:30:51.492341
1899.517681935028,119.70695896205532,2026-01-14 23:31:11.492343
3875.502324965837,176.91620111984633,2026-01-14 23:31:31.492345
2647.398331155282,122.522143204571,2026-01-14 23:31:51.492347
3187.6703095838416,115.48066869306619,2026-01-14 23:32:11.492349
2503.274406140365,125.3438588800114,2026-01-14 23:32:31.492351
3654.905602775051,115.03808913574362,2026-01-14 23:32:51.492353
2106.1135408051896,189.51859480258557,2026-01-14 23:33:11.492355
2772.0410356551124,115.282101463331,2026-01-14 23:33:31.492357
2763.9835687654854,95.7424736721101,2026-01-14 23:33:51.492359
1839.6715760168358,42.75986487248811,2026-01-14 23:34:11.492361
2926.26664063744,174.09330308592456,2026-01-14 23:34:31.492363
2937.8118379023736,92.72308910005401,2026-01-14 23:34:51.492365
1409.3019002230733,138.5100184712403,2026-01-14 23:35:11.492367
1818.874852591749,79.96630044407185,2026-01-14 23:35:31.492369
2511.465647875325,196.0900750988626,2026-01-14 23:35:51.492371
2886.1503097673703,130.52992284849006,2026-01-14 23:36:11.492373
3772.723923923614,173.68160384057273,2026-01-14 23:36:31.492375
1758.8950960147693,98.14912153061168,2026-01-14 23:36:51.492377
3095.0525588003666,198.79083596723547,2026-01-14 23:37:11.492379
3234.763555153931,135.9490176364207,2026-01-14 23:37:31.492381
2839.972892998036,139.1491474787815,2026-01-14 23:37:51.492383
2253.2137692353444,79.11880329076139,2026-01-14 23:38:11.492385
2979.887439868516,81.11912496228814,2026-01-14 23:38:31.492387
2048.1807966632464,155.62753575041143,2026-01-14 23:38:51.492389
2856.028691292952,70.70083438810208,2026-01-14 23:39:11.492391
996.0604918887639,204.29633481613988,2026-01-14 23:39:31.492393
3344.175081064834,18.21261304915612,2026-01-14 23:39:51.492395
2502.700405277729,177.4439421909478,2026-01-14 23:40:11.492397
4275.361017569423,103.72876869702063,2026-01-14 23:40:31.492399
2704.307004539454,171.67448587242612,2026-01-14 23:40:51.492401
1855.1459530001562,192.92255583283327,2026-01-14 23:41:11.492403
2312.303544034069,15.760597644125397,2026-01-14 23:41:31.492405
2707.6588491841767,281.03965455149876,2026-01-14 23:41:51.492407
1610.426379380669,95.17987569242993,2026-01-14 23:42:11.492409
3170.5895036569123,164.03182022450682,2026-01-14 23:42:31.492412
3906.896387356107,168.07210184736627,2026-01-14 23:42:51.492414
2770.6773335372727,204.82346169054418,2026-01-14 23:43:11.492416
1999.45817000303,166.68639317809365,2026-01-14 23:43:31.492418
17649.490455842562,135.11945189416525,2026-01-14 23:43:51.492421
2279.438245663307,197.03480719113412,2026-01-14 23:44:11.492423
2014.6397641877625,160.56418461397362,2026-01-14 23:44:31.492425
2264.1765725602054,217.30891318133126,2026-01-14 23:44:51.492427
32.11621526359535,118.23188055871853,2026-01-14 23:45:11.492430
1548.266672727711,140.66140429023542,2026-01-14 23:45:31.492432
2005.9126545593708,194.8533098443566,2026-01-14 23:45:51.492434
3519.900033022978,139.55229223879928,2026-01-14 23:46:11.492436
4188.108465668498,179.93971947809553,2026-01-14 23:46:31.492438
3034.6723909744646,219.8298445790632,2026-01-14 23:46:51.492440
2831.718388083826,154.19133139646806,2026-01-14 23:47:11.492442
3628.367316162803,203.712361697233,2026-01-14 23:47:31.492444
3720.9490538893297,127.84779894357588,2026-01-14 23:47:51.492446
90.82284887003229,126.02535163003783,2026-01-14 23:48:11.492449
3859.9658996611042,203.57715761174427,2026-01-14 23:48:31.492452
63.239132432838744,145.3800780698326,2026-01-14 23:48:51.492454
1526.3036781176759,107.61830356904576,2026-01-14 23:49:11.492456
1978.3288891255515,112.09573366564003,2026-01-14 23:49:31.492459
1950.09255032744,150.78091669748017,2026-01-14 23:49:51.492460
3221.8217390293175,161.1133066224121,2026-01-14 23:50:11.492462
2116.5305108473185,175.53960442637973,2026-01-14 23:50:31.492464
3324.464468499246,196.33027540222037,2026-01-14 23:50:51.492466
1621.1593273548842,158.59196698967656,2026-01-14 23:51:11.492469
2942.600975987827,109.12995515463251,2026-01-14 23:51:31.492471
2012.3457369312137,173.16031460495614,2026-01-14 23:51:51.492473
1406.2897548318033,202.22569931217305,2026-01-14 23:52:11.492475
2929.7427421006087,115.16140907852125,2026-01-14 23:52:31.492477
2965.6212536677813,102.52878366371179,2026-01-14 23:52:51.492479
3647.787983731475,167.48250236498467,2026-01-14 23:53:11.492481
1248.157782910356,88.23280914269975,2026-01-14 23:53:31.492483
32.529061836174776,208.23326042507858,2026-01-14 23:53:51.492486
82.5415664123948,126.54254849870948,2026-01-14 23:54:11.492489
3015.702597054157,187.8394339993491,2026-01-14 23:54:31.492491
2989.9750352108817,145.13315906686586,2026-01-14 23:54:51.492493
2096.9683327168505,148.03463561861844,2026-01-14 23:55:11.492495
2392.402572478614,59.398054943519,2026-01-14 23:55:31.492497
3012.426873304827,181.10349951530245,2026-01-14 23:55:51.492499
3563.1466556283276,203.57056509437456,2026-01-14 23:56:11.492501
4116.039285543718,162.46542978208643,2026-01-14 23:56:31.492503
3336.0707792678027,238.43858916297103,2026-01-14 23:56:51.492506
2106.285187843198,174.99320618701856,2026-01-14 23:57:11.492507
34.19052781054903,80.03469125990293,2026-01-14 23:57:31.492510
3000.406413464829,194.26157414944956,2026-01-14 23:57:51.492513
2447.0853721010662,117.34541693248318,2026-01-14 23:58:11.492515
1652.8739303547195,224.08317012312995,2026-01-14 23:58:31.492517
32512.58061754462,205.64732651036013,2026-01-14 23:58:51.492520
3362.121047623315,112.87578837308081,2026-01-14 23:59:11.492522
2111.7553317057054,89.69998994637652,2026-01-14 23:59:31.492524
2798.794615521378,249.35305558497205,2026-01-14 23:59:51.492526
2075.223281750428,176.1539502001197,2026-01-15 00:00:11.492528
3564.693744293734,170.74327501809552,2026-01-15 00:00:31.492530
48.84956326599054,173.1644265059053,2026-01-15 00:00:51.492533
2693.0575479334248,92.44929581902466,2026-01-15 00:01:11.492535
2620.888349827846,188.263821918238,2026-01-15 00:01:31.492537
2127.3555447054696,142.45811442166524,2026-01-15 00:01:51.492539
1854.0516788243085,142.54974003180672,2026-01-15 00:02:11.492541
1595.507732049979,181.13556119501342,2026-01-15 00:02:31.492544
2366.824697411817,160.59393393259114,2026-01-15 00:02:51.492546
3216.2843446100796,118.42111354173343,2026-01-15 00:03:11.492548
46407.80530268262,164.4326965403742,2026-01-15 00:03:31.492551
2559.821014337575,124.17851780562141,2026-01-15 00:03:51.492553
85.25474212459704,140.17667082859515,2026-01-15 00:04:11.492556
28495.91573796667,141.1612918442109,2026-01-15 00:04:31.492559
1261.1053609090027,64.88933669599943,2026-01-15 00:04:51.492561
2129.747450928391,89.83995723054278,2026-01-15 00:05:11.492563
1666.3644702055176,130.92379304042137,2026-01-15 00:05:31.492565
2035.8850787977792,127.1939586262906,2026-01-15 00:05:51.492567
2645.141296091177,131.0297750507079,2026-01-15 00:06:11.492569
2765.652199331525,148.42804148126118,2026-01-15 00:06:31.492571
1821.2570926473484,217.60142380903574,2026-01-15 00:06:51.492573
2725.7499259443416,159.19172581612523,2026-01-15 00:07:11.492575
4654.426931184397,78.68105388592961,2026-01-15 00:07:31.492577
3125.0897778900085,145.97001253516197,2026-01-15 00:07:51.492579
1833.555154399393,90.70697264348985,2026-01-15 00:08:11.492581
642.4348661265515,241.6278521739601,2026-01-15 00:08:31.492583
3151.321409694613,129.29394160272273,2026-01-15 00:08:51.492585
3144.712182838261,136.05583029246216,2026-01-15 00:09:11.492587
3176.126376947457,235.13482441739683,2026-01-15 00:09:31.492589
2440.204665479867,212.34458577673598,2026-01-15 00:09:51.492591
2450.3967925071747,136.34388237965442,2026-01-15 00:10:11.492593
3343.5453239786084,228.14443842540987,2026-01-15 00:10:31.492595
2280.8055345365565,163.09751746706567,2026-01-15 00:10:51.492597
1495.9138005946916,260.9390116724067,2026-01-15 00:11:11.492599
