stock_price,volatility_percent,timestamp
983.3217982292962,1.6678201770703807,2026-01-14 07:27:14.917726
988.0255502749163,0.47835327703407504,2026-01-14 07:27:29.917734
992.1610491690483,0.4185619383002065,2026-01-14 07:27:44.917736
1007.1999577466734,1.5157729272097895,2026-01-14 07:27:59.917738
998.4240512660066,0.8713172010352724,2026-01-14 07:28:14.917740
990.5589187687257,0.7877547107672216,2026-01-14 07:28:29.917741
951.7406628900645,3.918823519040402,2026-01-14 07:28:44.917743
965.3082449627904,1.4255545235953546,2026-01-14 07:28:59.917745
959.1102990381925,0.6420690962643517,2026-01-14 07:29:14.917747
948.429548384832,1.1136102556787586,2026-01-14 07:29:29.917748
939.4743585911978,0.9442124413863762,2026-01-14 07:29:44.917750
947.897504375241,0.8965807003689124,2026-01-14 07:29:59.917752
949.6352730007621,0.18332874783401934,2026-01-14 07:30:14.917753
942.2931347154797,0.7731534931386799,2026-01-14 07:30:29.917758
933.8089084848597,0.9003807751588675,2026-01-14 07:30:44.917759
947.0798246620594,1.4211597315699582,2026-01-14 07:30:59.917761
932.5674525608118,1.5323282920133967,2026-01-14 07:31:14.917763
930.304735431351,0.24263307959628144,2026-01-14 07:31:29.917764
927.1028527751498,0.3441756807479348,2026-01-14 07:31:44.917766
932.5173500982197,0.5840233698841849,2026-01-14 07:31:59.917767
971.3797268269967,4.167469562328661,2026-01-14 07:32:14.917770
988.7718882665448,1.790459586423476,2026-01-14 07:32:29.917771
1070.3849686502072,8.253984700833435,2026-01-14 07:32:44.917780
1197.17014698313,11.844820512829465,2026-01-14 07:32:59.917783
1179.0494442595848,1.5136280142976615,2026-01-14 07:33:14.917785
1151.0477118210335,2.3749413203053313,2026-01-14 07:33:29.917787
1127.7963506831243,2.020017146042019,2026-01-14 07:33:44.917788
1112.8994364387538,1.32088689907066,2026-01-14 07:33:59.917790
1122.6170983913682,0.8731841920695588,2026-01-14 07:34:14.917792
1137.56612238852,1.3316226893900358,2026-01-14 07:34:29.917793
1134.0311489140586,0.31074883515686136,2026-01-14 07:34:44.917795
1123.4255071157074,0.93521609247744,2026-01-14 07:34:59.917796
1164.9803853130072,3.6989438048267367,2026-01-14 07:35:14.917799
1161.8745687862013,0.2665981819059827,2026-01-14 07:35:29.917801
1154.722359838947,0.6155749630294507,2026-01-14 07:35:44.917802
1169.1817138860945,1.2521931288456425,2026-01-14 07:35:59.917804
1174.382726100127,0.4448420764934561,2026-01-14 07:36:14.917806
1191.522199607649,1.4594453006336812,2026-01-14 07:36:29.917807
1205.7417444647365,1.1933931958439126,2026-01-14 07:36:44.917809
1266.7335199802324,5.05844438044001,2026-01-14 07:36:59.917810
1249.2451717163258,1.3805862076010638,2026-01-14 07:37:14.917812
1222.6596643123412,2.1281256878871044,2026-01-14 07:37:29.917814
1241.7788510759108,1.5637374260091315,2026-01-14 07:37:44.917815
1148.3817687829169,7.521233125533752,2026-01-14 07:37:59.917818
1134.7862206498655,1.1838874930468801,2026-01-14 07:38:14.917819
1147.4455204043468,1.1155669256568401,2026-01-14 07:38:29.917821
1156.0762900301822,0.7521724972872077,2026-01-14 07:38:44.917822
1261.3967164443688,9.110162306973432,2026-01-14 07:38:59.917825
1283.310709059941,1.7372799793980416,2026-01-14 07:39:14.917826
1298.4572051705754,1.18026725746952,2026-01-14 07:39:29.917829
1292.43323604646,0.4639328196668665,2026-01-14 07:39:44.917831
1305.4827826236935,1.0096882541609626,2026-01-14 07:39:59.917832
1330.4253422848108,1.910600430209334,2026-01-14 07:40:14.917834
1133.6363281345596,14.791436084064278,2026-01-14 07:40:29.917837
1128.671805828402,0.4379290062384301,2026-01-14 07:40:44.917838
1121.9756818138026,0.5932746773704398,2026-01-14 07:40:59.917840
1117.1096139886722,0.43370528470491304,2026-01-14 07:41:14.917841
1057.8591026792853,5.303912039377343,2026-01-14 07:41:29.917844
1042.894784241574,1.4145852127008935,2026-01-14 07:41:44.917845
1187.5799458060997,13.873418848263338,2026-01-14 07:41:59.917848
1212.5896444476646,2.1059381079889405,2026-01-14 07:42:14.917849
1193.0815295110076,1.6087977516534864,2026-01-14 07:42:29.917851
1175.3179859545999,1.4888792691047859,2026-01-14 07:42:44.917852
1163.6967537134515,0.9887734536547168,2026-01-14 07:42:59.917854
1163.7654811392297,0.005905956647104161,2026-01-14 07:43:14.917855
1072.838816654747,7.813143279990827,2026-01-14 07:43:29.917858
1078.3074134711342,0.5097314462799656,2026-01-14 07:43:44.917860
1078.1880424151677,0.01107022491685951,2026-01-14 07:43:59.917862
1065.648670640735,1.1630041589354163,2026-01-14 07:44:14.917864
1078.0071185201812,1.1597112838338732,2026-01-14 07:44:29.917867
1100.7294383609665,2.107807958817282,2026-01-14 07:44:44.917869
1123.7180475308162,2.0884886302378542,2026-01-14 07:44:59.917870
1115.400862748469,0.7401487233049899,2026-01-14 07:45:14.917872
1130.8463082954952,1.3847439125129293,2026-01-14 07:45:29.917873
1159.7949269692865,2.559907430517693,2026-01-14 07:45:44.917875
1174.9926955569063,1.3103841234530686,2026-01-14 07:45:59.917877
1186.4327781012378,0.9736300989436593,2026-01-14 07:46:14.917878
1164.6699193904751,1.83431030501296,2026-01-14 07:46:29.917881
1175.510927000406,0.9308223239426028,2026-01-14 07:46:44.917883
1172.6731723244263,0.24140606529459505,2026-01-14 07:46:59.917884
1166.397992508248,0.5351175386522913,2026-01-14 07:47:14.917886
1176.1278827492495,0.8341826978009479,2026-01-14 07:47:29.917887
1200.1894573033433,2.045829786625658,2026-01-14 07:47:44.917889
1245.9016021400057,3.8087440744039984,2026-01-14 07:47:59.917891
1218.9893529377468,2.1600621715256967,2026-01-14 07:48:14.917892
1240.7616106495764,1.7860908841704601,2026-01-14 07:48:29.917894
1252.2567864037671,0.9264612682667175,2026-01-14 07:48:44.917896
1275.11806387955,1.8256061954701654,2026-01-14 07:48:59.917897
1279.4462277807809,0.3394324042483122,2026-01-14 07:49:14.917899
1295.7092962756742,1.271102148864958,2026-01-14 07:49:29.917901
1299.1072876596727,0.26224951798720697,2026-01-14 07:49:44.917903
1275.3949117793495,1.8252823385388586,2026-01-14 07:49:59.917905
1289.4465955920173,1.1017515973200684,2026-01-14 07:50:14.917906
1270.9849969179465,1.4317458929421307,2026-01-14 07:50:29.917909
1285.6644420045245,1.15496603989619,2026-01-14 07:50:44.917911
1310.1252916180115,1.9025842836058529,2026-01-14 07:50:59.917912
1293.0745135775765,1.301461634969062,2026-01-14 07:51:14.917914
1295.9036672357504,0.21879277864246416,2026-01-14 07:51:29.917915
1312.9838113368048,1.3180103222863435,2026-01-14 07:51:44.917917
1308.2650556786496,0.3593917622907144,2026-01-14 07:51:59.917919
1361.9252900512572,4.101633238592612,2026-01-14 07:52:14.917920
1363.8408127111043,0.14064814522792013,2026-01-14 07:52:29.917922
1344.1398124994914,1.4445234390991897,2026-01-14 07:52:44.917923
1363.8418106455586,1.4657700012196098,2026-01-14 07:52:59.917925
1361.3023565153767,0.1861985833224894,2026-01-14 07:53:14.917927
1550.640446717138,13.908599312677584,2026-01-14 07:53:29.917930
1455.0196881698118,6.166533237912429,2026-01-14 07:53:44.917932
1471.1778451608573,1.1105112269216078,2026-01-14 07:53:59.917934
1390.37575817569,5.492339845311671,2026-01-14 07:54:14.917936
1405.1855382775689,1.0651638605459304,2026-01-14 07:54:29.917938
1407.1347878710662,0.1387183073266455,2026-01-14 07:54:44.917940
1412.0095331402326,0.3464305844176993,2026-01-14 07:54:59.917941
1259.5480926555579,10.797479542904279,2026-01-14 07:55:14.917944
1244.2646688761163,1.2134053370855418,2026-01-14 07:55:29.917945
1334.1386342098249,7.223058532626133,2026-01-14 07:55:44.917948
1314.9468879303802,1.4385121446401683,2026-01-14 07:55:59.917949
1342.2058277308004,2.073006906257915,2026-01-14 07:56:14.917951
1348.335328474873,0.4566736798062788,2026-01-14 07:56:29.917952
1352.9233356030297,0.34027196582813346,2026-01-14 07:56:44.917955
1358.1430658526133,0.38581123647016025,2026-01-14 07:56:59.917956
1385.2559745584836,1.996321991958128,2026-01-14 07:57:14.917958
1405.7896781126103,1.4823039157561677,2026-01-14 07:57:29.917959
1337.4662572219013,4.860145294453925,2026-01-14 07:57:44.917962
1340.776943584055,0.24753419716400782,2026-01-14 07:57:59.917964
1323.562797208468,1.2838933767440524,2026-01-14 07:58:14.917965
1288.0549856545247,2.682744757470745,2026-01-14 07:58:29.917967
1294.9584041041019,0.5359568129049509,2026-01-14 07:58:44.917968
1277.610100040923,1.3396804104438347,2026-01-14 07:58:59.917972
1271.1936115868318,0.5022258710921006,2026-01-14 07:59:14.917974
1281.6728806706753,0.8243645175940009,2026-01-14 07:59:29.917976
1257.240251725446,1.9063077103140598,2026-01-14 07:59:44.917978
1302.2941342522445,3.583553936088694,2026-01-14 07:59:59.917979
1338.3041381191551,2.7651206374807997,2026-01-14 08:00:14.917981
1338.608132798553,0.02271491738979643,2026-01-14 08:00:29.917983
1347.484590912704,0.6631110253000971,2026-01-14 08:00:44.917984
1338.500262784973,0.6667481163287741,2026-01-14 08:00:59.917986
1304.9882512659894,2.5036985386357977,2026-01-14 08:01:14.917987
1289.8800288373566,1.1577286166351328,2026-01-14 08:01:29.917989
1322.0232277001226,2.491952595912231,2026-01-14 08:01:44.917991
1328.3246586683108,0.47665054865567785,2026-01-14 08:01:59.917993
1296.201239355836,2.4183409607617854,2026-01-14 08:02:14.917994
1303.5370176592476,0.5659443981906138,2026-01-14 08:02:29.917996
1335.8259747596096,2.477026479719235,2026-01-14 08:02:44.917997
1321.1838245506128,1.0961121048444804,2026-01-14 08:02:59.917999
1295.8186858259571,1.9198795998946951,2026-01-14 08:03:14.918000
1291.20443173801,0.35608794181000347,2026-01-14 08:03:29.918002
1327.4615622009787,2.8080085207084564,2026-01-14 08:03:44.918004
1301.6767667989773,1.94241371171979,2026-01-14 08:03:59.918006
1299.6243120681413,0.1576777571196206,2026-01-14 08:04:14.918007
1329.705435600971,2.3146014777886257,2026-01-14 08:04:29.918010
1356.0987017575167,1.984895710726855,2026-01-14 08:04:44.918011
1357.2888594544102,0.08776335346026624,2026-01-14 08:04:59.918013
1421.9067889332368,4.76080894856835,2026-01-14 08:05:14.918016
1471.9862805276052,3.5219953926754837,2026-01-14 08:05:29.918017
1467.516060021401,0.3036862887473267,2026-01-14 08:05:44.918019
1468.85656125558,0.09134491067574058,2026-01-14 08:05:59.918021
1502.1147836690866,2.2642253362763682,2026-01-14 08:06:14.918023
1488.2547627993908,0.9227005166569958,2026-01-14 08:06:29.918025
1535.3874408381575,3.166976462424378,2026-01-14 08:06:44.918026
1482.924466998572,3.4169208659767722,2026-01-14 08:06:59.918029
1663.2557823996394,12.160519258681912,2026-01-14 08:07:14.918031
1651.1198507363608,0.7296491490785408,2026-01-14 08:07:29.918033
1656.261394889169,0.31139739192857985,2026-01-14 08:07:44.918034
1640.8025839686757,0.9333557473594187,2026-01-14 08:07:59.918036
1632.0532837598696,0.5332329613745396,2026-01-14 08:08:14.918038
1640.9156736661566,0.543020867913706,2026-01-14 08:08:29.918039
1655.2239857741,0.871971201053586,2026-01-14 08:08:44.918041
1668.9227107775162,0.8276055156976116,2026-01-14 08:08:59.918043
1651.1454806293675,1.0651919368912257,2026-01-14 08:09:14.918044
1607.8612022729894,2.6214696926572056,2026-01-14 08:09:29.918047
1591.7214257265223,1.0038040922718197,2026-01-14 08:09:44.918048
1762.86940263516,10.752382555290353,2026-01-14 08:09:59.918051
1793.5945588136965,1.742905976620162,2026-01-14 08:10:14.918052
1782.6200374558891,0.6118730291569436,2026-01-14 08:10:29.918054
1785.4289327668084,0.15757117343571458,2026-01-14 08:10:44.918057
1792.4355733709901,0.39243458395869957,2026-01-14 08:10:59.918058
1786.0036478049767,0.3588371968046327,2026-01-14 08:11:14.918060
1808.8816770414824,1.2809620666017838,2026-01-14 08:11:29.918062
1587.0874645841934,12.261399696415992,2026-01-14 08:11:44.918064
1632.6126949015922,2.8684764597599557,2026-01-14 08:11:59.918066
1658.6992437703786,1.5978406238203768,2026-01-14 08:12:14.918067
1688.6783148577142,1.8073843826678613,2026-01-14 08:12:29.918069
1658.3666960885892,1.7949907038202833,2026-01-14 08:12:44.918070
1640.9750750767103,1.048719867137876,2026-01-14 08:12:59.918074
1640.7580467798327,0.013225569368711474,2026-01-14 08:13:14.918078
1633.1508564548694,0.4636387637953827,2026-01-14 08:13:29.918080
1652.8420760541405,1.2057195770643876,2026-01-14 08:13:44.918081
1668.060818012322,0.9207620122131367,2026-01-14 08:13:59.918083
1702.0362340847412,2.036821182149982,2026-01-14 08:14:14.918084
1690.9737626012334,0.6499551103538403,2026-01-14 08:14:29.918086
1696.143645868295,0.30573409129120066,2026-01-14 08:14:44.918088
1725.5129075108869,1.731531507613386,2026-01-14 08:14:59.918089
1977.0932401180028,14.580031914686128,2026-01-14 08:15:14.918092
1962.9358172308582,0.7160725958629812,2026-01-14 08:15:29.918094
1902.9560775032205,3.0556139024582087,2026-01-14 08:15:44.918096
1680.9938433050017,11.66407553081546,2026-01-14 08:15:59.918098
1720.5820622657368,2.3550484208140086,2026-01-14 08:16:14.918099
1702.9716656686305,1.0235139016802308,2026-01-14 08:16:29.918101
1701.7405324744211,0.07229322830371944,2026-01-14 08:16:44.918103
1734.1877440973615,1.9067073389713722,2026-01-14 08:16:59.918104
1754.2400642413988,1.1562946521960593,2026-01-14 08:17:14.918106
1688.3879514569508,3.7538826142888784,2026-01-14 08:17:29.918109
1679.696098964153,0.5148018549467519,2026-01-14 08:17:44.918111
1433.8664312359629,14.63536575930551,2026-01-14 08:17:59.918113
1237.3521312268776,13.705202641482717,2026-01-14 08:18:14.918116
1247.634939136462,0.8310332725889964,2026-01-14 08:18:29.918118
1088.1110500316315,12.786103057938034,2026-01-14 08:18:44.918120
1095.5810921426814,0.6865146816432584,2026-01-14 08:18:59.918122
1103.1727605453034,0.6929353251044645,2026-01-14 08:19:14.918125
1096.0251574811384,0.6479133024125584,2026-01-14 08:19:29.918126
1126.6037169490567,2.789950509730395,2026-01-14 08:19:44.918128
1124.7290719839284,0.16639790344426525,2026-01-14 08:19:59.918130
1141.2003208508766,1.464463689721654,2026-01-14 08:20:14.918131
1138.5004013743949,0.2365859373811551,2026-01-14 08:20:29.918133
1115.359390980754,2.0325869332768987,2026-01-14 08:20:44.918134
1083.359063340789,2.8690597755963285,2026-01-14 08:20:59.918136
1089.249445694205,0.5437146882079531,2026-01-14 08:21:14.918138
1101.3721877614098,1.1129445247941978,2026-01-14 08:21:29.918139
1125.7674488744028,2.2149879381444437,2026-01-14 08:21:44.918141
1249.3982921767777,10.981916685012251,2026-01-14 08:21:59.918143
1248.018748141443,0.11041667368785948,2026-01-14 08:22:14.918145
1242.7354881167607,0.4233317834808164,2026-01-14 08:22:29.918147
1112.4036874752112,10.487493266894155,2026-01-14 08:22:44.918149
1118.092334137498,0.5113832978384303,2026-01-14 08:22:59.918151
1116.6430599441826,0.1296202602474202,2026-01-14 08:23:14.918152
1075.5684962210926,3.6783969019736,2026-01-14 08:23:29.918154
1061.0274476631748,1.351940727997002,2026-01-14 08:23:44.918155
1065.1557353103608,0.38908396349954105,2026-01-14 08:23:59.918157
1223.854407923061,14.89910511221716,2026-01-14 08:24:14.918159
1229.4048622408166,0.453522435497464,2026-01-14 08:24:29.918161
1223.6323692076473,0.4695355623246608,2026-01-14 08:24:44.918163
1194.2812805572983,2.398685208806224,2026-01-14 08:24:59.918164
1232.3219940757083,3.1852390335264005,2026-01-14 08:25:14.918167
1251.924173064346,1.590670221165702,2026-01-14 08:25:29.918169
1280.8693672248783,2.312056495377274,2026-01-14 08:25:44.918170
1285.5253341521363,0.36350052912466885,2026-01-14 08:25:59.918172
1325.0050818855664,3.071098381695357,2026-01-14 08:26:14.918174
1328.383306287592,0.25495935436096245,2026-01-14 08:26:29.918175
1351.362581093213,1.7298677796426838,2026-01-14 08:26:44.918177
1312.233688182733,2.8955140136280892,2026-01-14 08:26:59.918179
1341.54331678869,2.2335677608267184,2026-01-14 08:27:14.918181
1359.207924109941,1.3167377527201705,2026-01-14 08:27:29.918182
1323.918677535937,2.596309655648351,2026-01-14 08:27:44.918184
1352.6014840868531,2.1665081879727164,2026-01-14 08:27:59.918186
1291.026519934948,4.552335989300989,2026-01-14 08:28:14.918188
1281.6011001045288,0.7300717440641241,2026-01-14 08:28:29.918191
1307.2545051249465,2.0016684612962035,2026-01-14 08:28:44.918194
1483.545863251855,13.485618709729263,2026-01-14 08:28:59.918197
1483.2183350761732,0.022077387952404996,2026-01-14 08:29:14.918198
1500.9369821083703,1.1946081445444898,2026-01-14 08:29:29.918200
1500.7974143384638,0.009298709510808745,2026-01-14 08:29:44.918201
1509.8724209948623,0.6046789906283657,2026-01-14 08:29:59.918203
1507.088715115005,0.18436695982718274,2026-01-14 08:30:14.918205
1505.3863757906797,0.11295548213268503,2026-01-14 08:30:29.918206
1480.5192315826241,1.6518778572706678,2026-01-14 08:30:44.918208
1491.3493765164162,0.7315099123849407,2026-01-14 08:30:59.918209
1479.6996890485736,0.781150792113829,2026-01-14 08:31:14.918212
1469.785328158312,0.6700252060360006,2026-01-14 08:31:29.918213
1459.2983066342688,0.7135070219529034,2026-01-14 08:31:44.918215
1441.4474603835931,1.2232486099327329,2026-01-14 08:31:59.918217
1429.3603722209186,0.8385382398507852,2026-01-14 08:32:14.918218
1398.6129252220576,2.151133303848786,2026-01-14 08:32:29.918220
1394.5947209751164,0.2872992358699393,2026-01-14 08:32:44.918221
1392.4620471964604,0.1529242687197844,2026-01-14 08:32:59.918223
1393.342098842247,0.06320112261289376,2026-01-14 08:33:14.918224
1411.1355149106985,1.2770313969007647,2026-01-14 08:33:29.918226
1398.0042556952164,0.9305455838033279,2026-01-14 08:33:44.918228
1386.527762591376,0.820919754506282,2026-01-14 08:33:59.918229
1360.9867977192234,1.8420810286854363,2026-01-14 08:34:14.918231
1348.1964306028594,0.9397862740328158,2026-01-14 08:34:29.918234
1303.8651018442192,3.288195084362968,2026-01-14 08:34:44.918235
1320.5168039825676,1.277103138568243,2026-01-14 08:34:59.918237
1325.1428815449488,0.3503232634699831,2026-01-14 08:35:14.918239
1305.505539242743,1.481903768694812,2026-01-14 08:35:29.918241
1335.3452328122885,2.285681115290713,2026-01-14 08:35:44.918243
1286.1361507531644,3.685120585295219,2026-01-14 08:35:59.918244
1282.530369229876,0.2803576838406134,2026-01-14 08:36:14.918246
1281.6109704558205,0.07168631606030701,2026-01-14 08:36:29.918247
1266.7463663843798,1.1598374556792346,2026-01-14 08:36:44.918249
1302.3137365225568,2.80777360662146,2026-01-14 08:36:59.918251
1295.4611717333619,0.5261838677593034,2026-01-14 08:37:14.918253
1278.47817867997,1.310961179227645,2026-01-14 08:37:29.918254
1278.414972246712,0.004943880491030677,2026-01-14 08:37:44.918256
1269.9677578956093,0.6607568383102875,2026-01-14 08:37:59.918258
1300.1048201574658,2.37305727444567,2026-01-14 08:38:14.918259
1327.3237874206925,2.093597903892846,2026-01-14 08:38:29.918261
1301.2488575835212,1.9644739350178475,2026-01-14 08:38:44.918262
1301.7893494804866,0.04153639742431919,2026-01-14 08:38:59.918264
1304.276394832254,0.19104821780573386,2026-01-14 08:39:14.918265
1295.313865844726,0.6871648542470646,2026-01-14 08:39:29.918267
1283.1510060075366,0.9389893953816004,2026-01-14 08:39:44.918268
1267.2030345173735,1.2428756565281032,2026-01-14 08:39:59.918270
1107.624313131706,12.592987630150734,2026-01-14 08:40:14.918272
1098.5666732324485,0.8177537989977659,2026-01-14 08:40:29.918274
1104.997461763822,0.5853799034747132,2026-01-14 08:40:44.918276
1210.106611842368,9.512162128478398,2026-01-14 08:40:59.918278
1208.5653807482627,0.12736324874374846,2026-01-14 08:41:14.918280
1218.1429582153662,0.7924749144455646,2026-01-14 08:41:29.918281
1221.9344918541424,0.31125522773870395,2026-01-14 08:41:44.918283
1239.0356875890302,1.3995182105825248,2026-01-14 08:41:59.918285
1224.8784364129895,1.142602373591729,2026-01-14 08:42:14.918286
1230.0184675907162,0.4196360246800636,2026-01-14 08:42:29.918288
1179.4470914279511,4.111432266689553,2026-01-14 08:42:44.918289
1152.4797908903734,2.286435799754988,2026-01-14 08:42:59.918291
1166.270415605542,1.1966044718679518,2026-01-14 08:43:14.918293
1214.9699743952303,4.175666135233577,2026-01-14 08:43:29.918295
1185.6101227250624,2.416508414932832,2026-01-14 08:43:44.918299
1174.9046203361177,0.9029530183445769,2026-01-14 08:43:59.918301
1188.3029581916578,1.1403766419530406,2026-01-14 08:44:14.918302
1175.409768619871,1.0850086236768508,2026-01-14 08:44:29.918305
1218.3213007202346,3.6507721176036245,2026-01-14 08:44:44.918307
1221.4230727581664,0.25459392658556057,2026-01-14 08:44:59.918308
1223.060889689298,0.13409087871847414,2026-01-14 08:45:14.918310
1232.0145040782866,0.732066119068124,2026-01-14 08:45:29.918312
1261.2157259311055,2.3702011426128022,2026-01-14 08:45:44.918313
1249.9685310058908,0.891774079086374,2026-01-14 08:45:59.918315
1260.9994130154278,0.8824927776909635,2026-01-14 08:46:14.918316
1271.2793920684942,0.8152247294456664,2026-01-14 08:46:29.918318
1291.014496773764,1.5523813906208985,2026-01-14 08:46:44.918320
1285.7819507514278,0.4053049780163074,2026-01-14 08:46:59.918321
1304.0583820714983,1.4214254064921137,2026-01-14 08:47:14.918323
1290.8271510349307,1.014619530726058,2026-01-14 08:47:29.918324
1247.6425950269997,3.3454948614388336,2026-01-14 08:47:44.918326
1218.0687506196725,2.3703779051152907,2026-01-14 08:47:59.918327
1175.6402081443,3.483263358803658,2026-01-14 08:48:14.918330
1175.9233038108396,0.02408012796589631,2026-01-14 08:48:29.918332
1219.7516101950455,3.727139877419763,2026-01-14 08:48:44.918334
1222.7740518622543,0.24779157018086534,2026-01-14 08:48:59.918336
1233.2092669026683,0.8534050117044624,2026-01-14 08:49:14.918337
1242.6318141040151,0.7640671745041586,2026-01-14 08:49:29.918339
1265.8813383253694,1.8709905828475866,2026-01-14 08:49:44.918341
1375.4802855199327,8.657916336735923,2026-01-14 08:49:59.918343
1352.9624950654006,1.6370856559402056,2026-01-14 08:50:14.918345
1336.381910479384,1.225502158891341,2026-01-14 08:50:29.918346
1366.6463765433602,2.2646569686894353,2026-01-14 08:50:44.918348
1301.9008547711196,4.737547538522776,2026-01-14 08:50:59.918351
1309.7519902694278,0.6030517200703831,2026-01-14 08:51:14.918353
1335.0362605743617,1.930462445774391,2026-01-14 08:51:29.918354
1326.132151628294,0.6669563373684604,2026-01-14 08:51:44.918356
1345.3050450833784,1.4457754780730425,2026-01-14 08:51:59.918357
1364.9510212707883,1.4603361712801861,2026-01-14 08:52:14.918359
1331.5325552539991,2.4483271191427782,2026-01-14 08:52:29.918360
1337.1442523565104,0.42144648137729884,2026-01-14 08:52:44.918362
1340.5658882385626,0.2558913053712949,2026-01-14 08:52:59.918363
1357.367845294868,1.2533480975248557,2026-01-14 08:53:14.918365
1361.0435466911285,0.27079626270814705,2026-01-14 08:53:29.918367
1415.013787348138,3.9653573750978257,2026-01-14 08:53:44.918368
1452.84057872122,2.673245427804118,2026-01-14 08:53:59.918370
1543.1659879440022,6.217159029401959,2026-01-14 08:54:14.918372
1556.8293636792434,0.8854119285926823,2026-01-14 08:54:29.918374
1525.5033455078249,2.0121677366995465,2026-01-14 08:54:44.918375
1568.678784469481,2.830242168186355,2026-01-14 08:54:59.918377
1768.9528737300068,12.767055387203289,2026-01-14 08:55:14.918380
1836.3152475289767,3.80803665260623,2026-01-14 08:55:29.918382
1850.7473816028796,0.7859290006616906,2026-01-14 08:55:44.918383
1880.4795402136706,1.6064947008078825,2026-01-14 08:55:59.918385
1864.0403711089502,0.8742009021194964,2026-01-14 08:56:14.918387
1887.8696990342744,1.2783697335454023,2026-01-14 08:56:29.918388
1800.8460766227513,4.609620169021163,2026-01-14 08:56:44.918391
1738.1567147007468,3.4811060609671958,2026-01-14 08:56:59.918392
1698.9760981105665,2.254147526445905,2026-01-14 08:57:14.918394
1692.3313559142448,0.39110274733772843,2026-01-14 08:57:29.918395
1692.162458165781,0.00998018194685602,2026-01-14 08:57:44.918397
1658.679342330289,1.9787175678029172,2026-01-14 08:57:59.918398
1590.2060232561314,4.128183026501006,2026-01-14 08:58:14.918403
1565.9428465099775,1.5257882558180857,2026-01-14 08:58:29.918405
1400.8906200537751,10.540118167406611,2026-01-14 08:58:44.918407
1411.7475778760975,0.7750039629721843,2026-01-14 08:58:59.918409
1411.7623825388675,0.0010486763357621292,2026-01-14 08:59:14.918411
1415.113680149694,0.23738397143005124,2026-01-14 08:59:29.918412
1398.5028556108086,1.1738155578517202,2026-01-14 08:59:44.918414
1274.7939391731059,8.845810785539785,2026-01-14 08:59:59.918416
1287.6874689960239,1.011420703120163,2026-01-14 09:00:14.918418
1337.3264078116108,3.854890259535501,2026-01-14 09:00:29.918419
1315.1180074614736,1.6606566819000323,2026-01-14 09:00:44.918421
1342.5102506643225,2.082873403560432,2026-01-14 09:00:59.918422
1288.9571538099697,3.9890270355740594,2026-01-14 09:01:14.918424
1266.1903996564404,1.7662925479124048,2026-01-14 09:01:29.918426
1270.0592785743827,0.3055526972082743,2026-01-14 09:01:44.918427
1440.0372031738784,13.38346386400898,2026-01-14 09:01:59.918430
1458.0353039090785,1.2498358164311125,2026-01-14 09:02:14.918431
1429.023193146566,1.9898085241646384,2026-01-14 09:02:29.918433
1439.426110372915,0.7279739948406798,2026-01-14 09:02:44.918434
1422.74315148468,1.1590007134102063,2026-01-14 09:02:59.918436
1407.7089512578389,1.0567051551892948,2026-01-14 09:03:14.918438
1392.3301149190638,1.092472724921829,2026-01-14 09:03:29.918439
1394.3924157179474,0.14811866645600194,2026-01-14 09:03:44.918441
1391.6661314730943,0.1955177189808123,2026-01-14 09:03:59.918442
1384.345657393862,0.526022291818181,2026-01-14 09:04:14.918444
1379.5859437102642,0.343824077330388,2026-01-14 09:04:29.918446
1384.4417828298951,0.35197800773262944,2026-01-14 09:04:44.918447
1389.6906621120324,0.37913326130683,2026-01-14 09:04:59.918449
1375.9903970367805,0.9858499771762408,2026-01-14 09:05:14.918450
1174.9589940493972,14.60994229467792,2026-01-14 09:05:29.918453
1158.4386767076232,1.4060335233349814,2026-01-14 09:05:44.918454
1129.4236250903502,2.5046687581026,2026-01-14 09:05:59.918456
1236.982102568417,9.523306852153226,2026-01-14 09:06:14.918458
1269.7253948832067,2.647030401394078,2026-01-14 09:06:29.918460
1294.7853271227468,1.9736497624232396,2026-01-14 09:06:44.918462
1260.7368679039805,2.629660570407323,2026-01-14 09:06:59.918463
1284.3131781644508,1.8700421047943805,2026-01-14 09:07:14.918465
1242.5111405373773,3.2548165305612877,2026-01-14 09:07:29.918467
1260.6236483248767,1.4577340352591033,2026-01-14 09:07:44.918469
1260.0382477819282,0.04643737595486003,2026-01-14 09:07:59.918471
1300.7735115552914,3.2328593076496097,2026-01-14 09:08:14.918472
1313.8903285830243,1.0083859266206583,2026-01-14 09:08:29.918474
1288.4971503157549,1.9326710696359872,2026-01-14 09:08:44.918475
1290.4456947349029,0.15122613338107826,2026-01-14 09:08:59.918477
1258.9021759410527,2.444389478964491,2026-01-14 09:09:14.918479
1269.3233112884316,0.8277954829642511,2026-01-14 09:09:29.918480
1260.3908092232127,0.703721580292402,2026-01-14 09:09:44.918482
1270.3530153019674,0.7904061189476856,2026-01-14 09:09:59.918484
1301.2327585289297,2.4308001677488154,2026-01-14 09:10:14.918485
1331.8864445263657,2.3557419528917083,2026-01-14 09:10:29.918487
1328.727846054107,0.23715223510529793,2026-01-14 09:10:44.918489
1344.8039896882392,1.20988987187053,2026-01-14 09:10:59.918490
1337.7838488845036,0.5220196294452583,2026-01-14 09:11:14.918492
1341.768271448658,0.2978375443444377,2026-01-14 09:11:29.918493
1311.0951420003557,2.2860228625905457,2026-01-14 09:11:44.918495
1295.3926986565773,1.1976585711255805,2026-01-14 09:11:59.918497
1306.5453877798768,0.8609504388025133,2026-01-14 09:12:14.918498
1272.1785329808927,2.6303605768630307,2026-01-14 09:12:29.918500
1273.9975092460722,0.14298121042157869,2026-01-14 09:12:44.918504
1277.4188957390738,0.2685551948234477,2026-01-14 09:12:59.918505
1289.060656632901,0.9113502964970378,2026-01-14 09:13:14.918507
1259.6859294367252,2.2787699744792653,2026-01-14 09:13:29.918511
1227.7612574666912,2.5343358391174053,2026-01-14 09:13:44.918513
1245.9405133722407,1.4806833001930653,2026-01-14 09:13:59.918514
1249.301663772306,0.2697681280920886,2026-01-14 09:14:14.918516
1243.0266912573447,0.5022784085641699,2026-01-14 09:14:29.918518
1213.9780465386696,2.336928476515002,2026-01-14 09:14:44.918519
1206.687233816082,0.6005720402749769,2026-01-14 09:14:59.918521
1186.9980632995487,1.6316714028926427,2026-01-14 09:15:14.918522
1203.5474723408843,1.3942237610171544,2026-01-14 09:15:29.918524
1179.7290050842403,1.9790218337061083,2026-01-14 09:15:44.918526
1175.7253843773476,0.3393678285130142,2026-01-14 09:15:59.918527
1257.6351925281078,6.966746592286835,2026-01-14 09:16:14.918530
1281.9000426570371,1.9294029201069016,2026-01-14 09:16:29.918532
1302.3247454549924,1.5933147763705675,2026-01-14 09:16:44.918533
1272.503751484352,2.2898277925466197,2026-01-14 09:16:59.918535
1442.0239041742159,13.321780190598396,2026-01-14 09:17:14.918537
1440.7714002659648,0.08685736100667735,2026-01-14 09:17:29.918539
1458.4601412242869,1.2277271019578095,2026-01-14 09:17:44.918541
1461.388313254999,0.2007714813689998,2026-01-14 09:17:59.918542
1471.1790245131153,0.6699595972756287,2026-01-14 09:18:14.918544
1667.2576865364458,13.327994673403019,2026-01-14 09:18:29.918546
1661.923986414123,0.31990856394868716,2026-01-14 09:18:44.918548
1833.7084593931206,10.336481956052111,2026-01-14 09:18:59.918550
1795.0586548465224,2.10773988354669,2026-01-14 09:19:14.918552
1808.549418441235,0.7515500152760175,2026-01-14 09:19:29.918554
1780.268637245976,1.563727311340708,2026-01-14 09:19:44.918555
1814.3944330677944,1.9168902438572477,2026-01-14 09:19:59.918557
1825.6229145315895,0.6188555949661837,2026-01-14 09:20:14.918558
1772.779768278843,2.894526894471236,2026-01-14 09:20:29.918560
1795.855112455895,1.3016475362563327,2026-01-14 09:20:44.918562
1803.479384951625,0.4245483080928245,2026-01-14 09:20:59.918563
1822.778406764152,1.0700993853081686,2026-01-14 09:21:14.918565
1824.0639361765745,0.07052581968561762,2026-01-14 09:21:29.918568
1742.370578117032,4.4786455364486955,2026-01-14 09:21:44.918571
1729.0451654860424,0.7647863662499623,2026-01-14 09:21:59.918572
1664.6050809021078,3.7269173686287216,2026-01-14 09:22:14.918574
1906.3474216250677,14.522504075978855,2026-01-14 09:22:29.918576
1858.2554140182522,2.5227304876998438,2026-01-14 09:22:44.918578
1809.2365223258591,2.637898499991221,2026-01-14 09:22:59.918580
1801.0851748521557,0.4505407321329429,2026-01-14 09:23:14.918581
1779.3428280844773,1.2071803749904872,2026-01-14 09:23:29.918583
1727.7326788310027,2.90051745166134,2026-01-14 09:23:44.918585
1696.4418203117061,1.8110937474695616,2026-01-14 09:23:59.918586
1692.2247275424913,0.24858457971992265,2026-01-14 09:24:14.918588
1918.0006851179423,13.34196066874231,2026-01-14 09:24:29.918590
1894.2486006999852,1.2383772645261915,2026-01-14 09:24:44.918592
1927.4103466366462,1.750654371575454,2026-01-14 09:24:59.918593
1974.278467746165,2.431662836681573,2026-01-14 09:25:14.918595
1958.9521345963326,0.7763004763623362,2026-01-14 09:25:29.918596
1941.3531712198067,0.8983865948390035,2026-01-14 09:25:44.918598
1926.9104050061153,0.7439535694897059,2026-01-14 09:25:59.918600
2000.0,11.513576548902769,2026-01-14 09:26:14.918602
2000.0,14.847234679393058,2026-01-14 09:26:29.918605
1994.9565531312412,0.2521723434379405,2026-01-14 09:26:44.918607
2000.0,1.193859757271211,2026-01-14 09:26:59.918608
2000.0,1.5727964077614007,2026-01-14 09:27:14.918610
1978.8436779101066,1.0578161044946717,2026-01-14 09:27:29.918612
1957.958366212516,1.0554300943896695,2026-01-14 09:27:44.918613
1933.2848578589903,1.2601651178750075,2026-01-14 09:27:59.918615
1797.3362913551764,7.031998722338818,2026-01-14 09:28:14.918617
1801.7765520905784,0.24704674115571085,2026-01-14 09:28:29.918619
2000.0,13.6695449468926,2026-01-14 09:28:44.918621
2000.0,9.285482241746344,2026-01-14 09:28:59.918624
1974.4833062401342,1.2758346879932934,2026-01-14 09:29:14.918625
1977.58527772116,0.15710294795719576,2026-01-14 09:29:29.918628
2000.0,1.3261512548387693,2026-01-14 09:29:44.918630
1971.47948625784,1.4260256871079906,2026-01-14 09:29:59.918632
1992.0250930603195,1.0421415462698094,2026-01-14 09:30:14.918633
1960.327189109935,1.5912401937511444,2026-01-14 09:30:29.918635
1957.4728705931,0.14560418958076937,2026-01-14 09:30:44.918637
1992.8726344123697,1.808442116929256,2026-01-14 09:30:59.918639
2000.0,0.5147025765253106,2026-01-14 09:31:14.918640
1950.8181119700782,2.4590944014960847,2026-01-14 09:31:29.918642
2000.0,8.922780648207844,2026-01-14 09:31:44.918644
2000.0,0.6938228289713108,2026-01-14 09:31:59.918646
2000.0,11.01882602879407,2026-01-14 09:32:14.918649
2000.0,0.753624948280541,2026-01-14 09:32:29.918650
2000.0,1.2861688975761087,2026-01-14 09:32:44.918652
1980.5242602528897,0.973786987355519,2026-01-14 09:32:59.918654
2000.0,11.155305832356959,2026-01-14 09:33:14.918656
2000.0,0.720843161116121,2026-01-14 09:33:29.918658
1988.8902989420812,0.5554850528959449,2026-01-14 09:33:44.918659
1964.0224381911455,1.2503384809189002,2026-01-14 09:33:59.918661
1976.3442992276027,0.6273788321790006,2026-01-14 09:34:14.918662
1988.2145796975158,0.6006180438576554,2026-01-14 09:34:29.918664
2000.0,1.2266290438140748,2026-01-14 09:34:44.918666
2000.0,3.9544058105000524,2026-01-14 09:34:59.918668
1955.3182082105207,2.2340895894739594,2026-01-14 09:35:14.918670
1999.1701417553236,2.2427006182761176,2026-01-14 09:35:29.918671
2000.0,0.32044563664276515,2026-01-14 09:35:44.918673
2000.0,0.8070335321952657,2026-01-14 09:35:59.918675
2000.0,0.07193107542465847,2026-01-14 09:36:14.918676
2000.0,0.263318744835762,2026-01-14 09:36:29.918678
2000.0,0.6127685225661392,2026-01-14 09:36:44.918680
1989.111281630939,0.544435918453061,2026-01-14 09:36:59.918681
1994.321935744669,0.261958904051742,2026-01-14 09:37:14.918683
1979.9588730077305,0.7201978015437761,2026-01-14 09:37:29.918685
2000.0,14.204669075321906,2026-01-14 09:37:44.918688
2000.0,7.48955495228774,2026-01-14 09:37:59.918690
2000.0,0.19170404605017402,2026-01-14 09:38:14.918692
1996.06884779003,0.19655761049849385,2026-01-14 09:38:29.918694
1935.1316531588113,3.052860360938256,2026-01-14 09:38:44.918695
1885.7569561961755,2.5514903279081302,2026-01-14 09:38:59.918697
1843.9957193544185,2.2145609329208114,2026-01-14 09:39:14.918699
1832.752152485779,0.6097393150443928,2026-01-14 09:39:29.918701
1850.583997065384,0.9729545020814416,2026-01-14 09:39:44.918703
1877.9904678022524,1.4809633488849376,2026-01-14 09:39:59.918704
1909.5929117425098,1.6827797841402727,2026-01-14 09:40:14.918706
1947.1319897149122,1.9658157370383194,2026-01-14 09:40:29.918707
1743.3010872733205,10.468263246572993,2026-01-14 09:40:44.918710
1740.3046063465526,0.1718854504619532,2026-01-14 09:40:59.918711
1756.83578161618,0.9499012534553639,2026-01-14 09:41:14.918713
1780.4974223081385,1.3468328081405128,2026-01-14 09:41:29.918715
1774.9805376442566,0.3098507526469935,2026-01-14 09:41:44.918716
1776.9562564232697,0.11130932070023303,2026-01-14 09:41:59.918718
1770.8416805708475,0.3441039040955284,2026-01-14 09:42:14.918719
1756.6093764137559,0.8037027992532852,2026-01-14 09:42:29.918722
1590.8867280861225,9.434234528906366,2026-01-14 09:42:44.918724
1722.8970067271543,8.297905583752254,2026-01-14 09:42:59.918727
1734.7831618555929,0.6898935387332165,2026-01-14 09:43:14.918728
1750.5917462354676,0.9112714907242565,2026-01-14 09:43:29.918730
1783.394380788664,1.8738026512313004,2026-01-14 09:43:44.918732
1796.5399029414111,0.7371068505292462,2026-01-14 09:43:59.918733
1806.644845375661,0.5624669075095633,2026-01-14 09:44:14.918735
1786.1195663792457,1.1360992753474637,2026-01-14 09:44:29.918737
1766.2713374900613,1.1112486119515537,2026-01-14 09:44:44.918738
1765.8927628912925,0.02143354708495324,2026-01-14 09:44:59.918740
1749.083096304509,0.9519075529400352,2026-01-14 09:45:14.918741
1775.2078973838102,1.493628355022034,2026-01-14 09:45:29.918743
1770.600304136026,0.25955231804537676,2026-01-14 09:45:44.918745
1752.3234677872404,1.0322395351504088,2026-01-14 09:45:59.918746
1779.2265795412686,1.5352822836984903,2026-01-14 09:46:14.918748
1928.6020748662556,8.395529666800496,2026-01-14 09:46:29.918750
1896.9644490485807,1.6404434190950925,2026-01-14 09:46:44.918752
1889.471764729863,0.3949828539209459,2026-01-14 09:46:59.918754
1686.8233914940622,10.725133712954603,2026-01-14 09:47:14.918756
1676.6192190119784,0.6049342529596805,2026-01-14 09:47:29.918758
1689.819798224254,0.7873331679959257,2026-01-14 09:47:44.918759
1734.979178486462,2.672437635638051,2026-01-14 09:47:59.918761
1712.173258846649,1.314478001961272,2026-01-14 09:48:14.918762
1713.1404715089302,0.0564903497519066,2026-01-14 09:48:29.918764
1708.5403818226293,0.26851795067622813,2026-01-14 09:48:44.918766
1689.783758492681,1.0978156284453258,2026-01-14 09:48:59.918767
1714.8487283210595,1.4833241059635274,2026-01-14 09:49:14.918769
1730.881958760435,0.9349647099819056,2026-01-14 09:49:29.918771
1738.0351026876829,0.41326584352237966,2026-01-14 09:49:44.918772
1717.2166058435275,1.1978179734092738,2026-01-14 09:49:59.918774
1763.8900412228697,2.717970186202307,2026-01-14 09:50:14.918775
1877.1777834861734,6.422607963972833,2026-01-14 09:50:29.918778
1887.2561368767476,0.536888593037653,2026-01-14 09:50:44.918780
1890.498443850757,0.17180004932319595,2026-01-14 09:50:59.918781
1917.4421718660842,1.4252182064982477,2026-01-14 09:51:14.918783
1928.9854698040897,0.6020154405371847,2026-01-14 09:51:29.918784
1992.1358348648341,3.273760536265631,2026-01-14 09:51:44.918786
1961.3102347480528,1.5473643703052369,2026-01-14 09:51:59.918787
1945.7384639900504,0.7939473563193298,2026-01-14 09:52:14.918789
2000.0,4.447515527581084,2026-01-14 09:52:29.918791
1997.1011328013033,0.14494335993483132,2026-01-14 09:52:44.918792
1963.3153575062936,1.691740830751959,2026-01-14 09:52:59.918794
1979.93317443339,0.8464160820401045,2026-01-14 09:53:14.918796
2000.0,1.636569153247001,2026-01-14 09:53:29.918797
1996.6779971275791,0.1661001436210438,2026-01-14 09:53:44.918799
1940.840950998689,2.796497292463642,2026-01-14 09:53:59.918800
1914.592996258337,1.3524011190533587,2026-01-14 09:54:14.918802
1650.4418799087637,13.796724257625526,2026-01-14 09:54:29.918804
1689.396636676807,2.360262257171801,2026-01-14 09:54:44.918807
1686.7259052113063,0.15808788815598945,2026-01-14 09:54:59.918808
1889.4881694995806,12.021055920337755,2026-01-14 09:55:14.918811
1939.9610054465763,2.671243819449964,2026-01-14 09:55:29.918813
1963.2550360558946,1.2007473626489586,2026-01-14 09:55:44.918815
1968.5344626055587,0.2689119066400261,2026-01-14 09:55:59.918816
2000.0,2.065205239318394,2026-01-14 09:56:14.918818
2000.0,1.1655241436359336,2026-01-14 09:56:29.918820
2000.0,0.48570019140891785,2026-01-14 09:56:44.918821
1991.2553006301955,0.4372349684902354,2026-01-14 09:56:59.918823
1986.5739470867381,0.23509559733378876,2026-01-14 09:57:14.918825
2000.0,1.59360226481268,2026-01-14 09:57:29.918826
1965.3329585568285,1.733352072158576,2026-01-14 09:57:44.918828
1974.743660890192,0.4788350132933199,2026-01-14 09:57:59.918829
1831.456319723776,7.255997018966173,2026-01-14 09:58:14.918832
1861.8874440111113,1.6615806754225506,2026-01-14 09:58:29.918833
1842.1119967560637,1.0621182992912122,2026-01-14 09:58:44.918835
1816.5745446982244,1.3863137584908216,2026-01-14 09:58:59.918837
1759.4843973557226,3.1427362840199784,2026-01-14 09:59:14.918839
1766.1926223200583,0.38126083836930313,2026-01-14 09:59:29.918841
1783.3844996156931,0.9733863157604934,2026-01-14 09:59:44.918842
1746.1475292467492,2.0879945057820155,2026-01-14 09:59:59.918844
1768.3344030521816,1.2706185149775517,2026-01-14 10:00:14.918846
1800.7612594355403,1.8337513723303207,2026-01-14 10:00:29.918847
1810.5571023615364,0.5439834333767534,2026-01-14 10:00:44.918849
1650.779716444535,8.824763698896952,2026-01-14 10:00:59.918851
1682.9386841336743,1.9481077559156947,2026-01-14 10:01:14.918853
1684.1601219431677,0.07257767742870516,2026-01-14 10:01:29.918854
1451.4143503266785,13.81969377994471,2026-01-14 10:01:44.918857
1436.4456938504673,1.0313151770093871,2026-01-14 10:01:59.918858
1432.3519445606091,0.2849915807735692,2026-01-14 10:02:14.918860
1441.9857351953508,0.6725854404237921,2026-01-14 10:02:29.918862
1444.9996856799555,0.2090138904318965,2026-01-14 10:02:44.918863
1425.3794173650847,1.3578043309842265,2026-01-14 10:02:59.918866
1435.05492617171,0.678802337732002,2026-01-14 10:03:14.918867
1416.3030541801618,1.3067006460562751,2026-01-14 10:03:29.918869
1424.8728920116946,0.6050850350311163,2026-01-14 10:03:44.918870
1404.814929732567,1.407701865308773,2026-01-14 10:03:59.918872
1418.3910926710168,0.9664022392639526,2026-01-14 10:04:14.918874
1245.5888104317075,12.182978526317449,2026-01-14 10:04:29.918876
1265.6381942825917,1.6096310181154698,2026-01-14 10:04:44.918878
1262.5254670087063,0.24594131940288189,2026-01-14 10:04:59.918879
1261.9405206108343,0.04633145335737011,2026-01-14 10:05:14.918881
1299.863232756984,3.0051109007731567,2026-01-14 10:05:29.918883
1327.3981368160144,2.11829239916489,2026-01-14 10:05:44.918885
1331.3318677248096,0.2963489852585731,2026-01-14 10:05:59.918887
1340.3029496942615,0.6738426523796182,2026-01-14 10:06:14.918888
1318.397177040099,1.634389647441979,2026-01-14 10:06:29.918890
1350.6542528257821,2.446688778422808,2026-01-14 10:06:44.918891
1371.0182541951954,1.5077138599170268,2026-01-14 10:06:59.918893
1365.8279894964303,0.3785700651966746,2026-01-14 10:07:14.918894
1377.391150469731,0.8466044818398992,2026-01-14 10:07:29.918896
1384.7371348325917,0.5333259445115291,2026-01-14 10:07:44.918898
1406.4827725020014,1.570380191475018,2026-01-14 10:07:59.918899
1418.507151786675,0.8549254580120735,2026-01-14 10:08:14.918901
1445.9500846801352,1.934634792563061,2026-01-14 10:08:29.918902
1440.2805160257717,0.39209988743268415,2026-01-14 10:08:44.918904
1412.6698506363068,1.9170338751545641,2026-01-14 10:08:59.918906
1377.8389063686877,2.4656110733820866,2026-01-14 10:09:14.918908
1345.747789893557,2.3290906017240562,2026-01-14 10:09:29.918909
1339.6205466674019,0.4553039783657968,2026-01-14 10:09:44.918911
1343.0304260305522,0.25454068852802925,2026-01-14 10:09:59.918912
1328.9262722386331,1.0501738098075124,2026-01-14 10:10:14.918914
1284.093036211735,3.3736435920839085,2026-01-14 10:10:29.918916
1291.443872435307,0.5724535540865414,2026-01-14 10:10:44.918918
1278.213178536023,1.024488495526684,2026-01-14 10:10:59.918920
1256.0346928461704,1.735116337577923,2026-01-14 10:11:14.918921
1227.156021333787,2.2991937783935184,2026-01-14 10:11:29.918923
1270.0197038974395,3.492928512632349,2026-01-14 10:11:44.918925
1283.8340523802938,1.0877270990726124,2026-01-14 10:11:59.918926
1278.967955018222,0.3790285320014459,2026-01-14 10:12:14.918928
1110.246780039366,13.191978291313175,2026-01-14 10:12:29.918930
1060.826149922439,4.4513193828109685,2026-01-14 10:12:44.918933
1067.06515275374,0.588126794551304,2026-01-14 10:12:59.918935
1053.1307872274215,1.3058589243926342,2026-01-14 10:13:14.918936
1037.5822741058514,1.4764085629387553,2026-01-14 10:13:29.918938
1007.8228089128002,2.8681547416272903,2026-01-14 10:13:44.918939
1013.8219547963143,0.595257998773208,2026-01-14 10:13:59.918941
1004.647014652298,0.9049853478325685,2026-01-14 10:14:14.918942
980.7342298589796,2.380217573392634,2026-01-14 10:14:29.918944
966.4763213579691,1.453799415470649,2026-01-14 10:14:44.918946
974.4647889300049,0.8265559533638062,2026-01-14 10:14:59.918947
976.8104651277262,0.24071431049826852,2026-01-14 10:15:14.918949
963.0780526330444,1.4058420732507342,2026-01-14 10:15:29.918951
958.3240046787511,0.49363059840225887,2026-01-14 10:15:44.918954
950.0014888995582,0.8684448827912562,2026-01-14 10:15:59.918956
950.9090499314782,0.09553259047742396,2026-01-14 10:16:14.918958
979.896129738625,3.048354604389935,2026-01-14 10:16:29.918960
975.7226275153033,0.42591271632380223,2026-01-14 10:16:44.918962
981.5944123671007,0.601788324490335,2026-01-14 10:16:59.918963
998.5183721080233,1.7241295923955722,2026-01-14 10:17:14.918965
954.6099383906765,4.397358620918457,2026-01-14 10:17:29.918968
950.3012488799156,0.4513560290420387,2026-01-14 10:17:44.918970
961.7462250366889,1.204352427218529,2026-01-14 10:17:59.918971
953.6610916263313,0.8406722272342864,2026-01-14 10:18:14.918973
957.0867966895867,0.35921619255884485,2026-01-14 10:18:29.918974
945.8599153636467,1.1730264553614111,2026-01-14 10:18:44.918976
953.299520919694,0.7865441208793658,2026-01-14 10:18:59.918977
872.28997705897,8.49780599727673,2026-01-14 10:19:14.918980
862.6741522301915,1.1023656217166993,2026-01-14 10:19:29.918982
878.5204123536428,1.8368766564392145,2026-01-14 10:19:44.918983
899.9132176135095,2.435094843448568,2026-01-14 10:19:59.918985
919.6144813841175,2.1892404050752825,2026-01-14 10:20:14.918986
896.3669362103094,2.5279664081429107,2026-01-14 10:20:29.918988
798.6019206717345,10.906807423298005,2026-01-14 10:20:44.918990
781.4046013682781,2.1534282423201603,2026-01-14 10:20:59.918992
758.9809489151465,2.8696596377685375,2026-01-14 10:21:14.918994
762.4269351162018,0.4540280234939788,2026-01-14 10:21:29.918995
756.3181987789507,0.8012225245321452,2026-01-14 10:21:44.918997
743.8301077122272,1.6511689242550274,2026-01-14 10:21:59.918999
735.8938277221594,1.0669479371408066,2026-01-14 10:22:14.919000
727.5152300207747,1.1385606708129723,2026-01-14 10:22:29.919002
727.8803565028948,0.050188156488453844,2026-01-14 10:22:44.919003
739.1377131240528,1.54659437098208,2026-01-14 10:22:59.919005
740.3411329040931,0.1628140140426576,2026-01-14 10:23:14.919006
727.319236549617,1.7589048852919742,2026-01-14 10:23:29.919008
713.8623603836468,1.8502021519201586,2026-01-14 10:23:44.919010
748.5216322041831,4.855175695481357,2026-01-14 10:23:59.919012
745.5968000726449,0.390747842908084,2026-01-14 10:24:14.919014
764.9096268778768,2.590250763328141,2026-01-14 10:24:29.919015
753.5427746977226,1.486038582956555,2026-01-14 10:24:44.919017
760.6571255855431,0.9441203773301814,2026-01-14 10:24:59.919018
778.7242349056517,2.375197538076141,2026-01-14 10:25:14.919020
775.1407750048095,0.46017058930705573,2026-01-14 10:25:29.919022
768.932954286157,0.8008636519751999,2026-01-14 10:25:44.919023
752.7029630884037,2.1107160393223747,2026-01-14 10:25:59.919025
849.1244312278737,12.81002903772886,2026-01-14 10:26:14.919027
850.0820791228629,0.11278063140927924,2026-01-14 10:26:29.919029
865.7284781153718,1.840575089955228,2026-01-14 10:26:44.919031
858.8787998936002,0.7912039854207845,2026-01-14 10:26:59.919032
863.5383451681745,0.5425148781354827,2026-01-14 10:27:14.919034
849.6708562203786,1.605891507353403,2026-01-14 10:27:29.919035
838.3309862385225,1.3346191526798532,2026-01-14 10:27:44.919037
839.4273522018971,0.13077960630964533,2026-01-14 10:27:59.919039
848.3431928521437,1.0621336827850147,2026-01-14 10:28:14.919040
875.7753434228042,3.2336147448101853,2026-01-14 10:28:29.919042
860.9118635568744,1.697179530978645,2026-01-14 10:28:44.919044
860.1276114797953,0.09109551282509187,2026-01-14 10:28:59.919046
950.8087043356985,10.542748732352873,2026-01-14 10:29:14.919048
944.5535163359028,0.6578808093859434,2026-01-14 10:29:29.919050
1048.8482885914866,11.041700703223512,2026-01-14 10:29:44.919053
1067.1974081977694,1.7494541208551841,2026-01-14 10:29:59.919054
1059.0794019678237,0.7606845900848853,2026-01-14 10:30:14.919056
1055.3246254636965,0.3545321056334938,2026-01-14 10:30:29.919057
1038.9157641032955,1.5548638745344459,2026-01-14 10:30:44.919059
1082.853198139032,4.229162320359961,2026-01-14 10:30:59.919061
1104.1811047612457,1.9696027733830723,2026-01-14 10:31:14.919063
1145.006174427185,3.697316453786525,2026-01-14 10:31:29.919065
1139.851237244829,0.4502104265887371,2026-01-14 10:31:44.919066
1096.6670846031673,3.7885779504037322,2026-01-14 10:31:59.919068
1097.7191741488002,0.09593518036639948,2026-01-14 10:32:14.919069
1106.0798041066312,0.7616365054672503,2026-01-14 10:32:29.919071
1106.9755365961094,0.08098262766868944,2026-01-14 10:32:44.919073
1059.0168530880596,4.332406807789087,2026-01-14 10:32:59.919074
1063.675510280474,0.4399039712002545,2026-01-14 10:33:14.919076
1072.293080243602,0.81016906752469,2026-01-14 10:33:29.919078
1051.6648642908433,1.9237479316822834,2026-01-14 10:33:44.919079
1040.8011648498475,1.0330001324444147,2026-01-14 10:33:59.919081
902.7224126795792,13.266583170109001,2026-01-14 10:34:14.919083
901.8739850994657,0.09398543430366682,2026-01-14 10:34:29.919085
831.3059814582625,7.824596873522232,2026-01-14 10:34:44.919087
826.7268461493669,0.5508363239324894,2026-01-14 10:34:59.919089
817.9624243760209,1.0601351358272666,2026-01-14 10:35:14.919091
818.154891512722,0.023530070693403207,2026-01-14 10:35:29.919092
895.217785048497,9.419108085180564,2026-01-14 10:35:44.919103
885.4321816230771,1.0930975220616048,2026-01-14 10:35:59.919105
892.0666406459666,0.7492904776431126,2026-01-14 10:36:14.919107
922.6914945152516,3.433023103196508,2026-01-14 10:36:29.919109
920.9129031217432,0.1927612212837087,2026-01-14 10:36:44.919110
934.5797493467679,1.484054157423197,2026-01-14 10:36:59.919112
951.5116611581706,1.8117139626915033,2026-01-14 10:37:14.919113
946.9922182279486,0.474975043891842,2026-01-14 10:37:29.919116
946.5676275351792,0.04483571085344951,2026-01-14 10:37:44.919118
944.092631881855,0.2614705575521219,2026-01-14 10:37:59.919119
956.315330343404,1.2946503392559465,2026-01-14 10:38:14.919121
944.8906110206727,1.1946602715893693,2026-01-14 10:38:29.919122
930.8007863312923,1.491159349563289,2026-01-14 10:38:44.919124
930.368815688081,0.04640849573343616,2026-01-14 10:38:59.919126
913.7190290286603,1.7895899323653546,2026-01-14 10:39:14.919127
913.169584475764,0.06013276898483008,2026-01-14 10:39:29.919129
881.628291679022,3.4540454843170747,2026-01-14 10:39:44.919130
875.7441401231939,0.6674186401870074,2026-01-14 10:39:59.919132
879.4864999332004,0.42733483885829837,2026-01-14 10:40:14.919134
955.1847964321962,8.607101587658853,2026-01-14 10:40:29.919136
958.1519900617864,0.3106407933494273,2026-01-14 10:40:44.919138
935.1687529587421,2.398704729670519,2026-01-14 10:40:59.919140
929.463432183159,0.6100846245698759,2026-01-14 10:41:14.919141
928.2317631173972,0.13251398851364254,2026-01-14 10:41:29.919143
941.0601526138123,1.3820244044797443,2026-01-14 10:41:44.919145
944.9638159943682,0.41481550033899994,2026-01-14 10:41:59.919146
956.2962839765072,1.199248880256222,2026-01-14 10:42:14.919148
939.2078889764255,1.7869352089317092,2026-01-14 10:42:29.919149
940.0910082656219,0.09402809533030981,2026-01-14 10:42:44.919151
936.8620373286132,0.34347429223536985,2026-01-14 10:42:59.919153
938.1274030735738,0.1350642564799294,2026-01-14 10:43:14.919154
926.8347967166749,1.2037390998174708,2026-01-14 10:43:29.919156
944.8915496702438,1.9482169872705781,2026-01-14 10:43:44.919157
954.5332047966867,1.0203980689432206,2026-01-14 10:43:59.919159
971.1107954724619,1.7367222630360142,2026-01-14 10:44:14.919161
975.2265114983592,0.4238152891601897,2026-01-14 10:44:29.919162
964.8717610494338,1.0617790151147748,2026-01-14 10:44:44.919164
973.6588158654483,0.9106966511754276,2026-01-14 10:44:59.919165
992.8081369954075,1.9667383294771579,2026-01-14 10:45:14.919167
996.9954973560764,0.4217693434041794,2026-01-14 10:45:29.919168
983.1529000638171,1.3884312746615497,2026-01-14 10:45:44.919170
974.5499488312571,0.8750369583410222,2026-01-14 10:45:59.919172
1061.883518888898,8.961425749637236,2026-01-14 10:46:14.919174
1062.4982210682335,0.05788791034054955,2026-01-14 10:46:29.919176
1094.9729233926923,3.056447689089662,2026-01-14 10:46:44.919178
1107.2224060348453,1.1187018765906056,2026-01-14 10:46:59.919180
1117.0782771891659,0.8901437597904136,2026-01-14 10:47:14.919181
1126.4084641719053,0.8352312611624972,2026-01-14 10:47:29.919183
1122.8540232637201,0.3155552378415686,2026-01-14 10:47:44.919185
1093.5857705616538,2.6065946325769382,2026-01-14 10:47:59.919186
1061.6331051684588,2.9218252699817446,2026-01-14 10:48:14.919188
979.0463447094377,7.7792186450248515,2026-01-14 10:48:29.919190
982.1372509247542,0.31570581229572686,2026-01-14 10:48:44.919192
979.7128980922926,0.24684460651289125,2026-01-14 10:48:59.919193
984.1822430730821,0.45618925600471394,2026-01-14 10:49:14.919195
988.1076315074757,0.39884771972077243,2026-01-14 10:49:29.919197
914.6638698851133,7.432769394799152,2026-01-14 10:49:44.919199
931.3162142925863,1.8205971565887629,2026-01-14 10:49:59.919201
929.3598516119425,0.21006427791335708,2026-01-14 10:50:14.919202
914.8785409210425,1.558202742003834,2026-01-14 10:50:29.919204
921.7799327511892,0.7543506073712039,2026-01-14 10:50:44.919205
1042.7325955077554,13.121641994913567,2026-01-14 10:50:59.919208
1041.2565280099004,0.14155762505307173,2026-01-14 10:51:14.919209
1039.9149744051908,0.12883987457668744,2026-01-14 10:51:29.919211
1040.3904055970995,0.04571827539849723,2026-01-14 10:51:44.919213
1017.1074648088146,2.237904219707062,2026-01-14 10:51:59.919214
1052.2039288592587,3.4506151281704556,2026-01-14 10:52:14.919216
1069.1775522726225,1.613149594657557,2026-01-14 10:52:29.919218
1098.227775063559,2.717062542997472,2026-01-14 10:52:44.919219
1143.131460195868,4.088740619377443,2026-01-14 10:52:59.919222
1153.8234349252696,0.9353232853524558,2026-01-14 10:53:14.919223
1149.4884965289398,0.37570205848786575,2026-01-14 10:53:29.919225
1149.1501419609256,0.02943522871571187,2026-01-14 10:53:44.919226
1171.3514206001157,1.9319737107029074,2026-01-14 10:53:59.919228
1163.9224997311517,0.6342179416283149,2026-01-14 10:54:14.919230
1176.4900220160127,1.0797559363070857,2026-01-14 10:54:29.919231
1202.0169837277333,2.1697559039198664,2026-01-14 10:54:44.919233
1207.0290892028747,0.41697459711406276,2026-01-14 10:54:59.919234
1233.3690707196802,2.182215967487614,2026-01-14 10:55:14.919236
1206.54594704702,2.1747848482213588,2026-01-14 10:55:29.919237
1186.5237722633299,1.659462271842513,2026-01-14 10:55:44.919239
1171.9796225261348,1.2257781999134931,2026-01-14 10:55:59.919241
1135.1656219851309,3.1411809414956657,2026-01-14 10:56:14.919242
1166.8518408319308,2.791330025603525,2026-01-14 10:56:29.919245
1196.2756257662065,2.5216384723957312,2026-01-14 10:56:44.919246
1182.8012756693886,1.1263583246701712,2026-01-14 10:56:59.919248
1203.4982030924575,1.749822886465509,2026-01-14 10:57:14.919250
1193.1541756622196,0.859496707486419,2026-01-14 10:57:29.919251
1232.7833274300012,3.321377285193414,2026-01-14 10:57:44.919253
1227.3094508927359,0.4440258409948468,2026-01-14 10:57:59.919254
1261.5756042464702,2.791973395854592,2026-01-14 10:58:14.919256
1297.2772094282775,2.8299219691341153,2026-01-14 10:58:29.919258
1285.1193308293791,0.9371843204010788,2026-01-14 10:58:44.919259
1301.0776232496332,1.2417751439436269,2026-01-14 10:58:59.919261
1322.855751120213,1.6738530800480422,2026-01-14 10:59:14.919262
1309.972480560781,0.9738983671138867,2026-01-14 10:59:29.919264
1255.473115207951,4.160344294370173,2026-01-14 10:59:44.919266
1270.5564314785477,1.2014049594441933,2026-01-14 10:59:59.919267
1254.4852787155792,1.264890906440614,2026-01-14 11:00:14.919269
1251.9403753912604,0.20286434344804716,2026-01-14 11:00:29.919270
1255.505547961286,0.28477175431869645,2026-01-14 11:00:44.919272
1266.3673922403386,0.865137099289608,2026-01-14 11:00:59.919274
1259.72633014136,0.5244182801667054,2026-01-14 11:01:14.919275
1264.6706861862922,0.3924944590447186,2026-01-14 11:01:29.919277
1287.4089852824002,1.7979620579865767,2026-01-14 11:01:44.919278
1249.9963204727103,2.9060434747146897,2026-01-14 11:01:59.919280
1223.5434390010712,2.116236747131813,2026-01-14 11:02:14.919282
1201.988203391188,1.7617057901500752,2026-01-14 11:02:29.919285
1192.472479918492,0.7916652963689089,2026-01-14 11:02:44.919286
1206.2712764354274,1.1571584878737362,2026-01-14 11:02:59.919288
1224.9617975210842,1.5494459207292088,2026-01-14 11:03:14.919289
1221.3797910270553,0.2924178126434376,2026-01-14 11:03:29.919291
1217.8601826656518,0.28816657908216003,2026-01-14 11:03:44.919292
1243.261697429328,2.08574967186112,2026-01-14 11:03:59.919294
1247.0975273044037,0.3085295624410263,2026-01-14 11:04:14.919296
1240.0179906205628,0.5676810777696895,2026-01-14 11:04:29.919297
1256.7615254982738,1.3502654803686995,2026-01-14 11:04:44.919299
1271.4299908146731,1.1671637791890261,2026-01-14 11:04:59.919301
1278.9691154080112,0.5929641936877257,2026-01-14 11:05:14.919302
1267.9679764576206,0.860156732313357,2026-01-14 11:05:29.919304
1104.0037469269723,12.931259509307365,2026-01-14 11:05:44.919306
1087.8349175584171,1.4645629069250574,2026-01-14 11:05:59.919308
1073.272248191947,1.3386837590353553,2026-01-14 11:06:14.919310
992.6307142452258,7.513614004514817,2026-01-14 11:06:29.919312
988.1068367705315,0.4557462719793238,2026-01-14 11:06:44.919314
1011.3486627970372,2.352157192077315,2026-01-14 11:06:59.919315
1003.3679380809702,0.7891170483179382,2026-01-14 11:07:14.919317
1003.1569367530549,0.021029307386383048,2026-01-14 11:07:29.919318
894.5888842243073,10.822638866472145,2026-01-14 11:07:44.919321
870.9337290523794,2.644248725764043,2026-01-14 11:07:59.919322
745.9956893948025,14.345298096735315,2026-01-14 11:08:14.919325
734.507645954753,1.5399611021035964,2026-01-14 11:08:29.919327
747.7658431935323,1.8050455038552577,2026-01-14 11:08:44.919329
647.3239638648483,13.432263621419287,2026-01-14 11:08:59.919331
655.9133714699835,1.3269101847940394,2026-01-14 11:09:14.919333
608.0048151918496,7.3040981266725655,2026-01-14 11:09:29.919336
599.621825936286,1.378770208081075,2026-01-14 11:09:44.919337
587.6309726231691,1.9997359659804825,2026-01-14 11:09:59.919339
606.7631686663984,3.2558181808939963,2026-01-14 11:10:14.919341
628.7412622365966,3.622186497987947,2026-01-14 11:10:29.919343
624.7164651115407,0.6401356753235311,2026-01-14 11:10:44.919344
619.6390665389891,0.8127524815029625,2026-01-14 11:10:59.919346
631.0198759536786,1.8366836484757485,2026-01-14 11:11:14.919348
628.2224900032315,0.4433118602198236,2026-01-14 11:11:29.919350
629.6578104713099,0.2284732703649363,2026-01-14 11:11:44.919352
628.877213120798,0.12397167755728342,2026-01-14 11:11:59.919353
621.0569653698269,1.243525379487544,2026-01-14 11:12:14.919355
616.879920497165,0.6725703285808233,2026-01-14 11:12:29.919357
635.4789360558942,3.0150139339500024,2026-01-14 11:12:44.919358
628.703839939978,1.0661401553237677,2026-01-14 11:12:59.919360
629.3995331914971,0.1106551618303292,2026-01-14 11:13:14.919362
623.2889388603135,0.9708609569820699,2026-01-14 11:13:29.919363
622.7384331481268,0.08832271485408702,2026-01-14 11:13:44.919365
616.1152950083575,1.0635505674970576,2026-01-14 11:13:59.919367
611.3979831229983,0.7656540786404504,2026-01-14 11:14:14.919368
598.1355866863246,2.169192048840243,2026-01-14 11:14:29.919370
666.2480113383994,11.387455648545874,2026-01-14 11:14:44.919372
614.0400599220678,7.836113658553821,2026-01-14 11:14:59.919375
614.9150094536935,0.14249062703445686,2026-01-14 11:15:14.919376
665.0943757861977,8.16037428929971,2026-01-14 11:15:29.919379
664.4853812018154,0.09156513820499351,2026-01-14 11:15:44.919380
672.2004148915569,1.161053938581425,2026-01-14 11:15:59.919383
664.7807495675129,1.1037876739842525,2026-01-14 11:16:14.919384
675.135262398209,1.5575831336019175,2026-01-14 11:16:29.919386
680.2537068151524,0.7581361398250488,2026-01-14 11:16:44.919388
661.57290146504,2.746152672592299,2026-01-14 11:16:59.919389
663.5640884069473,0.30097770593353057,2026-01-14 11:17:14.919391
675.3902510271289,1.782218602060476,2026-01-14 11:17:29.919392
680.8279221813829,0.8051154345186922,2026-01-14 11:17:44.919394
687.5740146991411,0.9908660173841994,2026-01-14 11:17:59.919396
697.707894415992,1.4738601954416657,2026-01-14 11:18:14.919398
704.5771168229688,0.9845413047428226,2026-01-14 11:18:29.919399
790.4248898609569,12.184297642972993,2026-01-14 11:18:44.919402
783.9452941542652,0.8197610917631317,2026-01-14 11:18:59.919404
820.2323702497265,4.6287765697488545,2026-01-14 11:19:14.919406
813.8872527299857,0.7735756048995034,2026-01-14 11:19:29.919408
804.904331325553,1.103705872564245,2026-01-14 11:19:44.919409
878.2158715303458,9.108106063246055,2026-01-14 11:19:59.919412
880.8988923934577,0.3055081273396474,2026-01-14 11:20:14.919413
859.1656137130316,2.467170621747009,2026-01-14 11:20:29.919416
902.4469403610746,5.037599964108811,2026-01-14 11:20:44.919418
886.3516464534947,1.7835169235700516,2026-01-14 11:20:59.919420
882.9580017663529,0.38287791315338005,2026-01-14 11:21:14.919421
906.7041319948019,2.6893838869963096,2026-01-14 11:21:29.919423
792.2979957166106,12.617802460709115,2026-01-14 11:21:44.919426
794.9595854860204,0.335932917134602,2026-01-14 11:21:59.919427
798.1907925921969,0.40646180826928907,2026-01-14 11:22:14.919429
801.8328524055861,0.45628937933013236,2026-01-14 11:22:29.919430
798.1805656177803,0.4554922858109941,2026-01-14 11:22:44.919432
774.7706109594106,2.9329146394651513,2026-01-14 11:22:59.919433
773.711083642523,0.13675367933428073,2026-01-14 11:23:14.919435
747.7138121265702,3.360074847779255,2026-01-14 11:23:29.919437
753.835537731309,0.8187257618430228,2026-01-14 11:23:44.919438
744.3385567225378,1.2598213447661033,2026-01-14 11:23:59.919440
738.027107903506,0.8479271645986227,2026-01-14 11:24:14.919441
733.4803960454818,0.6160629886536252,2026-01-14 11:24:29.919443
741.8815825889736,1.1453866509297836,2026-01-14 11:24:44.919444
755.8704270401397,1.8855899350336394,2026-01-14 11:24:59.919446
754.7023441716124,0.15453480209582368,2026-01-14 11:25:14.919448
785.073560038808,4.024264148872106,2026-01-14 11:25:29.919450
799.5008452502309,1.8376985222518116,2026-01-14 11:25:44.919452
813.8279900730637,1.7920112164920323,2026-01-14 11:25:59.919453
800.1388258111949,1.6820709571121772,2026-01-14 11:26:14.919455
795.3131876183655,0.603100116775006,2026-01-14 11:26:29.919456
801.567506797347,0.7863970164647534,2026-01-14 11:26:44.919458
818.1102510692351,2.0637992597759345,2026-01-14 11:26:59.919459
830.5358650163547,1.5188190015807552,2026-01-14 11:27:14.919461
843.3512320448849,1.543023916044588,2026-01-14 11:27:29.919463
937.2679592820235,11.136134467891562,2026-01-14 11:27:44.919465
918.7557617138056,1.9751232702330854,2026-01-14 11:27:59.919467
902.0515431348055,1.8181348379073978,2026-01-14 11:28:14.919469
948.2543467600946,5.121969357175022,2026-01-14 11:28:29.919471
960.120318032555,1.2513489986102415,2026-01-14 11:28:44.919473
935.5669899385489,2.5573178311984854,2026-01-14 11:28:59.919474
948.6597504226728,1.3994466056336528,2026-01-14 11:29:14.919476
916.258401762879,3.4154868112995764,2026-01-14 11:29:29.919478
809.2542436634694,11.67838220021053,2026-01-14 11:29:44.919480
806.5611154949789,0.3327913556929594,2026-01-14 11:29:59.919482
756.2845067495272,6.233453086143067,2026-01-14 11:30:14.919484
813.9047426479865,7.618857107903519,2026-01-14 11:30:29.919488
819.0529074773078,0.6325267023966668,2026-01-14 11:30:44.919489
829.9708346582484,1.33299413032644,2026-01-14 11:30:59.919491
823.4129599667269,0.7901331489824857,2026-01-14 11:31:14.919492
727.7110617227087,11.62258828764189,2026-01-14 11:31:29.919495
717.7701230327482,1.3660557345970983,2026-01-14 11:31:44.919496
718.7591895795456,0.13779711847274045,2026-01-14 11:31:59.919498
698.4341166557554,2.8278000780316757,2026-01-14 11:32:14.919499
695.3302673027406,0.44440116526332263,2026-01-14 11:32:29.919501
706.2828725250885,1.5751658941633715,2026-01-14 11:32:44.919503
697.1299632692887,1.295926832131209,2026-01-14 11:32:59.919504
770.8020738139153,10.567916231735445,2026-01-14 11:33:14.919507
781.2364510377795,1.3537038337526752,2026-01-14 11:33:29.919508
783.749503164591,0.32167625095746166,2026-01-14 11:33:44.919510
792.3821670342325,1.1014570133422452,2026-01-14 11:33:59.919512
784.6643887532925,0.9739969678805913,2026-01-14 11:34:14.919513
776.0277293744205,1.1006819606780458,2026-01-14 11:34:29.919515
776.4475222513562,0.054095087204441145,2026-01-14 11:34:44.919516
779.5357125340932,0.3977332909483311,2026-01-14 11:34:59.919518
787.041829188623,0.9628958024423268,2026-01-14 11:35:14.919519
803.9881821610073,2.1531705614496666,2026-01-14 11:35:29.919522
782.1595122376127,2.7150486049088687,2026-01-14 11:35:44.919523
774.0884019715562,1.0319008002557668,2026-01-14 11:35:59.919525
784.3737510002688,1.328704706402579,2026-01-14 11:36:14.919526
787.0799524940635,0.34501428564425474,2026-01-14 11:36:29.919528
801.5047733065694,1.8327008287782198,2026-01-14 11:36:44.919529
822.5392398185271,2.6243719579087483,2026-01-14 11:36:59.919531
